time,lat,lon,ele,dist_m,speed_ms,hr,cadence,temp
2026-09-13T08:47:31+00:00,,,193.39999999999998,0.0,0.0,91,0,
2026-09-13T08:47:32+00:00,,,193.39999999999998,0.0,0.0,90,0,
2026-09-13T08:47:41+00:00,56.40939127653837,-4.854586003348231,193.20000000000005,0.0,0.0,93,0,
2026-09-13T08:47:43+00:00,56.409348864108324,-4.854630762711167,193.20000000000005,4.37,11.477,93,57,
2026-09-13T08:47:44+00:00,56.409394796937704,-4.8546654637902975,193.0,4.37,11.477,93,57,
2026-09-13T08:47:46+00:00,56.409372836351395,-4.854689184576273,193.0,5.44,8.388,90,57,
2026-09-13T08:47:48+00:00,56.40935691073537,-4.854720197618008,193.0,6.34,6.14,95,0,
2026-09-13T08:47:50+00:00,56.40939370729029,-4.854743247851729,193.20000000000005,6.34,5.085,94,0,
2026-09-13T08:47:51+00:00,56.40941332094371,-4.85475649125874,193.20000000000005,6.34,4.777,97,0,
2026-09-13T08:47:52+00:00,56.409412985667586,-4.854750456288457,193.20000000000005,6.66,4.488,98,0,
2026-09-13T08:47:53+00:00,56.40941985882819,-4.854752467945218,193.39999999999998,6.66,4.329,101,0,
2026-09-13T08:47:56+00:00,56.409408543258905,-4.854745343327522,193.60000000000002,8.73,3.574,105,0,
2026-09-13T08:47:58+00:00,56.40944399870932,-4.854779960587621,193.20000000000005,8.73,3.238,106,0,
2026-09-13T08:48:00+00:00,56.40947945415974,-4.854826983064413,193.20000000000005,11.3,3.107,103,0,
2026-09-13T08:48:01+00:00,56.40949185937643,-4.854843830689788,193.20000000000005,13.01,3.088,106,0,
2026-09-13T08:48:02+00:00,56.40949663706124,-4.854841399937868,193.20000000000005,13.41,3.07,106,0,
2026-09-13T08:48:04+00:00,56.409473083913326,-4.854817092418671,193.39999999999998,16.29,2.883,107,0,
2026-09-13T08:48:06+00:00,56.409474425017834,-4.854816924780607,193.39999999999998,16.73,2.762,107,0,
2026-09-13T08:48:07+00:00,56.40947752632201,-4.854825139045715,193.60000000000002,17.0,2.659,107,0,
2026-09-13T08:48:10+00:00,56.409468641504645,-4.854846512898803,193.60000000000002,18.33,2.071,104,0,
2026-09-13T08:48:11+00:00,56.40946822240949,-4.854851793497801,193.60000000000002,18.64,1.913,107,0,
2026-09-13T08:48:12+00:00,56.409464785829186,-4.8548507038503885,193.39999999999998,18.84,1.754,106,0,
2026-09-13T08:48:14+00:00,56.409456906840205,-4.854842657223344,193.39999999999998,19.82,1.484,106,0,
2026-09-13T08:48:15+00:00,56.409451458603144,-4.854836538434029,193.39999999999998,20.51,1.39,107,0,
2026-09-13T08:48:20+00:00,56.40944592654705,-4.8548357002437115,193.79999999999995,21.02,0.0,105,0,
2026-09-13T08:48:26+00:00,56.40943075530231,-4.854839891195297,194.0,22.64,0.0,102,0,
2026-09-13T08:48:30+00:00,56.40943075530231,-4.854839891195297,194.39999999999998,22.64,0.0,99,0,
2026-09-13T08:48:33+00:00,56.40943075530231,-4.854839891195297,194.39999999999998,22.64,0.0,96,0,
2026-09-13T08:48:37+00:00,56.40943075530231,-4.854839891195297,194.39999999999998,22.64,0.0,93,0,
2026-09-13T08:48:44+00:00,56.40942296013236,-4.854857074096799,194.39999999999998,23.85,0.0,90,0,
2026-09-13T08:48:47+00:00,56.40942136757076,-4.854888757690787,194.60000000000002,24.77,0.0,87,0,
2026-09-13T08:49:11+00:00,56.40941692516208,-4.854923626407981,195.39999999999998,26.06,0.0,89,0,
2026-09-13T08:49:20+00:00,56.40941130928695,-4.854867970570922,194.60000000000002,29.24,1.148,87,55,
2026-09-13T08:49:22+00:00,56.409405106678605,-4.854814661666751,194.39999999999998,32.54,1.213,88,59,
2026-09-13T08:49:25+00:00,56.40939177945256,-4.854703014716506,193.20000000000005,39.58,1.297,87,61,
2026-09-13T08:49:28+00:00,56.40938029624522,-4.854637971147895,193.0,43.85,1.428,86,62,
2026-09-13T08:49:29+00:00,56.40938205644488,-4.854645263403654,193.0,44.31,1.418,86,62,
2026-09-13T08:49:33+00:00,56.4093881752342,-4.854686418548226,193.79999999999995,46.85,0.98,85,0,
2026-09-13T08:49:36+00:00,56.40939203090966,-4.8546958062797785,194.20000000000005,47.43,0.0,88,0,
2026-09-13T08:49:39+00:00,56.40940041281283,-4.854682981967926,193.20000000000005,47.43,0.0,89,0,
2026-09-13T08:49:55+00:00,56.40940041281283,-4.854682981967926,193.39999999999998,47.43,0.0,95,0,
2026-09-13T08:49:56+00:00,56.40940041281283,-4.854682981967926,193.39999999999998,47.43,0.0,90,0,
2026-09-13T08:50:06+00:00,56.40940636396408,-4.854671414941549,193.79999999999995,47.43,0.0,93,0,
2026-09-13T08:50:08+00:00,56.40940636396408,-4.85466655343771,194.20000000000005,47.43,0.0,96,0,
2026-09-13T08:50:09+00:00,56.40940636396408,-4.85466118901968,194.39999999999998,47.43,0.0,92,0,
2026-09-13T08:50:21+00:00,56.409389432519674,-4.854602934792638,194.79999999999995,49.82,0.0,89,0,
2026-09-13T08:50:23+00:00,56.40936378389597,-4.854584326967597,195.0,52.83,0.233,89,0,
2026-09-13T08:50:29+00:00,56.40927602536976,-4.854520205408335,195.20000000000005,63.1,1.372,90,59,
2026-09-13T08:50:30+00:00,56.40926940366626,-4.854521127417684,195.20000000000005,63.83,1.39,90,59,
2026-09-13T08:50:35+00:00,56.40921039506793,-4.854508889839053,195.0,70.48,1.362,93,58,
2026-09-13T08:50:39+00:00,56.40916110947728,-4.854498580098152,194.79999999999995,75.99,1.372,92,58,
2026-09-13T08:50:42+00:00,56.409133449196815,-4.854490030556917,194.79999999999995,79.31,1.381,92,55,
2026-09-13T08:50:44+00:00,56.40912674367428,-4.854476535692811,194.79999999999995,80.45,1.381,92,55,
2026-09-13T08:50:46+00:00,56.40911576338112,-4.85445256344974,194.60000000000002,82.4,1.372,92,55,
2026-09-13T08:50:48+00:00,56.4091064594686,-4.85444325953722,194.60000000000002,83.63,1.362,93,0,
2026-09-13T08:50:49+00:00,56.4091067109257,-4.854449713602662,194.60000000000002,83.63,1.353,93,0,
2026-09-13T08:50:58+00:00,56.409043511375785,-4.8543156031519175,194.60000000000002,94.56,1.288,92,53,
2026-09-13T08:51:02+00:00,56.40905549749732,-4.854288278147578,194.60000000000002,97.0,1.194,93,0,
2026-09-13T08:51:04+00:00,56.40905248001218,-4.85427369363606,194.60000000000002,98.01,1.12,91,0,
2026-09-13T08:51:10+00:00,56.40906480140984,-4.854295738041401,194.60000000000002,101.81,0.933,89,0,
2026-09-13T08:51:13+00:00,56.40905633568764,-4.85430252738297,194.60000000000002,101.95,0.849,86,0,
2026-09-13T08:51:14+00:00,56.40904996544123,-4.85429666005075,194.60000000000002,102.73,0.83,89,0,
2026-09-13T08:51:17+00:00,56.40903580002487,-4.854298252612352,194.60000000000002,104.85,0.774,88,0,
2026-09-13T08:51:22+00:00,56.40901400707662,-4.8542502243071795,194.79999999999995,108.74,0.728,88,0,
2026-09-13T08:51:28+00:00,56.409016689285636,-4.854271346703172,194.79999999999995,109.48,0.681,88,0,
2026-09-13T08:51:34+00:00,56.40902616083622,-4.854272184893489,194.79999999999995,110.09,0.0,86,0,
2026-09-13T08:51:36+00:00,56.40902616083622,-4.854272184893489,194.79999999999995,110.09,0.0,90,0,
2026-09-13T08:51:39+00:00,56.40902616083622,-4.854272184893489,194.79999999999995,110.09,0.0,93,0,
2026-09-13T08:51:40+00:00,56.40902616083622,-4.854272184893489,194.79999999999995,110.09,0.0,90,0,
2026-09-13T08:51:57+00:00,56.40902129933238,-4.8542578518390656,195.20000000000005,110.95,0.0,87,74,
2026-09-13T08:52:11+00:00,56.409014258533716,-4.854249721392989,195.20000000000005,111.85,0.0,84,0,
2026-09-13T08:52:13+00:00,56.40901098959148,-4.854249637573957,195.20000000000005,112.2,0.0,81,0,
2026-09-13T08:52:17+00:00,56.40900705009699,-4.854246703907847,195.20000000000005,112.68,0.0,78,0,
2026-09-13T08:52:28+00:00,56.408981401473284,-4.85422289930284,195.60000000000002,115.84,0.0,77,0,
2026-09-13T08:52:46+00:00,56.40895491465926,-4.854214685037732,195.79999999999995,118.81,0.0,78,0,
2026-09-13T08:52:54+00:00,56.40895491465926,-4.854214685037732,196.39999999999998,118.81,0.0,74,0,
2026-09-13T08:53:01+00:00,56.40895298682153,-4.85417696647346,197.0,122.62,0.0,75,0,
2026-09-13T08:53:23+00:00,56.40896555967629,-4.854156598448753,197.20000000000005,124.12,0.0,74,0,
2026-09-13T08:53:27+00:00,56.40896555967629,-4.854154754430056,197.20000000000005,124.23,0.0,77,0,
2026-09-13T08:53:31+00:00,56.40896555967629,-4.854154586791992,197.0,124.24,0.0,80,0,
2026-09-13T08:53:34+00:00,56.40896555967629,-4.854154586791992,197.20000000000005,124.24,0.0,83,0,
2026-09-13T08:53:41+00:00,56.408955585211515,-4.854152072221041,196.79999999999995,124.29,0.0,86,0,
2026-09-13T08:53:49+00:00,56.40892758965492,-4.854152658954263,197.0,126.69,0.0,84,0,
2026-09-13T08:54:00+00:00,56.40891627408564,-4.854152156040072,197.20000000000005,127.64,0.0,81,0,
2026-09-13T08:54:16+00:00,56.408914094790816,-4.854153078049421,197.60000000000002,127.94,0.0,81,0,
2026-09-13T08:54:29+00:00,56.408919375389814,-4.854160454124212,198.39999999999998,128.06,0.0,84,0,
2026-09-13T08:54:32+00:00,56.40891962684691,-4.854160537943244,198.39999999999998,128.06,0.0,87,0,
2026-09-13T08:54:37+00:00,56.40892054885626,-4.854160537943244,198.0,128.06,0.0,90,0,
2026-09-13T08:54:52+00:00,56.4089217223227,-4.854153580963612,198.0,128.06,0.0,93,0,
2026-09-13T08:55:00+00:00,56.408927757292986,-4.854136481881142,198.20000000000005,128.06,0.0,96,0,
2026-09-13T08:55:03+00:00,56.40892834402621,-4.854135978966951,198.60000000000002,128.06,0.0,97,0,
2026-09-13T08:55:39+00:00,56.40898693352938,-4.854108234867454,198.60000000000002,128.06,0.0,94,0,
2026-09-13T08:55:49+00:00,56.408989699557424,-4.854111084714532,198.20000000000005,128.08,0.0,91,0,
2026-09-13T08:56:04+00:00,56.409006882458925,-4.854121394455433,199.0,128.08,0.0,88,78,
2026-09-13T08:56:12+00:00,56.40900897793472,-4.85413053072989,198.60000000000002,128.28,0.0,92,0,
2026-09-13T08:56:25+00:00,56.40900696627796,-4.854136984795332,198.60000000000002,128.71,0.0,89,0,
2026-09-13T08:56:39+00:00,56.40898919664323,-4.854125753045082,198.79999999999995,129.76,0.0,93,0,
2026-09-13T08:56:44+00:00,56.40898425132036,-4.854123992845416,198.60000000000002,130.1,0.0,96,0,
2026-09-13T08:57:05+00:00,56.408980982378125,-4.854120388627052,198.79999999999995,130.29,0.0,99,0,
2026-09-13T08:57:07+00:00,56.408980982378125,-4.854120220988989,199.0,130.29,0.0,96,0,
2026-09-13T08:57:15+00:00,56.408981401473284,-4.854120723903179,198.79999999999995,130.3,0.0,99,0,
2026-09-13T08:57:16+00:00,56.408981401473284,-4.854120891541243,198.79999999999995,130.31,0.0,95,0,
2026-09-13T08:57:37+00:00,56.408981485292315,-4.854122148826718,198.20000000000005,130.38,0.0,98,0,
2026-09-13T08:57:38+00:00,56.408981401473284,-4.854122065007687,198.20000000000005,130.38,0.0,95,0,
2026-09-13T08:57:45+00:00,56.40898165293038,-4.854122065007687,199.20000000000005,130.39,0.0,92,0,
2026-09-13T08:57:47+00:00,56.40898156911135,-4.854122148826718,199.20000000000005,130.4,0.0,95,69,
2026-09-13T08:57:51+00:00,56.40898165293038,-4.854122651740909,199.0,130.42,0.0,91,0,
2026-09-13T08:58:05+00:00,56.40898215584457,-4.854123909026384,198.79999999999995,130.45,0.0,88,0,
2026-09-13T08:58:15+00:00,56.40898232348263,-4.854124244302511,198.60000000000002,130.47,0.0,85,0,
2026-09-13T08:58:34+00:00,56.408982910215855,-4.854124998673797,198.39999999999998,130.49,0.0,88,0,
2026-09-13T08:59:12+00:00,56.40898416750133,-4.854126339778304,198.39999999999998,130.56,0.0,91,0,
2026-09-13T08:59:15+00:00,56.40898450277746,-4.8541265074163675,198.20000000000005,130.56,0.0,94,0,
2026-09-13T08:59:20+00:00,56.408984921872616,-4.854126842692494,198.39999999999998,130.57,0.0,97,0,
2026-09-13T08:59:47+00:00,56.40895726159215,-4.854015866294503,198.60000000000002,138.03,0.0,95,0,
2026-09-13T08:59:50+00:00,56.408949214965105,-4.853984517976642,198.60000000000002,138.46,0.0,92,0,
2026-09-13T08:59:51+00:00,56.408948209136724,-4.853976387530565,198.60000000000002,138.46,0.0,95,0,
2026-09-13T08:59:52+00:00,56.40894636511803,-4.853965742513537,198.60000000000002,138.46,0.0,96,0,
2026-09-13T08:59:58+00:00,56.40894158743322,-4.853958701714873,198.60000000000002,139.14,0.0,93,0,
2026-09-13T09:00:06+00:00,56.40894158743322,-4.853958701714873,198.60000000000002,139.14,0.0,90,0,
2026-09-13T09:00:10+00:00,56.408943766728044,-4.853958701714873,198.60000000000002,139.14,0.0,87,0,
2026-09-13T09:00:18+00:00,56.408944772556424,-4.853959959000349,198.60000000000002,139.14,0.0,90,0,
2026-09-13T09:00:25+00:00,56.40897503122687,-4.854064732789993,198.60000000000002,146.37,0.0,91,0,
2026-09-13T09:00:26+00:00,56.40897972509265,-4.854090800508857,198.60000000000002,147.93,0.0,88,0,
2026-09-13T09:00:28+00:00,56.40897679142654,-4.85412516631186,198.60000000000002,149.83,0.0,91,0,
2026-09-13T09:00:29+00:00,56.40897519886494,-4.854139080271125,198.60000000000002,150.59,0.0,97,0,
2026-09-13T09:00:30+00:00,56.40897494740784,-4.854148048907518,198.60000000000002,151.02,0.0,102,0,
2026-09-13T09:00:31+00:00,56.40897595323622,-4.854148803278804,198.60000000000002,151.02,0.0,99,0,
2026-09-13T09:00:34+00:00,56.40897788107395,-4.854156514629722,198.60000000000002,151.54,0.0,102,51,
2026-09-13T09:00:35+00:00,56.40897989273071,-4.854157017543912,198.60000000000002,151.77,0.0,100,51,
2026-09-13T09:00:42+00:00,56.40900067985058,-4.854167830199003,198.60000000000002,154.51,0.0,100,0,
2026-09-13T09:00:52+00:00,56.4090028591454,-4.85417109914124,198.60000000000002,154.93,0.0,102,0,
2026-09-13T09:01:29+00:00,56.408999506384134,-4.854180905967951,198.60000000000002,155.16,0.0,99,0,
2026-09-13T09:01:30+00:00,56.40899925492704,-4.854182414710522,198.60000000000002,155.16,0.0,96,0,
2026-09-13T09:01:35+00:00,56.40899833291769,-4.854193227365613,198.60000000000002,155.16,0.0,90,0,
2026-09-13T09:01:36+00:00,56.40899749472737,-4.854194317013025,198.60000000000002,155.16,0.0,93,0,
2026-09-13T09:01:37+00:00,56.40899674035609,-4.854194819927216,198.60000000000002,155.16,0.0,90,0,
2026-09-13T09:01:40+00:00,56.4089962374419,-4.8541986756026745,198.60000000000002,155.16,0.0,87,0,
2026-09-13T09:01:41+00:00,56.4089962374419,-4.85419892705977,198.60000000000002,155.16,0.0,84,0,
2026-09-13T09:01:44+00:00,56.4089962374419,-4.854199513792992,198.60000000000002,155.16,0.0,80,0,
2026-09-13T09:01:46+00:00,56.4089962374419,-4.854200351983309,198.60000000000002,155.16,0.0,76,0,
2026-09-13T09:02:08+00:00,56.40899933874607,-4.854210410267115,198.60000000000002,155.49,0.0,72,0,
2026-09-13T09:02:14+00:00,56.40899984166026,-4.854211248457432,198.60000000000002,155.55,0.0,69,0,
2026-09-13T09:02:41+00:00,56.40900755301118,-4.854209739714861,198.60000000000002,156.41,0.0,66,0,
2026-09-13T09:02:54+00:00,56.409016689285636,-4.854220384731889,198.60000000000002,157.42,0.0,69,0,
2026-09-13T09:02:55+00:00,56.409017108380795,-4.854221306741238,198.60000000000002,157.46,0.0,65,0,
2026-09-13T09:03:09+00:00,56.40902339480817,-4.854226252064109,198.60000000000002,158.15,0.0,69,0,
2026-09-13T09:03:16+00:00,56.409023981541395,-4.854225916787982,198.60000000000002,158.24,0.0,74,0,
2026-09-13T09:03:19+00:00,56.409023478627205,-4.854225581511855,198.60000000000002,158.24,0.0,77,0,
2026-09-13T09:03:21+00:00,56.4090031106025,-4.854235975071788,198.60000000000002,160.51,0.0,80,0,
2026-09-13T09:03:25+00:00,56.408944269642234,-4.854267407208681,198.60000000000002,166.83,0.606,80,50,
2026-09-13T09:03:27+00:00,56.40891317278147,-4.854295402765274,198.60000000000002,170.49,1.017,80,50,
2026-09-13T09:03:30+00:00,56.40887847170234,-4.854341000318527,198.60000000000002,175.21,1.213,79,50,
2026-09-13T09:03:32+00:00,56.408857768401504,-4.854340497404337,198.60000000000002,177.53,1.213,79,55,
2026-09-13T09:03:36+00:00,56.40881510451436,-4.854327505454421,198.60000000000002,182.4,1.26,78,55,
2026-09-13T09:03:39+00:00,56.408772859722376,-4.85433429479599,198.60000000000002,187.1,1.278,77,0,
2026-09-13T09:03:40+00:00,56.40876095741987,-4.854337312281132,198.39999999999998,188.44,1.278,77,0,
2026-09-13T09:03:45+00:00,56.40873949974775,-4.854345358908176,198.39999999999998,190.88,1.278,76,0,
2026-09-13T09:03:46+00:00,56.40873874537647,-4.854348376393318,198.39999999999998,191.09,1.232,77,0,
2026-09-13T09:03:49+00:00,56.40872382558882,-4.854365391656756,198.20000000000005,193.02,1.082,77,0,
2026-09-13T09:03:53+00:00,56.4087060559541,-4.854432614520192,198.60000000000002,197.82,1.054,75,0,
2026-09-13T09:04:00+00:00,56.40867353416979,-4.854498244822025,198.60000000000002,203.05,1.092,72,0,
2026-09-13T09:04:07+00:00,56.40865920111537,-4.854492209851742,198.60000000000002,204.52,0.0,74,0,
2026-09-13T09:04:14+00:00,56.4086299482733,-4.854603353887796,199.0,212.29,0.0,76,0,
2026-09-13T09:04:19+00:00,56.4085765555501,-4.854678539559245,199.0,219.77,0.0,73,57,
2026-09-13T09:04:22+00:00,56.40854621306062,-4.854716006666422,198.79999999999995,223.84,0.28,77,55,
2026-09-13T09:04:24+00:00,56.408518217504025,-4.854728663340211,198.79999999999995,227.06,1.213,80,55,
2026-09-13T09:04:29+00:00,56.40849977731705,-4.854734111577272,198.79999999999995,229.53,0.0,79,0,
2026-09-13T09:04:34+00:00,56.408461052924395,-4.854766465723515,198.79999999999995,234.56,0.0,80,53,
2026-09-13T09:04:38+00:00,56.408423921093345,-4.8547965567559,198.79999999999995,239.1,0.0,77,0,
2026-09-13T09:04:39+00:00,56.408413695171475,-4.854803429916501,199.0,240.31,0.0,80,0,
2026-09-13T09:04:43+00:00,56.40839550644159,-4.854838214814663,199.60000000000002,243.27,0.0,78,0,
2026-09-13T09:04:44+00:00,56.40838561579585,-4.854840477928519,199.79999999999995,244.36,0.0,80,0,
2026-09-13T09:04:45+00:00,56.40837153419852,-4.8548460099846125,200.0,245.92,0.0,77,0,
2026-09-13T09:04:53+00:00,56.40829995274544,-4.854917004704475,200.60000000000002,255.18,0.0,77,51,
2026-09-13T09:04:56+00:00,56.40827430412173,-4.854963859543204,200.60000000000002,259.26,0.0,80,51,
2026-09-13T09:05:00+00:00,56.40824538655579,-4.8549923580139875,200.39999999999998,262.91,0.383,77,0,
2026-09-13T09:05:02+00:00,56.40823130495846,-4.855027478188276,200.39999999999998,265.49,0.485,79,0,
2026-09-13T09:05:06+00:00,56.40820540487766,-4.855073746293783,200.39999999999998,269.52,0.718,76,0,
2026-09-13T09:05:08+00:00,56.408188389614224,-4.85508481040597,200.20000000000005,271.35,0.802,74,0,
2026-09-13T09:05:18+00:00,56.408106749877334,-4.855174496769905,200.0,282.15,1.148,76,0,
2026-09-13T09:05:20+00:00,56.40809275209904,-4.855197547003627,199.79999999999995,284.34,1.166,75,0,
2026-09-13T09:05:25+00:00,56.408075066283345,-4.855270469561219,199.39999999999998,289.22,1.166,73,0,
2026-09-13T09:05:28+00:00,56.408056458458304,-4.855304080992937,199.20000000000005,292.23,1.166,72,0,
2026-09-13T09:05:30+00:00,56.408044807612896,-4.855310367420316,199.20000000000005,293.59,1.157,72,0,
2026-09-13T09:05:31+00:00,56.40803625807166,-4.855314893648028,199.20000000000005,294.57,1.148,72,0,
2026-09-13T09:05:34+00:00,56.40801974572241,-4.855323527008295,199.39999999999998,296.47,1.12,73,58,
2026-09-13T09:05:36+00:00,56.40800499357283,-4.855332747101784,199.39999999999998,298.09,1.11,73,0,
2026-09-13T09:05:38+00:00,56.40799166634679,-4.8553460743278265,199.39999999999998,299.77,1.092,73,0,
2026-09-13T09:05:46+00:00,56.40796727500856,-4.855453781783581,199.20000000000005,307.0,1.045,75,0,
2026-09-13T09:05:51+00:00,56.40792637132108,-4.85550407320261,199.20000000000005,312.85,1.036,75,55,
2026-09-13T09:05:54+00:00,56.40791220590472,-4.855528799816966,199.20000000000005,315.06,1.045,75,0,
2026-09-13T09:06:01+00:00,56.407863926142454,-4.8556023091077805,199.20000000000005,322.08,1.054,75,0,
2026-09-13T09:06:02+00:00,56.40785629861057,-4.855612451210618,199.39999999999998,323.13,1.054,74,0,
2026-09-13T09:06:08+00:00,56.407800475135446,-4.855696186423302,199.20000000000005,331.22,1.054,77,0,
2026-09-13T09:06:10+00:00,56.40779335051775,-4.85571663826704,199.20000000000005,332.69,1.064,77,0,
2026-09-13T09:06:18+00:00,56.40776636078954,-4.855809677392244,199.20000000000005,339.13,1.064,76,0,
2026-09-13T09:06:25+00:00,56.407701736316085,-4.855838343501091,199.20000000000005,346.57,1.036,78,0,
2026-09-13T09:06:27+00:00,56.40768480487168,-4.855845216661692,199.39999999999998,348.48,1.036,79,0,
2026-09-13T09:06:31+00:00,56.407650439068675,-4.8558517545461655,199.39999999999998,352.42,1.045,81,61,
2026-09-13T09:06:33+00:00,56.40763593837619,-4.855851670727134,199.39999999999998,354.05,1.054,83,61,
2026-09-13T09:06:35+00:00,56.407638704404235,-4.855852173641324,199.39999999999998,354.4,1.054,79,0,
2026-09-13T09:06:36+00:00,56.40763987787068,-4.8558523412793875,199.39999999999998,354.4,1.054,76,0,
2026-09-13T09:06:37+00:00,56.40764188952744,-4.855859130620956,199.39999999999998,354.4,1.045,80,0,
2026-09-13T09:06:38+00:00,56.40764473937452,-4.855864327400923,199.39999999999998,354.4,1.026,80,0,
2026-09-13T09:06:44+00:00,56.40765664167702,-4.855868685990572,199.39999999999998,355.76,0.952,80,0,
2026-09-13T09:06:46+00:00,56.407654797658324,-4.855874301865697,199.20000000000005,355.76,0.914,81,0,
2026-09-13T09:06:49+00:00,56.40765546821058,-4.855875056236982,199.20000000000005,355.84,0.84,77,0,
2026-09-13T09:06:51+00:00,56.40765546821058,-4.855875056236982,199.20000000000005,355.84,0.756,81,0,
2026-09-13T09:06:53+00:00,56.40765546821058,-4.855875056236982,199.39999999999998,355.84,0.681,84,0,
2026-09-13T09:07:00+00:00,56.40765588730574,-4.855874301865697,199.39999999999998,355.89,0.0,88,0,
2026-09-13T09:07:01+00:00,56.40765597112477,-4.855873882770538,199.39999999999998,355.89,0.0,91,0,
2026-09-13T09:07:02+00:00,56.40765639021993,-4.855872876942158,199.39999999999998,355.91,0.0,91,0,
2026-09-13T09:07:04+00:00,56.40765655785799,-4.8558723740279675,199.39999999999998,355.93,0.0,93,0,
2026-09-13T09:07:08+00:00,56.40765815041959,-4.8558723740279675,199.39999999999998,356.1,0.0,96,0,
2026-09-13T09:07:23+00:00,56.407671980559826,-4.855873798951507,199.39999999999998,357.6,0.0,93,0,
2026-09-13T09:07:25+00:00,56.40767281875014,-4.855873798951507,199.39999999999998,357.69,0.0,90,0,
2026-09-13T09:07:27+00:00,56.40767457894981,-4.855876564979553,199.39999999999998,357.93,0.0,87,0,
2026-09-13T09:07:35+00:00,56.40768690034747,-4.855883102864027,199.39999999999998,359.35,0.0,84,0,
2026-09-13T09:07:42+00:00,56.40769016928971,-4.855881426483393,199.39999999999998,359.67,0.0,89,0,
2026-09-13T09:07:43+00:00,56.40769033692777,-4.855881426483393,199.39999999999998,359.68,0.0,84,0,
2026-09-13T09:07:48+00:00,56.407698802649975,-4.855851670727134,199.39999999999998,361.6,0.0,84,0,
2026-09-13T09:07:55+00:00,56.40771925449371,-4.855840522795916,199.39999999999998,364.65,0.0,83,0,
2026-09-13T09:08:01+00:00,56.40770835801959,-4.8558638244867325,199.39999999999998,367.26,0.0,84,0,
2026-09-13T09:08:07+00:00,56.407689498737454,-4.8558568675071,199.39999999999998,369.5,0.0,84,0,
2026-09-13T09:08:13+00:00,56.40768748708069,-4.8558340687304735,199.39999999999998,371.0,0.0,83,0,
2026-09-13T09:08:20+00:00,56.40769016928971,-4.855766426771879,199.39999999999998,375.18,0.0,85,0,
2026-09-13T09:08:25+00:00,56.40765613876283,-4.855784364044666,199.39999999999998,379.88,0.0,87,0,
2026-09-13T09:08:32+00:00,56.40762152150273,-4.855816885828972,199.39999999999998,380.38,0.0,87,0,
2026-09-13T09:08:33+00:00,56.40760777518153,-4.855839097872376,199.39999999999998,380.38,0.0,90,0,
2026-09-13T09:08:34+00:00,56.40758749097586,-4.855868266895413,199.39999999999998,380.38,0.0,89,0,
2026-09-13T09:08:37+00:00,56.40761045739055,-4.855855777859688,199.39999999999998,380.38,0.0,91,0,
2026-09-13T09:08:39+00:00,56.407594196498394,-4.8558420315384865,199.39999999999998,383.57,0.0,91,0,
2026-09-13T09:08:40+00:00,56.40758380293846,-4.855846306309104,199.39999999999998,384.63,2.211,90,0,
2026-09-13T09:08:42+00:00,56.407610876485705,-4.855838343501091,199.39999999999998,387.62,2.193,90,0,
2026-09-13T09:08:46+00:00,56.407603584229946,-4.8558735474944115,199.0,389.27,1.997,93,0,
2026-09-13T09:08:47+00:00,56.407606014981866,-4.855872038751841,198.79999999999995,389.56,1.829,93,0,
2026-09-13T09:08:48+00:00,56.407590340822935,-4.855873212218285,198.79999999999995,389.56,0.0,91,0,
2026-09-13T09:08:51+00:00,56.40759302303195,-4.855869859457016,198.79999999999995,389.9,0.0,92,0,
2026-09-13T09:08:56+00:00,56.407591849565506,-4.855878325179219,198.39999999999998,390.48,0.0,93,0,
2026-09-13T09:09:03+00:00,56.407587910071015,-4.855874301865697,198.39999999999998,391.3,0.0,90,0,
2026-09-13T09:09:04+00:00,56.407599644735456,-4.855870697647333,198.39999999999998,392.58,0.0,89,0,
2026-09-13T09:09:08+00:00,56.40761389397085,-4.855848150327802,198.39999999999998,396.19,0.0,88,0,
2026-09-13T09:09:13+00:00,56.40759536996484,-4.855849407613277,199.39999999999998,398.35,0.0,91,0,
2026-09-13T09:09:18+00:00,56.40759989619255,-4.855845216661692,199.0,398.92,0.0,91,0,
2026-09-13T09:09:22+00:00,56.407600566744804,-4.85584513284266,199.0,398.99,0.0,94,0,
2026-09-13T09:09:26+00:00,56.407600566744804,-4.85584513284266,199.0,398.99,0.0,98,0,
2026-09-13T09:09:46+00:00,56.40760031528771,-4.855837756767869,199.20000000000005,399.18,0.0,95,0,
2026-09-13T09:10:06+00:00,56.40759754925966,-4.855816969648004,199.0,399.8,0.0,92,0,
2026-09-13T09:10:31+00:00,56.40760182403028,-4.855774641036987,199.0,401.24,0.0,95,0,
2026-09-13T09:10:37+00:00,56.40760023146868,-4.85576793551445,199.0,401.32,0.0,98,0,
2026-09-13T09:10:44+00:00,56.40759109519422,-4.855754524469376,199.0,401.38,0.0,102,0,
2026-09-13T09:10:51+00:00,56.40759092755616,-4.855750082060695,199.0,401.47,0.0,106,0,
2026-09-13T09:10:54+00:00,56.40759092755616,-4.855749914422631,199.0,401.48,0.0,103,0,
2026-09-13T09:11:21+00:00,56.40760291367769,-4.855774054303765,199.0,402.88,0.0,100,0,
2026-09-13T09:11:25+00:00,56.407600650563836,-4.855784028768539,199.0,403.16,0.0,99,0,
2026-09-13T09:11:28+00:00,56.40760341659188,-4.855790734291077,199.0,403.81,0.0,96,0,
2026-09-13T09:11:30+00:00,56.407607439905405,-4.8557972721755505,199.0,404.61,0.0,94,0,
2026-09-13T09:11:35+00:00,56.407595202326775,-4.855809425935149,199.0,406.65,0.0,91,0,
2026-09-13T09:11:42+00:00,56.407602997496724,-4.855823591351509,199.0,409.69,0.0,91,0,
2026-09-13T09:11:47+00:00,56.407587407156825,-4.8558093421161175,199.0,413.2,0.0,92,0,
2026-09-13T09:11:50+00:00,56.40758506022394,-4.855809593573213,199.0,415.9,0.0,91,0,
2026-09-13T09:11:52+00:00,56.40755622647703,-4.855794422328472,199.0,419.31,0.0,91,0,
2026-09-13T09:11:56+00:00,56.40754172578454,-4.855804480612278,199.0,420.91,0.0,91,0,
2026-09-13T09:12:02+00:00,56.40752739273012,-4.855774557217956,199.0,424.61,0.0,92,0,
2026-09-13T09:12:08+00:00,56.40752504579723,-4.855762738734484,199.0,426.75,0.0,91,0,
2026-09-13T09:12:11+00:00,56.40753258951008,-4.855769108980894,199.0,427.74,0.0,94,0,
2026-09-13T09:12:14+00:00,56.40753745101392,-4.855780592188239,199.0,428.7,0.0,91,0,
2026-09-13T09:12:15+00:00,56.407535104081035,-4.855782268568873,199.0,428.95,0.0,91,0,
2026-09-13T09:12:22+00:00,56.4075352717191,-4.855781011283398,199.0,429.1,0.0,91,0,
2026-09-13T09:12:26+00:00,56.4075352717191,-4.855781011283398,199.0,429.1,0.914,91,60,
2026-09-13T09:12:36+00:00,56.407543485984206,-4.855775311589241,198.0,430.05,0.0,92,0,
2026-09-13T09:12:40+00:00,56.407568799331784,-4.855773970484734,198.60000000000002,432.05,0.0,92,0,
2026-09-13T09:12:45+00:00,56.407601153478026,-4.855768857523799,198.60000000000002,434.64,0.0,92,0,
2026-09-13T09:12:55+00:00,56.407605009153485,-4.855766845867038,199.20000000000005,435.08,0.0,89,0,
2026-09-13T09:12:58+00:00,56.407601572573185,-4.8557651694864035,199.39999999999998,435.08,0.0,89,0,
2026-09-13T09:13:02+00:00,56.4076008182019,-4.855764163658023,199.20000000000005,435.09,0.0,86,0,
2026-09-13T09:13:03+00:00,56.4076008182019,-4.855764163658023,199.0,435.09,0.0,89,0,
2026-09-13T09:13:12+00:00,56.40760484151542,-4.855766845867038,198.79999999999995,435.41,0.0,86,0,
2026-09-13T09:13:23+00:00,56.40760903246701,-4.855791321024299,198.0,435.53,0.0,89,0,
2026-09-13T09:13:24+00:00,56.40760903246701,-4.8557934165000916,198.0,435.53,0.0,86,0,
2026-09-13T09:13:35+00:00,56.407609367743134,-4.855800708755851,198.39999999999998,435.55,0.0,89,0,
2026-09-13T09:13:51+00:00,56.407614313066006,-4.855796433985233,198.60000000000002,436.22,0.0,92,0,
2026-09-13T09:14:01+00:00,56.407615235075355,-4.855798110365868,198.60000000000002,436.29,0.0,88,0,
2026-09-13T09:14:06+00:00,56.407615737989545,-4.855802385136485,198.79999999999995,436.31,0.0,91,0,
2026-09-13T09:14:12+00:00,56.40761875547469,-4.855803055688739,198.79999999999995,436.61,0.0,88,0,
2026-09-13T09:14:15+00:00,56.40762202441692,-4.855803055688739,199.0,436.93,0.0,84,0,
2026-09-13T09:14:16+00:00,56.40762219205499,-4.855803055688739,199.0,436.95,0.0,88,0,
2026-09-13T09:14:21+00:00,56.407623030245304,-4.855803055688739,198.79999999999995,437.03,0.0,85,0,
2026-09-13T09:14:27+00:00,56.40762336552143,-4.85580213367939,198.79999999999995,437.09,0.0,88,0,
2026-09-13T09:14:31+00:00,56.407623533159494,-4.855802049860358,198.79999999999995,437.11,0.0,91,0,
2026-09-13T09:14:33+00:00,56.40762344934046,-4.855801714584231,198.79999999999995,437.12,0.0,97,0,
2026-09-13T09:14:34+00:00,56.40762344934046,-4.8558013793081045,198.79999999999995,437.13,0.0,100,0,
2026-09-13T09:14:41+00:00,56.40762294642627,-4.855672046542168,198.60000000000002,445.18,0.271,101,60,
2026-09-13T09:14:49+00:00,56.40764666721225,-4.855472557246685,199.20000000000005,457.76,1.409,98,56,
2026-09-13T09:14:52+00:00,56.40764197334647,-4.855405669659376,199.79999999999995,461.78,1.418,101,58,
2026-09-13T09:14:55+00:00,56.407638201490045,-4.855348169803619,200.20000000000005,465.36,1.428,104,59,
2026-09-13T09:14:58+00:00,56.40762998722494,-4.855300392955542,200.39999999999998,468.46,1.428,107,59,
2026-09-13T09:14:59+00:00,56.407626047730446,-4.855282790958881,200.60000000000002,469.62,1.428,108,59,
2026-09-13T09:15:01+00:00,56.40761833637953,-4.855253538116813,200.79999999999995,471.61,1.418,110,59,
2026-09-13T09:15:05+00:00,56.40759562142193,-4.855188662186265,201.39999999999998,476.36,1.4,113,0,
2026-09-13T09:15:08+00:00,56.40758330002427,-4.855156727135181,201.60000000000002,478.9,1.39,114,0,
2026-09-13T09:15:11+00:00,56.40755496919155,-4.855110039934516,201.79999999999995,483.04,1.362,115,59,
2026-09-13T09:15:17+00:00,56.407534098252654,-4.85499931499362,202.39999999999998,490.24,1.344,118,60,
2026-09-13T09:15:20+00:00,56.407515155151486,-4.854946928098798,202.39999999999998,494.1,1.344,119,60,
2026-09-13T09:15:27+00:00,56.407450446859,-4.8548409808427095,202.39999999999998,503.91,1.353,119,58,
2026-09-13T09:15:31+00:00,56.40743259340525,-4.854742996394634,202.79999999999995,510.61,1.362,120,58,
2026-09-13T09:15:32+00:00,56.40742748044431,-4.854720365256071,203.0,512.12,1.362,120,58,
2026-09-13T09:15:33+00:00,56.40742345713079,-4.85470368526876,203.0,513.24,1.372,120,58,
2026-09-13T09:15:39+00:00,56.407377356663346,-4.854619950056076,203.60000000000002,520.6,1.39,123,58,
2026-09-13T09:15:40+00:00,56.40737366862595,-4.854608466848731,203.60000000000002,521.41,1.39,123,56,
2026-09-13T09:15:43+00:00,56.4073505345732,-4.854559013620019,203.79999999999995,525.54,1.39,125,0,
2026-09-13T09:15:46+00:00,56.40733980573714,-4.854497574269772,204.0,529.53,1.39,125,57,
2026-09-13T09:15:47+00:00,56.40733846463263,-4.854479553177953,204.20000000000005,530.65,1.39,125,56,
2026-09-13T09:15:50+00:00,56.40734148211777,-4.854420544579625,204.39999999999998,534.39,1.39,124,54,
2026-09-13T09:15:53+00:00,56.407325975596905,-4.854402942582965,204.79999999999995,536.43,1.381,123,51,
2026-09-13T09:15:54+00:00,56.40732178464532,-4.854389615356922,205.0,537.37,1.381,122,51,
2026-09-13T09:15:59+00:00,56.407279036939144,-4.854313340038061,205.39999999999998,544.01,1.334,122,51,
2026-09-13T09:16:02+00:00,56.40726453624666,-4.854283584281802,205.60000000000002,546.47,1.316,122,0,
2026-09-13T09:16:04+00:00,56.40724307857454,-4.854262378066778,205.79999999999995,549.18,1.297,124,0,
2026-09-13T09:16:05+00:00,56.407237546518445,-4.854246452450752,206.0,550.31,1.297,125,0,
2026-09-13T09:16:06+00:00,56.40722941607237,-4.854227090254426,206.0,551.8,1.297,125,0,
2026-09-13T09:16:12+00:00,56.4072120655328,-4.854155005887151,206.79999999999995,556.75,1.278,127,0,
2026-09-13T09:16:13+00:00,56.40720812603831,-4.854141259565949,207.0,557.69,1.278,127,0,
2026-09-13T09:16:16+00:00,56.4072035998106,-4.854107312858105,207.79999999999995,559.57,1.26,127,0,
2026-09-13T09:16:19+00:00,56.407179376110435,-4.854086609557271,208.20000000000005,562.36,1.241,126,0,
2026-09-13T09:16:23+00:00,56.40717635862529,-4.854053249582648,208.60000000000002,564.42,1.194,126,0,
2026-09-13T09:16:25+00:00,56.40718515962362,-4.854022404178977,209.0,566.51,1.138,126,0,
2026-09-13T09:16:26+00:00,56.407183818519115,-4.8540074005723,209.20000000000005,567.44,1.129,126,0,
2026-09-13T09:16:30+00:00,56.40716831199825,-4.85394487157464,209.79999999999995,571.9,1.073,126,0,
2026-09-13T09:16:32+00:00,56.4071433339268,-4.853924252092838,209.79999999999995,575.01,1.092,125,0,
2026-09-13T09:16:35+00:00,56.40711357817054,-4.853905141353607,210.20000000000005,578.56,1.138,125,0,
2026-09-13T09:16:39+00:00,56.40708449296653,-4.853912936523557,210.79999999999995,581.84,1.148,126,0,
2026-09-13T09:16:45+00:00,56.4070447627455,-4.853866919875145,211.20000000000005,587.14,1.12,125,0,
2026-09-13T09:16:46+00:00,56.40703487209976,-4.853856191039085,211.20000000000005,588.42,1.11,125,0,
2026-09-13T09:16:51+00:00,56.40699648298323,-4.853815706446767,211.79999999999995,593.4,1.101,122,0,
2026-09-13T09:16:52+00:00,56.40699069947004,-4.8538069892674685,211.79999999999995,594.21,1.101,121,0,
2026-09-13T09:16:53+00:00,56.40698307193816,-4.853799194097519,211.79999999999995,595.18,1.101,124,0,
2026-09-13T09:16:55+00:00,56.40696756541729,-4.8537819273769855,212.20000000000005,597.2,1.101,124,46,
2026-09-13T09:17:01+00:00,56.40693915076554,-4.853734318166971,213.20000000000005,601.46,1.092,124,47,
2026-09-13T09:17:02+00:00,56.40693730674684,-4.853719901293516,213.39999999999998,602.27,1.082,126,47,
2026-09-13T09:17:09+00:00,56.40691283158958,-4.85363993793726,214.39999999999998,607.75,1.064,125,0,
2026-09-13T09:17:16+00:00,56.406869580969214,-4.8535725474357605,215.0,614.34,1.036,125,0,
2026-09-13T09:17:18+00:00,56.40684778802097,-4.853566847741604,215.39999999999998,616.79,1.026,123,0,
2026-09-13T09:17:23+00:00,56.406843261793256,-4.853562908247113,216.20000000000005,618.87,1.017,121,0,
2026-09-13T09:17:26+00:00,56.406832449138165,-4.8535634111613035,216.60000000000002,620.05,0.998,122,0,
2026-09-13T09:17:30+00:00,56.4068185351789,-4.853532817214727,217.0,622.8,0.933,122,0,
2026-09-13T09:17:35+00:00,56.40681132674217,-4.8534853756427765,217.60000000000002,625.85,0.858,122,0,
2026-09-13T09:17:39+00:00,56.40682104974985,-4.853429300710559,218.20000000000005,629.59,0.812,123,53,
2026-09-13T09:17:42+00:00,56.40682473778725,-4.853398120030761,218.79999999999995,631.46,0.84,123,53,
2026-09-13T09:17:46+00:00,56.40683211386204,-4.8533593118190765,219.20000000000005,633.93,0.83,125,0,
2026-09-13T09:17:50+00:00,56.40682331286371,-4.8533001355826855,219.79999999999995,637.72,0.802,124,0,
2026-09-13T09:17:53+00:00,56.40682096593082,-4.853272475302219,220.39999999999998,639.49,0.793,123,0,
2026-09-13T09:17:56+00:00,56.4068185351789,-4.853245317935944,221.0,641.33,0.793,123,46,
2026-09-13T09:18:01+00:00,56.40680143609643,-4.853173401206732,221.39999999999998,646.62,0.821,124,49,
2026-09-13T09:18:06+00:00,56.40679900534451,-4.853099305182695,222.20000000000005,651.05,0.868,126,49,
2026-09-13T09:18:09+00:00,56.406777715310454,-4.853068962693214,222.60000000000002,654.21,0.886,127,0,
2026-09-13T09:18:15+00:00,56.40673689544201,-4.85304675064981,222.79999999999995,658.93,0.886,130,0,
2026-09-13T09:18:17+00:00,56.406724909320474,-4.853027975186706,222.79999999999995,660.69,0.886,131,0,
2026-09-13T09:18:23+00:00,56.40670856460929,-4.852984305471182,223.20000000000005,664.19,0.868,132,0,
2026-09-13T09:18:27+00:00,56.4067043736577,-4.852944994345307,223.39999999999998,666.9,0.849,129,0,
2026-09-13T09:18:31+00:00,56.40670713968575,-4.852903923019767,223.60000000000002,669.54,0.83,128,0,
2026-09-13T09:18:36+00:00,56.40671024098992,-4.852843657135963,224.20000000000005,673.22,0.793,128,0,
2026-09-13T09:18:39+00:00,56.40672314912081,-4.85282395966351,224.39999999999998,674.97,0.737,129,0,
2026-09-13T09:18:46+00:00,56.40674804337323,-4.852720443159342,225.0,682.18,0.737,129,0,
2026-09-13T09:18:49+00:00,56.406748378649354,-4.852674761787057,225.20000000000005,685.05,0.784,129,69,
2026-09-13T09:18:53+00:00,56.4067461155355,-4.8526127357035875,225.60000000000002,688.88,0.877,128,69,
2026-09-13T09:18:59+00:00,56.40675692819059,-4.852526905015111,226.20000000000005,694.33,0.933,126,0,
2026-09-13T09:19:00+00:00,56.40675701200962,-4.852516846731305,226.39999999999998,694.93,0.924,126,0,
2026-09-13T09:19:03+00:00,56.40676531009376,-4.852487090975046,226.79999999999995,697.01,0.914,124,48,
2026-09-13T09:19:07+00:00,56.40676422044635,-4.852450545877218,227.20000000000005,699.54,0.896,123,48,
2026-09-13T09:19:08+00:00,56.40676296316087,-4.852432860061526,227.39999999999998,700.6,0.886,123,0,
2026-09-13T09:19:16+00:00,56.406748965382576,-4.852326661348343,228.0,707.76,0.849,120,47,
2026-09-13T09:19:19+00:00,56.40675692819059,-4.852295648306608,228.39999999999998,709.83,0.849,120,0,
2026-09-13T09:19:22+00:00,56.40676958486438,-4.852278968319297,228.60000000000002,711.57,0.858,120,0,
2026-09-13T09:19:27+00:00,56.40677318908274,-4.852232784032822,228.79999999999995,714.4,0.756,117,0,
2026-09-13T09:19:29+00:00,56.40678006224334,-4.852203447371721,229.20000000000005,716.35,0.756,116,0,
2026-09-13T09:19:31+00:00,56.40677637420595,-4.852171512320638,229.39999999999998,718.45,0.756,116,0,
2026-09-13T09:19:36+00:00,56.4067651424557,-4.852104960009456,230.20000000000005,722.67,0.774,115,0,
2026-09-13T09:19:37+00:00,56.40676723793149,-4.852091046050191,230.39999999999998,723.48,0.774,115,0,
2026-09-13T09:19:41+00:00,56.406776793301105,-4.852050729095936,230.79999999999995,726.5,0.784,115,0,
2026-09-13T09:19:44+00:00,56.406767992302775,-4.852019716054201,231.60000000000002,728.62,0.774,117,0,
2026-09-13T09:19:46+00:00,56.406764052808285,-4.851992139592767,231.79999999999995,730.37,0.765,120,0,
2026-09-13T09:19:49+00:00,56.406760113313794,-4.851967915892601,232.20000000000005,732.1,0.756,122,0,
2026-09-13T09:19:53+00:00,56.40675977803767,-4.851926006376743,232.79999999999995,734.66,0.728,123,0,
2026-09-13T09:19:56+00:00,56.4067477080971,-4.851879151538014,233.0,737.8,0.728,124,0,
2026-09-13T09:20:02+00:00,56.40674225986004,-4.8517789877951145,233.79999999999995,744.17,0.746,125,0,
2026-09-13T09:20:08+00:00,56.406745947897434,-4.851664742454886,234.79999999999995,751.63,0.812,124,45,
2026-09-13T09:20:09+00:00,56.40674167312682,-4.851650074124336,235.0,752.65,0.821,124,45,
2026-09-13T09:20:14+00:00,56.406760700047016,-4.851587628945708,235.0,757.45,0.868,124,0,
2026-09-13T09:20:18+00:00,56.40676681883633,-4.851529709994793,235.20000000000005,761.16,0.896,123,0,
2026-09-13T09:20:19+00:00,56.40677411109209,-4.851522920653224,235.39999999999998,762.05,0.905,124,0,
2026-09-13T09:20:21+00:00,56.40679280273616,-4.851500289514661,235.60000000000002,764.52,0.905,125,0,
2026-09-13T09:20:23+00:00,56.40679699368775,-4.851465169340372,235.79999999999995,766.56,0.914,125,0,
2026-09-13T09:20:24+00:00,56.40679548494518,-4.85145628452301,236.0,767.08,0.924,125,0,
2026-09-13T09:20:25+00:00,56.40679799951613,-4.851453518494964,236.0,767.34,0.924,124,0,
2026-09-13T09:20:26+00:00,56.40680084936321,-4.8514532670378685,236.20000000000005,767.56,0.924,124,0,
2026-09-13T09:20:30+00:00,56.406816355884075,-4.851397778838873,236.60000000000002,771.39,0.914,125,0,
2026-09-13T09:20:31+00:00,56.40681752935052,-4.851383781060576,236.60000000000002,772.26,0.914,126,0,
2026-09-13T09:20:34+00:00,56.406810907647014,-4.851338686421514,237.0,774.83,0.914,126,0,
2026-09-13T09:20:36+00:00,56.40681811608374,-4.851314211264253,237.20000000000005,776.47,0.905,126,0,
2026-09-13T09:20:38+00:00,56.40683655627072,-4.8513024765998125,237.60000000000002,778.66,0.905,126,0,
2026-09-13T09:20:39+00:00,56.406838819384575,-4.8512904066592455,237.79999999999995,779.38,0.914,126,0,
2026-09-13T09:20:42+00:00,56.40682046301663,-4.85123005695641,238.0,783.8,0.914,126,0,
2026-09-13T09:20:43+00:00,56.40681887045503,-4.8512117844074965,238.0,784.94,0.914,127,0,
2026-09-13T09:20:44+00:00,56.40681870281696,-4.851196026429534,238.20000000000005,785.87,0.914,127,0,
2026-09-13T09:20:48+00:00,56.40680143609643,-4.8511459864676,238.60000000000002,789.85,0.924,128,51,
2026-09-13T09:20:50+00:00,56.40679917298257,-4.851124361157417,239.0,791.94,0.933,128,0,
2026-09-13T09:20:51+00:00,56.40679565258324,-4.851091168820858,239.20000000000005,794.03,0.933,128,0,
2026-09-13T09:20:53+00:00,56.40679649077356,-4.851050851866603,239.39999999999998,796.72,0.952,128,0,
2026-09-13T09:20:55+00:00,56.40679397620261,-4.8509785160422325,239.79999999999995,801.29,0.952,129,0,
2026-09-13T09:20:56+00:00,56.406786600127816,-4.8509490955621,239.79999999999995,803.27,0.961,128,0,
2026-09-13T09:21:00+00:00,56.4067876059562,-4.850915232673287,240.39999999999998,805.75,0.97,128,46,
2026-09-13T09:21:01+00:00,56.4067788887769,-4.850858487188816,240.39999999999998,809.38,0.97,128,46,
2026-09-13T09:21:03+00:00,56.4068098179996,-4.850841220468283,240.60000000000002,813.07,0.989,128,46,
2026-09-13T09:21:04+00:00,56.406810488551855,-4.850824037566781,240.79999999999995,814.13,1.017,128,46,
2026-09-13T09:21:05+00:00,56.40678567811847,-4.850808866322041,240.79999999999995,817.02,1.036,128,46,
2026-09-13T09:21:06+00:00,56.406757682561874,-4.850784474983811,240.79999999999995,820.48,1.036,128,46,
2026-09-13T09:21:09+00:00,56.40671242028475,-4.850734686478972,241.0,826.43,1.054,132,46,
2026-09-13T09:21:10+00:00,56.406703954562545,-4.850717168301344,241.0,827.83,1.12,128,46,
2026-09-13T09:21:12+00:00,56.40668693929911,-4.850672911852598,241.0,831.25,1.12,128,46,
2026-09-13T09:21:13+00:00,56.40671828761697,-4.850694369524717,241.0,834.98,1.12,127,0,
2026-09-13T09:21:16+00:00,56.40674477443099,-4.85065346583724,241.20000000000005,839.21,1.129,127,0,
2026-09-13T09:21:17+00:00,56.40673446469009,-4.850628739222884,241.39999999999998,841.12,1.129,129,40,
2026-09-13T09:21:18+00:00,56.406737649813294,-4.850617256015539,241.60000000000002,841.88,1.129,128,46,
2026-09-13T09:21:19+00:00,56.406742595136166,-4.850604012608528,241.79999999999995,842.81,1.101,128,46,
2026-09-13T09:21:21+00:00,56.4067389909178,-4.85055522993207,242.0,845.8,1.082,127,46,
2026-09-13T09:21:22+00:00,56.40674117021263,-4.850535783916712,242.0,846.98,1.082,125,46,
2026-09-13T09:21:23+00:00,56.40674670226872,-4.850527653470635,242.0,847.69,1.082,127,0,
2026-09-13T09:21:25+00:00,56.40675256960094,-4.850503010675311,242.39999999999998,849.22,1.073,127,0,
2026-09-13T09:21:27+00:00,56.40672616660595,-4.85047560185194,242.60000000000002,852.6,1.073,126,0,
2026-09-13T09:21:31+00:00,56.40674712136388,-4.8504825588315725,242.79999999999995,856.63,1.073,125,0,
2026-09-13T09:21:32+00:00,56.40675147995353,-4.850480128079653,242.79999999999995,856.66,1.073,124,0,
2026-09-13T09:21:34+00:00,56.406758688390255,-4.850473254919052,243.0,856.98,1.064,123,0,
2026-09-13T09:21:38+00:00,56.4067373983562,-4.850446181371808,243.20000000000005,859.88,1.045,122,0,
2026-09-13T09:21:39+00:00,56.406751312315464,-4.850442409515381,243.0,861.05,1.036,122,0,
2026-09-13T09:21:42+00:00,56.40677059069276,-4.850428327918053,243.0,862.89,0.98,122,0,
2026-09-13T09:21:44+00:00,56.40678442083299,-4.8504015896469355,243.39999999999998,864.96,0.952,122,0,
2026-09-13T09:21:46+00:00,56.40678131952882,-4.850379545241594,243.60000000000002,866.3,0.933,122,0,
2026-09-13T09:21:49+00:00,56.406778302043676,-4.850352052599192,244.0,867.99,0.905,122,0,
2026-09-13T09:21:55+00:00,56.406785007566214,-4.8503294214606285,244.39999999999998,870.18,0.774,123,0,
2026-09-13T09:21:57+00:00,56.40678333118558,-4.8503362108021975,244.60000000000002,870.8,0.7,122,0,
2026-09-13T09:22:01+00:00,56.40677511692047,-4.8502875957638025,244.79999999999995,873.69,0.634,121,0,
2026-09-13T09:22:07+00:00,56.40680990181863,-4.850181564688683,245.39999999999998,881.56,1.176,121,0,
2026-09-13T09:22:08+00:00,56.4068045374006,-4.850165136158466,245.60000000000002,882.73,1.045,121,0,
2026-09-13T09:22:14+00:00,56.406817277893424,-4.850079221650958,245.60000000000002,888.37,0.532,122,0,
2026-09-13T09:22:23+00:00,56.40676983632147,-4.849945195019245,246.20000000000005,898.26,0.308,120,0,
2026-09-13T09:22:27+00:00,56.406763130798936,-4.849901609122753,246.60000000000002,901.47,0.0,121,0,
2026-09-13T09:22:29+00:00,56.406758688390255,-4.849880989640951,246.79999999999995,902.82,0.0,122,0,
2026-09-13T09:22:35+00:00,56.406733794137836,-4.849813766777515,247.0,907.71,0.0,120,0,
2026-09-13T09:22:42+00:00,56.40671015717089,-4.8497904650866985,246.60000000000002,910.76,0.0,119,0,
2026-09-13T09:22:49+00:00,56.406690711155534,-4.8497754614800215,246.20000000000005,913.66,0.0,118,0,
2026-09-13T09:22:52+00:00,56.40668417327106,-4.849760038778186,245.39999999999998,914.88,0.0,118,0,
2026-09-13T09:22:57+00:00,56.40668501146138,-4.849756937474012,245.20000000000005,915.1,0.0,117,0,
2026-09-13T09:23:05+00:00,56.40668501146138,-4.849756937474012,245.20000000000005,915.1,0.0,114,0,
2026-09-13T09:23:08+00:00,56.40668501146138,-4.849756937474012,244.79999999999995,915.1,0.0,111,0,
2026-09-13T09:23:12+00:00,56.406684927642345,-4.849755931645632,245.0,915.17,0.0,108,0,
2026-09-13T09:23:20+00:00,56.40665575861931,-4.849750902503729,245.0,918.63,0.0,109,0,
2026-09-13T09:23:25+00:00,56.406659027561545,-4.849736653268337,245.20000000000005,920.83,0.0,111,0,
2026-09-13T09:23:29+00:00,56.40665290877223,-4.849730785936117,245.0,921.47,0.0,112,0,
2026-09-13T09:23:36+00:00,56.40666791237891,-4.849723996594548,245.60000000000002,922.63,0.0,113,0,
2026-09-13T09:23:44+00:00,56.406674701720476,-4.849737323820591,246.20000000000005,924.34,0.0,113,0,
2026-09-13T09:23:48+00:00,56.40668140724301,-4.849742939695716,246.60000000000002,925.99,0.0,114,0,
2026-09-13T09:23:49+00:00,56.406683418899775,-4.849744196981192,246.60000000000002,926.23,0.0,113,0,
2026-09-13T09:23:56+00:00,56.40666464343667,-4.849728187546134,245.39999999999998,928.64,0.0,114,0,
2026-09-13T09:24:00+00:00,56.406654668971896,-4.849740006029606,245.79999999999995,930.04,0.0,117,0,
2026-09-13T09:24:01+00:00,56.406653579324484,-4.84973824582994,246.0,930.14,0.0,118,0,
2026-09-13T09:24:04+00:00,56.40665081329644,-4.849746460095048,244.79999999999995,930.87,0.0,121,0,
2026-09-13T09:24:09+00:00,56.4066372346133,-4.849741430953145,245.20000000000005,931.49,0.0,122,0,
2026-09-13T09:24:15+00:00,56.40662390738726,-4.849725170060992,245.39999999999998,932.71,0.0,121,0,
2026-09-13T09:24:19+00:00,56.406623823568225,-4.849707232788205,244.60000000000002,933.89,0.0,121,0,
2026-09-13T09:24:25+00:00,56.4066353905946,-4.84969767741859,244.60000000000002,935.31,0.0,122,0,
2026-09-13T09:24:45+00:00,56.40662105754018,-4.849668340757489,244.60000000000002,936.21,0.0,125,0,
2026-09-13T09:25:00+00:00,56.40660119242966,-4.849643781781197,244.60000000000002,938.73,0.0,122,0,
2026-09-13T09:25:12+00:00,56.406582752242684,-4.849619725719094,244.60000000000002,941.74,0.0,123,0,
2026-09-13T09:25:28+00:00,56.40658350661397,-4.849611930549145,244.60000000000002,941.79,0.0,126,0,
2026-09-13T09:25:31+00:00,56.40658350661397,-4.8496143613010645,244.60000000000002,941.79,0.0,123,0,
2026-09-13T09:25:35+00:00,56.40658350661397,-4.849615702405572,244.60000000000002,941.79,0.0,120,0,
2026-09-13T09:25:38+00:00,56.40658350661397,-4.849616037681699,244.60000000000002,941.79,0.0,117,0,
2026-09-13T09:25:42+00:00,56.40658367425203,-4.849616037681699,244.60000000000002,941.79,0.0,114,0,
2026-09-13T09:25:44+00:00,56.40658400952816,-4.8496172949671745,244.60000000000002,941.79,0.0,111,0,
2026-09-13T09:25:51+00:00,56.40658400952816,-4.8496229108422995,244.60000000000002,941.87,0.0,108,0,
2026-09-13T09:26:05+00:00,56.406590044498444,-4.849622994661331,244.60000000000002,941.87,0.0,105,0,
2026-09-13T09:26:10+00:00,56.40660060569644,-4.849622072651982,244.60000000000002,941.87,0.0,102,0,
2026-09-13T09:26:18+00:00,56.406603287905455,-4.8496040515601635,247.20000000000005,941.87,0.0,102,0,
2026-09-13T09:26:24+00:00,56.40660412609577,-4.849599273875356,247.39999999999998,941.87,0.0,105,0,
2026-09-13T09:26:27+00:00,56.406603790819645,-4.849598603323102,247.20000000000005,941.91,0.0,108,0,
2026-09-13T09:26:30+00:00,56.406603790819645,-4.849596004933119,247.0,941.93,0.0,111,0,
2026-09-13T09:26:47+00:00,56.40657847747207,-4.8495610523968935,247.20000000000005,945.58,0.0,108,0,
2026-09-13T09:26:49+00:00,56.406585182994604,-4.84952861443162,247.20000000000005,947.51,0.0,108,70,
2026-09-13T09:26:51+00:00,56.406575879082084,-4.849498691037297,247.39999999999998,949.65,0.97,109,70,
2026-09-13T09:26:53+00:00,56.40656934119761,-4.849493410438299,247.60000000000002,950.5,1.344,108,70,
2026-09-13T09:26:54+00:00,56.40655970200896,-4.849501205608249,247.79999999999995,951.66,1.428,108,70,
2026-09-13T09:26:57+00:00,56.406543944031,-4.849502043798566,248.20000000000005,953.27,1.493,108,0,
2026-09-13T09:26:59+00:00,56.406539753079414,-4.849500451236963,248.79999999999995,953.66,1.39,108,0,
2026-09-13T09:27:01+00:00,56.40653304755688,-4.849496679380536,249.0,954.44,1.25,111,0,
2026-09-13T09:27:03+00:00,56.40653497539461,-4.849483100697398,249.39999999999998,954.69,1.12,112,0,
2026-09-13T09:27:05+00:00,56.40654453076422,-4.849456027150154,249.39999999999998,956.64,1.017,112,0,
2026-09-13T09:27:08+00:00,56.40656389296055,-4.84941185452044,249.60000000000002,958.79,1.008,113,0,
2026-09-13T09:27:12+00:00,56.40657956711948,-4.849344464018941,250.39999999999998,961.81,0.998,114,0,
2026-09-13T09:27:13+00:00,56.406573448330164,-4.849334070459008,250.39999999999998,962.73,0.998,116,0,
2026-09-13T09:27:14+00:00,56.40656154602766,-4.84932342544198,250.60000000000002,964.21,0.989,115,0,
2026-09-13T09:27:16+00:00,56.406550984829664,-4.849305488169193,251.0,965.81,0.989,117,0,
2026-09-13T09:27:20+00:00,56.406564647331834,-4.84925989061594,251.20000000000005,969.22,1.017,120,0,
2026-09-13T09:27:23+00:00,56.406594989821315,-4.849238181486726,251.39999999999998,973.04,1.008,120,71,
2026-09-13T09:27:24+00:00,56.406611166894436,-4.849221836775541,251.39999999999998,974.96,1.064,120,71,
2026-09-13T09:27:27+00:00,56.40661200508475,-4.849216053262353,251.60000000000002,975.73,1.148,119,0,
2026-09-13T09:27:28+00:00,56.406605802476406,-4.849207755178213,251.79999999999995,976.59,1.138,119,0,
2026-09-13T09:27:31+00:00,56.406596414744854,-4.849150087684393,252.0,980.23,1.092,119,0,
2026-09-13T09:27:34+00:00,56.406605718657374,-4.849096778780222,252.20000000000005,983.51,1.082,120,0,
2026-09-13T09:27:35+00:00,56.406607646495104,-4.849080769345164,252.20000000000005,984.52,1.082,119,0,
2026-09-13T09:27:38+00:00,56.406600857153535,-4.849083032459021,252.20000000000005,985.64,1.073,119,0,
2026-09-13T09:27:39+00:00,56.40659616328776,-4.849073393270373,252.20000000000005,986.39,1.064,120,0,
2026-09-13T09:27:42+00:00,56.40658400952816,-4.849062245339155,252.39999999999998,987.87,1.054,120,0,
2026-09-13T09:27:44+00:00,56.406580321490765,-4.849045900627971,252.60000000000002,989.11,1.045,120,0,
2026-09-13T09:27:45+00:00,56.40658099204302,-4.849035004153848,252.60000000000002,989.75,1.036,120,0,
2026-09-13T09:27:48+00:00,56.406575459986925,-4.849016144871712,252.60000000000002,991.51,1.026,119,46,
2026-09-13T09:27:50+00:00,56.406572023406625,-4.849024526774883,252.79999999999995,992.29,1.026,120,0,
2026-09-13T09:27:52+00:00,56.40655467286706,-4.849017150700092,253.0,994.27,0.952,120,0,
2026-09-13T09:27:54+00:00,56.406541680917144,-4.848999883979559,253.20000000000005,995.67,0.914,120,0,
2026-09-13T09:27:55+00:00,56.40654444694519,-4.848992256447673,253.20000000000005,995.93,0.896,120,0,
2026-09-13T09:27:59+00:00,56.4065249171108,-4.848966775462031,253.60000000000002,998.59,0.802,120,0,
2026-09-13T09:28:01+00:00,56.40651611611247,-4.848945317789912,253.60000000000002,1000.18,0.793,119,0,
2026-09-13T09:28:02+00:00,56.406507566571236,-4.848924865946174,253.60000000000002,1001.76,0.821,120,0,
2026-09-13T09:28:07+00:00,56.40649063512683,-4.84891640022397,253.60000000000002,1004.1,0.784,120,0,
2026-09-13T09:28:14+00:00,56.40649356879294,-4.848843729123473,254.20000000000005,1008.64,0.765,120,0,
2026-09-13T09:28:18+00:00,56.406492814421654,-4.848844483494759,254.20000000000005,1008.86,0.728,117,0,
2026-09-13T09:28:21+00:00,56.406491389498115,-4.848835011944175,254.0,1009.32,0.681,116,0,
2026-09-13T09:28:30+00:00,56.40649164095521,-4.84883283264935,253.79999999999995,1009.45,0.0,113,0,
2026-09-13T09:28:42+00:00,56.40648719854653,-4.848834844306111,253.39999999999998,1009.47,0.0,110,0,
2026-09-13T09:28:44+00:00,56.4064868632704,-4.848839035257697,253.39999999999998,1009.47,0.0,110,0,
2026-09-13T09:28:48+00:00,56.40648568980396,-4.848839119076729,253.39999999999998,1009.48,0.0,107,0,
2026-09-13T09:28:55+00:00,56.4064678363502,-4.848841298371553,253.20000000000005,1009.52,0.0,104,0,
2026-09-13T09:29:09+00:00,56.40642944723368,-4.848878430202603,253.20000000000005,1013.78,0.0,103,0,
2026-09-13T09:29:16+00:00,56.40641117468476,-4.848902905359864,252.60000000000002,1015.85,0.0,103,0,
2026-09-13T09:29:18+00:00,56.40640405006707,-4.848911873996258,253.0,1016.8,0.0,100,0,
2026-09-13T09:29:24+00:00,56.406401954591274,-4.84891296364367,253.20000000000005,1017.04,0.0,99,0,
2026-09-13T09:29:27+00:00,56.406401954591274,-4.84891296364367,253.20000000000005,1017.04,0.0,103,0,
2026-09-13T09:29:36+00:00,56.406448893249035,-4.848912041634321,253.20000000000005,1022.25,0.0,104,0,
2026-09-13T09:29:43+00:00,56.40649080276489,-4.848821181803942,253.20000000000005,1029.24,0.0,103,0,
2026-09-13T09:29:49+00:00,56.40648292377591,-4.848762089386582,253.20000000000005,1032.94,0.0,104,0,
2026-09-13T09:29:52+00:00,56.40647613443434,-4.848743565380573,253.20000000000005,1034.55,0.0,107,0,
2026-09-13T09:29:55+00:00,56.40646238811314,-4.8487193416804075,253.20000000000005,1036.37,0.0,109,0,
2026-09-13T09:30:00+00:00,56.40646020881832,-4.848756305873394,253.20000000000005,1038.3,0.0,112,0,
2026-09-13T09:30:01+00:00,56.406458700075746,-4.84875756315887,253.20000000000005,1038.41,0.0,113,0,
2026-09-13T09:30:05+00:00,56.40644579194486,-4.848721604794264,253.20000000000005,1041.2,0.0,114,0,
2026-09-13T09:30:14+00:00,56.40644168481231,-4.848596379160881,253.20000000000005,1048.5,0.0,115,0,
2026-09-13T09:30:21+00:00,56.40645124018192,-4.848489426076412,253.20000000000005,1055.36,0.0,118,0,
2026-09-13T09:30:22+00:00,56.40645358711481,-4.848477775231004,253.20000000000005,1056.1,0.0,118,0,
2026-09-13T09:30:25+00:00,56.406464483588934,-4.848433183506131,253.20000000000005,1059.08,0.0,122,0,
2026-09-13T09:30:29+00:00,56.4064747095108,-4.84836520627141,258.0,1063.46,0.0,125,50,
2026-09-13T09:30:32+00:00,56.40648057684302,-4.848311813548207,258.0,1066.83,0.224,127,0,
2026-09-13T09:30:34+00:00,56.406489964574575,-4.848275436088443,258.0,1069.28,0.299,130,0,
2026-09-13T09:30:41+00:00,56.406514355912805,-4.848171668127179,258.6,1076.28,0.0,129,0,
2026-09-13T09:30:45+00:00,56.40653371810913,-4.848115760833025,259.0,1080.29,0.0,129,0,
2026-09-13T09:30:47+00:00,56.40653824433684,-4.848081395030022,259.4,1082.51,0.0,129,0,
2026-09-13T09:30:53+00:00,56.40656439587474,-4.847987936809659,260.20000000000005,1088.97,0.261,129,53,
2026-09-13T09:30:55+00:00,56.40657369978726,-4.847958432510495,260.4,1091.04,0.411,130,56,
2026-09-13T09:31:02+00:00,56.406604712828994,-4.847859190776944,261.0,1098.08,0.961,130,47,
2026-09-13T09:31:04+00:00,56.40660127624869,-4.8478408344089985,261.20000000000005,1099.19,1.017,131,47,
2026-09-13T09:31:11+00:00,56.40661619603634,-4.847743101418018,262.0,1105.53,1.11,130,48,
2026-09-13T09:31:13+00:00,56.406631199643016,-4.847707897424698,262.20000000000005,1108.19,1.11,130,48,
2026-09-13T09:31:14+00:00,56.40663924627006,-4.8476929776370525,262.4,1109.42,1.11,129,48,
2026-09-13T09:31:18+00:00,56.4066649787128,-4.847629191353917,263.0,1114.38,1.138,129,51,
2026-09-13T09:31:20+00:00,56.40666455961764,-4.847601782530546,263.4,1115.75,1.157,128,51,
2026-09-13T09:31:26+00:00,56.40668727457523,-4.847523998469114,264.4,1121.25,1.166,131,0,
2026-09-13T09:31:29+00:00,56.406691716983914,-4.847480496391654,264.6,1124.05,1.176,131,0,
2026-09-13T09:31:31+00:00,56.40668693929911,-4.847448477521539,264.79999999999995,1126.1,1.176,132,0,
2026-09-13T09:31:34+00:00,56.40669339336455,-4.847400868311524,265.0,1128.97,1.166,132,64,
2026-09-13T09:31:38+00:00,56.40668895095587,-4.84734202735126,265.6,1132.65,1.185,132,64,
2026-09-13T09:31:46+00:00,56.40669641084969,-4.847199283540249,266.79999999999995,1141.57,1.176,131,50,
2026-09-13T09:31:47+00:00,56.406697668135166,-4.847179837524891,267.0,1142.74,1.166,131,50,
2026-09-13T09:31:54+00:00,56.4067133422941,-4.84705226495862,267.79999999999995,1150.83,1.176,129,54,
2026-09-13T09:31:57+00:00,56.40671485103667,-4.846996860578656,268.20000000000005,1154.24,1.185,129,54,
2026-09-13T09:32:02+00:00,56.406703451648355,-4.846911700442433,268.79999999999995,1159.74,1.185,128,49,
2026-09-13T09:32:05+00:00,56.406687861308455,-4.846880855038762,269.4,1162.32,1.176,128,55,
2026-09-13T09:32:12+00:00,56.40662885271013,-4.846797538921237,269.79999999999995,1170.94,1.176,127,55,
2026-09-13T09:32:13+00:00,56.406615944579244,-4.84678840264678,270.0,1172.47,1.176,127,55,
2026-09-13T09:32:15+00:00,56.406604293733835,-4.846748420968652,270.0,1175.23,1.185,127,0,
2026-09-13T09:32:19+00:00,56.40658677555621,-4.846689831465483,270.6,1179.4,1.194,127,0,
2026-09-13T09:32:20+00:00,56.40659197233617,-4.84667994081974,270.79999999999995,1180.16,1.194,128,0,
2026-09-13T09:32:21+00:00,56.406598929315805,-4.846669379621744,271.0,1181.11,1.194,128,0,
2026-09-13T09:32:23+00:00,56.406612088903785,-4.846634678542614,271.20000000000005,1183.77,1.176,128,53,
2026-09-13T09:32:25+00:00,56.406620889902115,-4.846609616652131,271.6,1185.6,1.166,129,0,
2026-09-13T09:32:28+00:00,56.406623236835,-4.8465679585933685,272.0,1188.17,1.157,130,0,
2026-09-13T09:32:31+00:00,56.406629271805286,-4.846525294706225,272.4,1190.84,1.157,131,0,
2026-09-13T09:32:35+00:00,56.40661535784602,-4.846451282501221,272.79999999999995,1195.57,1.157,133,0,
2026-09-13T09:32:36+00:00,56.40661217272282,-4.846438290551305,273.0,1196.45,1.148,133,62,
2026-09-13T09:32:37+00:00,56.406610580161214,-4.846414905041456,273.0,1197.9,1.148,133,62,
2026-09-13T09:32:38+00:00,56.40660203061998,-4.846396213397384,273.20000000000005,1199.24,1.157,133,62,
2026-09-13T09:32:42+00:00,56.40660513192415,-4.8463850654661655,273.6,1200.68,1.166,134,0,
2026-09-13T09:32:45+00:00,56.406593564897776,-4.846342317759991,273.79999999999995,1203.59,1.157,134,0,
2026-09-13T09:32:49+00:00,56.406585769727826,-4.846266629174352,274.0,1208.47,1.138,132,0,
2026-09-13T09:32:54+00:00,56.40660982578993,-4.8462021723389626,274.6,1213.02,1.138,131,0,
2026-09-13T09:32:58+00:00,56.40659239143133,-4.846166046336293,275.0,1215.95,1.12,131,0,
2026-09-13T09:33:01+00:00,56.40658560208976,-4.846103601157665,275.20000000000005,1219.79,1.11,131,0,
2026-09-13T09:33:06+00:00,56.40656699426472,-4.846038557589054,276.0,1224.5,1.101,133,53,
2026-09-13T09:33:08+00:00,56.4065648149699,-4.846023973077536,276.0,1225.38,1.092,132,0,
2026-09-13T09:33:11+00:00,56.40655274502933,-4.845984494313598,276.4,1228.11,1.082,133,0,
2026-09-13T09:33:15+00:00,56.406551571562886,-4.845922971144319,276.79999999999995,1231.85,1.064,134,75,
2026-09-13T09:33:18+00:00,56.406546626240015,-4.845887431874871,277.20000000000005,1234.04,1.073,135,75,
2026-09-13T09:33:26+00:00,56.406527012586594,-4.845793973654509,278.20000000000005,1240.32,1.064,134,0,
2026-09-13T09:33:27+00:00,56.406520223245025,-4.845786429941654,278.4,1241.15,1.064,134,0,
2026-09-13T09:33:29+00:00,56.40650002285838,-4.845776874572039,278.6,1243.47,1.054,133,0,
2026-09-13T09:33:32+00:00,56.406481582671404,-4.845752567052841,279.0,1245.86,1.054,131,0,
2026-09-13T09:33:36+00:00,56.406461633741856,-4.845726499333978,279.4,1248.57,1.036,131,0,
2026-09-13T09:33:41+00:00,56.40642869286239,-4.845690540969372,280.4,1252.77,1.008,130,0,
2026-09-13T09:33:42+00:00,56.40642508864403,-4.845682326704264,280.4,1253.41,0.998,131,0,
2026-09-13T09:33:47+00:00,56.406412767246366,-4.845636058598757,280.79999999999995,1256.55,0.98,132,0,
2026-09-13T09:33:49+00:00,56.4064057264477,-4.84561325982213,281.0,1258.17,0.961,132,0,
2026-09-13T09:33:51+00:00,56.406397596001625,-4.8455943167209625,281.4,1259.64,0.952,132,0,
2026-09-13T09:33:52+00:00,56.40639089047909,-4.845582162961364,281.4,1260.66,0.952,132,0,
2026-09-13T09:33:54+00:00,56.40637228265405,-4.845566069707274,282.0,1262.89,0.933,131,0,
2026-09-13T09:33:57+00:00,56.40635585412383,-4.845543773844838,282.4,1265.16,0.942,131,0,
2026-09-13T09:33:58+00:00,56.406352166086435,-4.84553505666554,282.6,1265.83,0.933,131,0,
2026-09-13T09:34:01+00:00,56.40633615665138,-4.8455168679356575,283.0,1267.94,0.924,132,0,
2026-09-13T09:34:03+00:00,56.406323332339525,-4.8455133475363255,283.4,1269.37,0.914,133,0,
2026-09-13T09:34:04+00:00,56.40631712973118,-4.84550622291863,283.6,1270.18,0.905,133,0,
2026-09-13T09:34:05+00:00,56.40630883164704,-4.845500607043505,283.79999999999995,1271.17,0.905,134,0,
2026-09-13T09:34:07+00:00,56.406293073669076,-4.845500020310283,284.0,1272.93,0.896,135,0,
2026-09-13T09:34:11+00:00,56.406269101426005,-4.845491722226143,284.79999999999995,1275.71,0.877,137,0,
2026-09-13T09:34:12+00:00,56.4062643237412,-4.845490464940667,285.0,1276.25,0.877,137,0,
2026-09-13T09:34:20+00:00,56.40621704980731,-4.845415111631155,285.79999999999995,1283.23,0.886,138,0,
2026-09-13T09:34:21+00:00,56.406213361769915,-4.845401281490922,286.0,1284.14,0.896,138,0,
2026-09-13T09:34:30+00:00,56.40615351498127,-4.845291646197438,286.79999999999995,1293.73,0.924,137,48,
2026-09-13T09:34:32+00:00,56.40615259297192,-4.84527706168592,287.20000000000005,1294.38,0.914,137,48,
2026-09-13T09:34:36+00:00,56.40613214112818,-4.845254011452198,287.79999999999995,1297.08,0.905,137,0,
2026-09-13T09:34:42+00:00,56.406091740354896,-4.845232805237174,288.0,1302.23,0.858,136,0,
2026-09-13T09:34:46+00:00,56.40607103705406,-4.8452273570001125,288.20000000000005,1304.61,0.83,136,0,
2026-09-13T09:34:48+00:00,56.406060392037034,-4.84524093568325,288.20000000000005,1305.98,0.812,136,0,
2026-09-13T09:34:55+00:00,56.40603608451784,-4.845194835215807,288.6,1310.19,0.784,136,0,
2026-09-13T09:35:00+00:00,56.40602007508278,-4.845158122479916,289.20000000000005,1313.28,0.746,134,48,
2026-09-13T09:35:03+00:00,56.40599710866809,-4.8451378382742405,289.6,1316.17,0.746,134,48,
2026-09-13T09:35:09+00:00,56.40597665682435,-4.845106238499284,290.20000000000005,1319.51,0.737,133,0,
2026-09-13T09:35:15+00:00,56.40596835874021,-4.84509433619678,290.79999999999995,1321.38,0.644,132,0,
2026-09-13T09:35:21+00:00,56.405954360961914,-4.845057288184762,291.4,1324.17,0.569,132,0,
2026-09-13T09:35:24+00:00,56.40595184639096,-4.845044715330005,291.79999999999995,1325.04,0.523,133,0,
2026-09-13T09:35:30+00:00,56.40593885444105,-4.845003476366401,292.20000000000005,1328.24,0.0,136,0,
2026-09-13T09:35:31+00:00,56.405934328213334,-4.844994340091944,292.20000000000005,1328.99,0.0,137,0,
2026-09-13T09:35:34+00:00,56.40592385083437,-4.844959555193782,292.6,1331.44,0.0,138,0,
2026-09-13T09:35:41+00:00,56.40591010451317,-4.844888225197792,293.79999999999995,1336.15,0.0,137,0,
2026-09-13T09:35:48+00:00,56.405896442011,-4.844811446964741,294.6,1341.24,0.0,133,0,
2026-09-13T09:35:50+00:00,56.40589359216392,-4.844780350103974,294.79999999999995,1343.16,0.0,134,0,
2026-09-13T09:36:02+00:00,56.40585386194289,-4.844638025388122,296.0,1353.06,0.0,136,0,
2026-09-13T09:36:09+00:00,56.40581597574055,-4.844559403136373,297.0,1359.49,0.0,138,0,
2026-09-13T09:36:12+00:00,56.40579527243972,-4.8445407114923,297.4,1362.08,0.0,141,47,
2026-09-13T09:36:13+00:00,56.40578554943204,-4.844541968777776,297.4,1363.15,0.0,138,47,
2026-09-13T09:36:17+00:00,56.405759900808334,-4.84452067874372,298.0,1366.26,0.0,137,46,
2026-09-13T09:36:21+00:00,56.40572268515825,-4.844512967392802,298.4,1370.39,0.0,140,46,
2026-09-13T09:36:26+00:00,56.405695863068104,-4.844514979049563,299.0,1373.38,0.0,143,0,
2026-09-13T09:36:28+00:00,56.40568287111819,-4.84451430849731,299.0,1374.63,0.0,144,0,
2026-09-13T09:36:36+00:00,56.40561112202704,-4.844469046220183,299.6,1383.11,0.0,141,56,
2026-09-13T09:36:38+00:00,56.40559201128781,-4.844463095068932,299.6,1385.26,0.0,139,56,
2026-09-13T09:36:41+00:00,56.405575163662434,-4.844447001814842,299.79999999999995,1387.41,0.0,134,56,
2026-09-13T09:36:43+00:00,56.40556954778731,-4.844429064542055,300.0,1388.67,0.233,131,0,
2026-09-13T09:36:44+00:00,56.40556384809315,-4.844420934095979,300.0,1389.48,0.0,130,48,
2026-09-13T09:36:45+00:00,56.40556041151285,-4.844412803649902,300.20000000000005,1390.11,0.0,130,48,
2026-09-13T09:36:51+00:00,56.40553157776594,-4.844374246895313,301.0,1394.09,0.0,127,0,
2026-09-13T09:36:52+00:00,56.40552956610918,-4.844364691525698,301.20000000000005,1394.72,0.0,127,0,
2026-09-13T09:36:59+00:00,56.40552428551018,-4.844267629086971,301.79999999999995,1401.04,0.0,129,0,
2026-09-13T09:37:03+00:00,56.40550333075225,-4.844233514741063,302.20000000000005,1404.2,0.0,129,0,
2026-09-13T09:37:09+00:00,56.40545739792287,-4.844185067340732,303.20000000000005,1410.19,0.0,131,0,
2026-09-13T09:37:10+00:00,56.40545220114291,-4.844177691265941,303.4,1410.92,0.0,131,0,
2026-09-13T09:37:12+00:00,56.40543476678431,-4.8441568203270435,303.6,1413.21,0.0,134,0,
2026-09-13T09:37:16+00:00,56.405426636338234,-4.844092866405845,304.0,1417.39,0.0,137,0,
2026-09-13T09:37:19+00:00,56.405418338254094,-4.84405062161386,304.20000000000005,1420.19,0.0,135,0,
2026-09-13T09:37:22+00:00,56.40542303211987,-4.844005778431892,304.6,1423.08,0.0,135,0,
2026-09-13T09:37:26+00:00,56.40543292276561,-4.8439406510442495,305.0,1427.16,0.0,135,51,
2026-09-13T09:37:35+00:00,56.40543535351753,-4.843817017972469,305.6,1435.09,0.0,135,0,
2026-09-13T09:37:42+00:00,56.40545421279967,-4.843708137050271,305.6,1442.03,0.0,134,0,
2026-09-13T09:37:47+00:00,56.405463768169284,-4.8436323646456,305.79999999999995,1446.84,0.0,130,0,
2026-09-13T09:37:50+00:00,56.40546393580735,-4.843574780970812,305.79999999999995,1450.38,0.0,127,0,
2026-09-13T09:37:57+00:00,56.40543149784207,-4.843468582257628,306.0,1457.92,0.0,127,0,
2026-09-13T09:38:04+00:00,56.40540006570518,-4.843382919207215,306.79999999999995,1464.23,0.0,128,50,
2026-09-13T09:38:11+00:00,56.40538581646979,-4.843279654160142,307.79999999999995,1470.87,0.42,128,0,
2026-09-13T09:38:12+00:00,56.40538522973657,-4.843265907838941,308.0,1471.72,0.504,128,0,
2026-09-13T09:38:18+00:00,56.405386654660106,-4.843188542872667,308.6,1476.69,0.896,129,0,
2026-09-13T09:38:19+00:00,56.40538229607046,-4.843174712732434,308.79999999999995,1477.67,0.933,130,0,
2026-09-13T09:38:24+00:00,56.40533912926912,-4.843147890642285,309.20000000000005,1482.76,1.008,130,0,
2026-09-13T09:38:26+00:00,56.40531565994024,-4.843144034966826,309.20000000000005,1485.38,1.026,129,0,
2026-09-13T09:38:32+00:00,56.40526897273958,-4.843131294474006,309.20000000000005,1490.67,1.092,129,52,
2026-09-13T09:38:36+00:00,56.40523971989751,-4.843109585344791,309.79999999999995,1494.18,1.073,130,53,
2026-09-13T09:38:41+00:00,56.405193619430065,-4.8430868703871965,310.4,1499.52,1.073,133,49,
2026-09-13T09:38:46+00:00,56.40517903491855,-4.843042194843292,311.0,1502.52,1.045,135,49,
2026-09-13T09:38:49+00:00,56.40516294166446,-4.843003638088703,311.4,1505.52,1.036,135,42,
2026-09-13T09:38:55+00:00,56.405165204778314,-4.842991316691041,311.6,1507.4,0.924,135,0,
2026-09-13T09:38:57+00:00,56.40516503714025,-4.842992490157485,311.6,1507.51,0.914,135,0,
2026-09-13T09:39:00+00:00,56.40516210347414,-4.842994166538119,311.6,1507.51,0.802,135,0,
2026-09-13T09:39:05+00:00,56.40516168437898,-4.842995926737785,311.4,1507.53,0.644,132,0,
2026-09-13T09:39:07+00:00,56.40516168437898,-4.842995926737785,311.4,1507.53,0.0,128,0,
2026-09-13T09:39:09+00:00,56.40516168437898,-4.842994837090373,311.6,1507.53,0.0,125,0,
2026-09-13T09:39:18+00:00,56.40515967272222,-4.8429893888533115,311.4,1507.53,0.0,124,0,
2026-09-13T09:39:35+00:00,56.40514927916229,-4.842968517914414,310.79999999999995,1507.53,0.0,121,0,
2026-09-13T09:39:46+00:00,56.40513955615461,-4.842968685552478,310.6,1507.53,0.0,118,0,
2026-09-13T09:39:55+00:00,56.40512874349952,-4.842980001121759,310.4,1507.62,0.0,115,0,
2026-09-13T09:39:57+00:00,56.405128659680486,-4.842982096597552,310.6,1507.69,0.0,118,0,
2026-09-13T09:40:06+00:00,56.40512882731855,-4.842993160709739,310.79999999999995,1508.1,0.0,114,0,
2026-09-13T09:40:23+00:00,56.40513779595494,-4.84305577352643,311.4,1512.22,0.0,112,0,
2026-09-13T09:40:29+00:00,56.40508750453591,-4.84308653511107,311.4,1517.8,0.0,111,0,
2026-09-13T09:40:33+00:00,56.40507468022406,-4.843072621151805,311.4,1519.48,0.0,110,0,
2026-09-13T09:40:43+00:00,56.40507258474827,-4.843073124065995,311.4,1519.95,0.0,109,0,
2026-09-13T09:40:49+00:00,56.40508473850787,-4.8430868703871965,311.4,1521.46,0.0,106,0,
2026-09-13T09:40:52+00:00,56.40508574433625,-4.843088882043958,311.4,1521.69,0.0,104,0,
2026-09-13T09:41:07+00:00,56.40508591197431,-4.843086702749133,311.4,1521.7,0.0,100,0,
2026-09-13T09:41:08+00:00,56.40508624725044,-4.843086702749133,311.4,1521.73,0.0,97,0,
2026-09-13T09:41:21+00:00,56.405091444030404,-4.843088714405894,311.4,1522.25,0.0,94,0,
2026-09-13T09:41:41+00:00,56.40509814955294,-4.843094581738114,311.4,1523.06,0.0,90,0,
2026-09-13T09:42:06+00:00,56.40510929748416,-4.8430656641721725,311.4,1525.06,0.0,87,0,
2026-09-13T09:42:09+00:00,56.40512295998633,-4.843008751049638,311.4,1528.67,0.0,87,0,
2026-09-13T09:42:16+00:00,56.40509462915361,-4.842911018058658,311.4,1534.6,0.0,87,60,
2026-09-13T09:42:23+00:00,56.40504785813391,-4.842927027493715,311.4,1539.8,0.0,88,0,
2026-09-13T09:42:29+00:00,56.4050087146461,-4.842912442982197,311.4,1544.49,0.0,86,0,
2026-09-13T09:42:35+00:00,56.40498138964176,-4.842916969209909,311.4,1547.66,0.0,87,0,
2026-09-13T09:42:38+00:00,56.404958087950945,-4.8429468087852,311.4,1550.7,0.0,91,0,
2026-09-13T09:42:40+00:00,56.4049481973052,-4.842955274507403,311.4,1551.88,0.0,92,0,
2026-09-13T09:42:43+00:00,56.404928751289845,-4.842946557328105,311.4,1554.1,0.0,95,0,
2026-09-13T09:42:44+00:00,56.40491961501539,-4.84294043853879,311.4,1555.18,0.0,99,0,
2026-09-13T09:42:45+00:00,56.40490469522774,-4.842945551499724,311.4,1556.66,0.0,99,0,
2026-09-13T09:42:47+00:00,56.40489270910621,-4.842957202345133,311.4,1558.19,0.0,99,0,
2026-09-13T09:42:55+00:00,56.40484887175262,-4.842926440760493,311.4,1564.5,0.0,96,0,
2026-09-13T09:42:56+00:00,56.40484258532524,-4.8429174721241,311.4,1565.39,0.0,99,0,
2026-09-13T09:42:59+00:00,56.40481517650187,-4.8429199028760195,311.4,1568.46,0.0,96,0,
2026-09-13T09:43:00+00:00,56.40481014735997,-4.842918394133449,311.4,1569.02,0.0,99,0,
2026-09-13T09:43:01+00:00,56.404805704951286,-4.842920824885368,311.4,1569.54,0.0,98,0,
2026-09-13T09:43:06+00:00,56.40479422174394,-4.842884447425604,311.4,1572.78,0.0,98,0,
2026-09-13T09:43:11+00:00,56.40477200970054,-4.842876568436623,311.4,1575.35,0.0,97,0,
2026-09-13T09:43:12+00:00,56.404773350805044,-4.842873718589544,322.6,1575.35,0.0,99,0,
2026-09-13T09:43:17+00:00,56.40474828891456,-4.842840526252985,322.6,1579.97,0.0,99,0,
2026-09-13T09:43:22+00:00,56.4047185331583,-4.8428156320005655,323.20000000000005,1583.72,0.0,100,0,
2026-09-13T09:43:24+00:00,56.4047119114548,-4.842803729698062,323.79999999999995,1584.74,0.0,98,0,
2026-09-13T09:43:29+00:00,56.40469095669687,-4.842813955619931,324.79999999999995,1587.21,0.0,100,0,
2026-09-13T09:43:30+00:00,56.404684418812394,-4.84280850738287,325.0,1587.94,0.0,101,0,
2026-09-13T09:43:34+00:00,56.40464887954295,-4.842811776325107,325.79999999999995,1591.84,0.0,100,41,
2026-09-13T09:43:36+00:00,56.40464116819203,-4.842815296724439,326.20000000000005,1592.78,0.0,102,0,
2026-09-13T09:43:39+00:00,56.404637563973665,-4.842811357229948,327.0,1594.01,0.0,104,0,
2026-09-13T09:43:41+00:00,56.40463002026081,-4.842807920649648,327.20000000000005,1594.84,0.0,106,70,
2026-09-13T09:43:45+00:00,56.40462071634829,-4.842793419957161,328.0,1597.01,0.0,108,0,
2026-09-13T09:43:46+00:00,56.40461392700672,-4.84280020929873,328.20000000000005,1597.82,0.0,109,0,
2026-09-13T09:43:51+00:00,56.404600935056806,-4.842761317268014,329.0,1600.39,0.0,112,0,
2026-09-13T09:43:52+00:00,56.40459238551557,-4.84274891205132,329.20000000000005,1601.6,0.0,112,0,
2026-09-13T09:43:58+00:00,56.40455701388419,-4.842739021405578,330.0,1605.75,0.0,115,0,
2026-09-13T09:43:59+00:00,56.4045509789139,-4.842748828232288,330.0,1606.35,0.0,112,0,
2026-09-13T09:44:00+00:00,56.40454511158168,-4.8427490796893835,330.20000000000005,1606.96,0.0,113,0,
2026-09-13T09:44:05+00:00,56.404516361653805,-4.842739189043641,331.4,1610.42,0.0,113,0,
2026-09-13T09:44:10+00:00,56.40451384708285,-4.842701051384211,332.20000000000005,1613.07,0.0,112,0,
2026-09-13T09:44:11+00:00,56.404512925073504,-4.842691412195563,332.4,1613.58,0.0,112,0,
2026-09-13T09:44:16+00:00,56.40450202859938,-4.842638103291392,333.20000000000005,1617.12,0.0,111,0,
2026-09-13T09:44:20+00:00,56.40448635444045,-4.842647658661008,333.4,1619.23,0.0,111,0,
2026-09-13T09:44:22+00:00,56.40446967445314,-4.842650508508086,333.6,1621.09,0.0,111,0,
2026-09-13T09:44:27+00:00,56.404438745230436,-4.842657800763845,334.6,1624.55,0.0,112,0,
2026-09-13T09:44:29+00:00,56.40441946685314,-4.842642126604915,335.0,1626.91,0.0,109,0,
2026-09-13T09:44:32+00:00,56.40439784154296,-4.842626787722111,335.20000000000005,1629.46,0.0,106,0,
2026-09-13T09:44:34+00:00,56.40438845381141,-4.8426169808954,335.6,1630.55,0.0,106,0,
2026-09-13T09:44:35+00:00,56.4043905492872,-4.842617819085717,335.6,1630.55,0.0,110,0,
2026-09-13T09:44:36+00:00,56.404389878734946,-4.842617819085717,335.79999999999995,1630.58,0.0,113,0,
2026-09-13T09:44:39+00:00,56.40437722206116,-4.842607174068689,336.6,1632.0,0.0,115,0,
2026-09-13T09:44:41+00:00,56.404374707490206,-4.842631733044982,337.20000000000005,1632.49,0.0,115,0,
2026-09-13T09:44:45+00:00,56.4043699298054,-4.842650173231959,337.6,1634.03,0.0,118,0,
2026-09-13T09:44:46+00:00,56.40436506830156,-4.842640534043312,337.79999999999995,1634.82,0.0,117,0,
2026-09-13T09:44:47+00:00,56.404362386092544,-4.842627122998238,338.0,1635.69,0.0,117,0,
2026-09-13T09:44:50+00:00,56.40434151515365,-4.842618573457003,338.4,1638.1,0.0,114,0,
2026-09-13T09:44:52+00:00,56.404321901500225,-4.842608766630292,338.79999999999995,1640.31,0.0,115,0,
2026-09-13T09:44:53+00:00,56.40431569889188,-4.842610443010926,338.79999999999995,1641.01,0.0,115,0,
2026-09-13T09:44:58+00:00,56.40429818071425,-4.842612203210592,339.79999999999995,1643.31,0.0,117,62,
2026-09-13T09:45:00+00:00,56.40429616905749,-4.842615807428956,339.79999999999995,1643.82,0.0,116,62,
2026-09-13T09:45:04+00:00,56.40429784543812,-4.8426424618810415,340.4,1645.84,0.0,117,0,
2026-09-13T09:45:08+00:00,56.404302874580026,-4.842629386112094,341.0,1647.14,0.0,118,0,
2026-09-13T09:45:10+00:00,56.4043059758842,-4.842629134654999,341.20000000000005,1647.47,0.0,119,0,
2026-09-13T09:45:15+00:00,56.40429658815265,-4.842630559578538,341.4,1648.66,0.0,120,0,
2026-09-13T09:45:19+00:00,56.40431251376867,-4.842617399990559,341.4,1652.18,0.0,124,0,
2026-09-13T09:45:22+00:00,56.40432734973729,-4.84260331839323,341.4,1654.02,0.0,124,0,
2026-09-13T09:45:27+00:00,56.40430689789355,-4.8425897397100925,341.4,1657.24,0.0,121,0,
2026-09-13T09:45:29+00:00,56.40429818071425,-4.8425891529768705,341.4,1658.21,0.0,124,0,
2026-09-13T09:45:32+00:00,56.40428242273629,-4.842590913176537,341.4,1660.01,0.0,123,0,
2026-09-13T09:45:36+00:00,56.40427881851792,-4.842590242624283,341.4,1661.09,0.0,121,0,
2026-09-13T09:45:40+00:00,56.404291139915586,-4.84257691539824,341.6,1662.51,0.0,119,0,
2026-09-13T09:45:46+00:00,56.40429046936333,-4.842585800215602,341.79999999999995,1664.37,0.0,118,0,
2026-09-13T09:45:49+00:00,56.404297510161996,-4.842569455504417,342.0,1665.7,0.0,115,0,
2026-09-13T09:45:50+00:00,56.40429968945682,-4.842559732496738,342.0,1665.75,0.0,115,0,
2026-09-13T09:45:52+00:00,56.404303293675184,-4.842561073601246,342.4,1666.08,0.0,114,0,
2026-09-13T09:45:57+00:00,56.40431611798704,-4.842527126893401,342.79999999999995,1667.5,0.0,114,0,
2026-09-13T09:45:59+00:00,56.404316956177354,-4.842527294531465,343.0,1668.12,0.0,114,0,
2026-09-13T09:46:01+00:00,56.40429482795298,-4.842516984790564,343.20000000000005,1670.67,0.0,114,0,
2026-09-13T09:46:06+00:00,56.40426649712026,-4.842502484098077,344.0,1674.01,0.0,114,0,
2026-09-13T09:46:07+00:00,56.40426649712026,-4.842502484098077,344.20000000000005,1674.01,0.0,115,0,
2026-09-13T09:46:19+00:00,56.40426649712026,-4.842502484098077,345.0,1674.01,0.0,119,0,
2026-09-13T09:46:23+00:00,56.40426591038704,-4.842486893758178,345.20000000000005,1674.12,0.0,120,0,
2026-09-13T09:46:32+00:00,56.40421461313963,-4.842443140223622,346.0,1679.5,0.0,121,0,
2026-09-13T09:46:35+00:00,56.404193909838796,-4.842441128566861,346.4,1680.38,0.0,121,0,
2026-09-13T09:46:36+00:00,56.40418242663145,-4.84244205057621,346.4,1680.87,0.0,121,0,
2026-09-13T09:46:40+00:00,56.40417798422277,-4.84244498424232,346.4,1681.34,0.0,121,0,
2026-09-13T09:46:46+00:00,56.40416641719639,-4.842483038082719,346.6,1683.68,0.0,121,0,
2026-09-13T09:46:50+00:00,56.40414319932461,-4.8424704652279615,346.6,1689.31,0.0,120,0,
2026-09-13T09:46:53+00:00,56.404136661440134,-4.842475662007928,346.6,1690.34,0.0,119,0,
2026-09-13T09:46:57+00:00,56.40410556457937,-4.842507345601916,346.6,1693.53,0.0,118,0,
2026-09-13T09:47:02+00:00,56.40408921986818,-4.842529641464353,346.6,1696.68,0.0,117,0,
2026-09-13T09:47:09+00:00,56.40408368781209,-4.8425455670803785,346.79999999999995,1699.35,0.0,115,0,
2026-09-13T09:47:13+00:00,56.40408620238304,-4.842554535716772,346.79999999999995,1699.99,0.0,114,0,
2026-09-13T09:47:20+00:00,56.404110258445144,-4.842525701969862,346.6,1703.01,0.0,113,0,
2026-09-13T09:47:29+00:00,56.40408913604915,-4.8425334971398115,346.79999999999995,1706.26,0.0,112,0,
2026-09-13T09:47:33+00:00,56.40406658872962,-4.84251438640058,347.4,1709.07,0.0,111,0,
2026-09-13T09:47:35+00:00,56.404056027531624,-4.842497454956174,347.79999999999995,1710.6,0.0,111,0,
2026-09-13T09:47:39+00:00,56.40403188765049,-4.842473985627294,348.6,1714.71,0.0,112,55,
2026-09-13T09:47:43+00:00,56.40402048826218,-4.8424778413027525,349.79999999999995,1716.81,0.0,113,0,
2026-09-13T09:47:44+00:00,56.404011100530624,-4.8424887377768755,350.0,1718.06,0.0,114,0,
2026-09-13T09:47:47+00:00,56.40399140305817,-4.842471471056342,350.4,1720.16,0.0,117,0,
2026-09-13T09:47:49+00:00,56.40397363342345,-4.842474404722452,350.6,1720.97,0.0,119,0,
2026-09-13T09:47:50+00:00,56.40396391041577,-4.842469627037644,350.79999999999995,1721.18,0.0,120,0,
2026-09-13T09:47:56+00:00,56.40396533533931,-4.84241858124733,351.4,1724.37,0.0,121,0,
2026-09-13T09:48:02+00:00,56.403913367539644,-4.842401314526796,351.4,1730.78,0.0,119,0,
2026-09-13T09:48:07+00:00,56.40391303226352,-4.842406595125794,351.79999999999995,1734.05,0.0,117,0,
2026-09-13T09:48:14+00:00,56.403912948444486,-4.842413803562522,351.6,1735.78,0.0,118,0,
2026-09-13T09:48:20+00:00,56.403928035870194,-4.8424171563237906,351.79999999999995,1737.43,0.0,118,0,
2026-09-13T09:48:22+00:00,56.40392476692796,-4.842421095818281,351.79999999999995,1737.43,0.0,117,0,
2026-09-13T09:48:26+00:00,56.40391839668155,-4.842434674501419,351.79999999999995,1738.23,0.0,113,0,
2026-09-13T09:48:29+00:00,56.40391848050058,-4.842434087768197,351.6,1738.23,0.0,110,0,
2026-09-13T09:48:36+00:00,56.40391848050058,-4.842434087768197,351.6,1738.23,0.0,107,0,
2026-09-13T09:48:40+00:00,56.40391848050058,-4.842434087768197,351.6,1738.23,0.0,103,0,
2026-09-13T09:48:43+00:00,56.40391839668155,-4.842434674501419,351.6,1738.27,0.0,100,0,
2026-09-13T09:48:47+00:00,56.403909511864185,-4.842453533783555,351.6,1739.78,0.0,97,0,
2026-09-13T09:48:54+00:00,56.4039071649313,-4.842478260397911,351.4,1741.21,0.0,94,0,
2026-09-13T09:49:00+00:00,56.40389299951494,-4.842516649514437,351.79999999999995,1744.61,0.0,97,0,
2026-09-13T09:49:03+00:00,56.4038519281894,-4.842495610937476,352.0,1748.88,0.0,98,0,
2026-09-13T09:49:08+00:00,56.40381144359708,-4.8424904979765415,352.79999999999995,1752.83,0.0,98,43,
2026-09-13T09:49:09+00:00,56.403805408626795,-4.842484127730131,353.0,1753.1,0.0,98,43,
2026-09-13T09:49:12+00:00,56.40380289405584,-4.842455042526126,353.6,1755.26,0.0,97,0,
2026-09-13T09:49:14+00:00,56.403790321201086,-4.842452360317111,354.0,1756.67,0.0,97,0,
2026-09-13T09:49:18+00:00,56.40381152741611,-4.84244498424232,354.79999999999995,1758.98,0.0,98,0,
2026-09-13T09:49:21+00:00,56.403807336464524,-4.842401146888733,355.0,1761.73,0.0,98,0,
2026-09-13T09:49:22+00:00,56.40380725264549,-4.842422939836979,355.20000000000005,1763.06,0.0,99,66,
2026-09-13T09:49:27+00:00,56.403794176876545,-4.842508686706424,355.4,1769.31,0.233,100,0,
2026-09-13T09:49:30+00:00,56.403764924034476,-4.842567862942815,355.79999999999995,1773.55,0.243,96,0,
2026-09-13T09:49:31+00:00,56.40376802533865,-4.84255688264966,356.0,1774.32,0.252,98,0,
2026-09-13T09:49:32+00:00,56.40376953408122,-4.842556212097406,356.20000000000005,1774.32,0.261,98,0,
2026-09-13T09:49:34+00:00,56.40376810915768,-4.842545315623283,356.6,1774.32,0.299,98,0,
2026-09-13T09:49:37+00:00,56.40372938476503,-4.84251581132412,357.0,1778.98,0.401,97,0,
2026-09-13T09:49:39+00:00,56.40370172448456,-4.842515476047993,357.20000000000005,1781.95,0.411,97,0,
2026-09-13T09:49:40+00:00,56.403697449713945,-4.8425179067999125,357.4,1782.44,0.42,97,0,
2026-09-13T09:49:44+00:00,56.40365470200777,-4.842528887093067,358.0,1787.33,0.467,97,0,
2026-09-13T09:49:46+00:00,56.403637854382396,-4.842511033639312,358.20000000000005,1790.23,0.513,97,0,
2026-09-13T09:49:49+00:00,56.40361849218607,-4.84251388348639,358.79999999999995,1792.75,0.625,99,43,
2026-09-13T09:49:52+00:00,56.40361220575869,-4.842547494918108,359.4,1794.53,0.793,101,43,
2026-09-13T09:49:54+00:00,56.403613379225135,-4.842582195997238,360.0,1796.71,0.877,104,0,
2026-09-13T09:49:56+00:00,56.4036167319864,-4.842569036409259,360.4,1797.32,0.224,105,0,
2026-09-13T09:50:01+00:00,56.40359125100076,-4.842581273987889,361.6,1800.64,0.0,107,0,
2026-09-13T09:50:02+00:00,56.40357951633632,-4.842576747760177,361.79999999999995,1801.97,0.0,106,0,
2026-09-13T09:50:07+00:00,56.40355663374066,-4.842571886256337,362.6,1804.67,0.0,109,0,
2026-09-13T09:50:11+00:00,56.40352134592831,-4.842607257887721,363.20000000000005,1808.74,0.0,110,0,
2026-09-13T09:50:13+00:00,56.40350416302681,-4.842638438567519,363.4,1811.8,0.0,113,0,
2026-09-13T09:50:14+00:00,56.403504665941,-4.842639779672027,363.4,1811.86,0.0,112,0,
2026-09-13T09:50:16+00:00,56.40351137146354,-4.8426206689327955,363.6,1813.41,0.0,116,0,
2026-09-13T09:50:18+00:00,56.40352997928858,-4.842585548758507,364.0,1816.34,0.0,114,49,
2026-09-13T09:50:21+00:00,56.4035255368799,-4.842621674761176,364.6,1818.81,0.299,113,49,
2026-09-13T09:50:22+00:00,56.403516149148345,-4.8426274582743645,364.79999999999995,1819.92,0.355,114,49,
2026-09-13T09:50:23+00:00,56.403508353978395,-4.842643132433295,365.20000000000005,1821.19,0.411,117,0,
2026-09-13T09:50:25+00:00,56.40350181609392,-4.842644892632961,365.4,1822.73,0.42,117,0,
2026-09-13T09:50:27+00:00,56.40350709669292,-4.842605162411928,365.79999999999995,1825.21,0.0,119,0,
2026-09-13T09:50:29+00:00,56.40350709669292,-4.842565851286054,366.20000000000005,1827.18,0.0,121,0,
2026-09-13T09:50:33+00:00,56.403489243239164,-4.842580268159509,366.6,1830.05,0.0,124,0,
2026-09-13T09:50:34+00:00,56.40348848886788,-4.842579932883382,366.79999999999995,1830.05,0.0,124,0,
2026-09-13T09:50:35+00:00,56.40348848886788,-4.842579932883382,367.0,1830.05,0.0,126,0,
2026-09-13T09:50:38+00:00,56.40348848886788,-4.842579932883382,367.4,1830.05,0.0,129,0,
2026-09-13T09:50:42+00:00,56.40348848886788,-4.842579932883382,368.0,1830.05,0.0,130,0,
2026-09-13T09:50:45+00:00,56.40347239561379,-4.842578005045652,368.6,1830.2,0.0,131,0,
2026-09-13T09:50:48+00:00,56.4034388680011,-4.842600720003247,369.0,1833.88,0.0,130,0,
2026-09-13T09:50:49+00:00,56.403427217155695,-4.842602228745818,369.0,1835.18,0.0,129,0,
2026-09-13T09:50:54+00:00,56.403371058404446,-4.842569371685386,369.6,1841.95,0.0,128,0,
2026-09-13T09:50:56+00:00,56.403358820825815,-4.842564761638641,370.20000000000005,1843.21,0.0,129,0,
2026-09-13T09:51:01+00:00,56.40331515111029,-4.842546069994569,371.4,1848.22,0.0,131,0,
2026-09-13T09:51:06+00:00,56.403291430324316,-4.842530395835638,372.20000000000005,1850.4,0.0,130,0,
2026-09-13T09:51:07+00:00,56.40329545363784,-4.842518996447325,372.4,1851.23,0.0,131,0,
2026-09-13T09:51:09+00:00,56.40329545363784,-4.84252511523664,372.79999999999995,1851.65,0.0,131,0,
2026-09-13T09:51:13+00:00,56.40326033346355,-4.842529222369194,373.4,1854.91,0.0,133,0,
2026-09-13T09:51:14+00:00,56.40324608422816,-4.842535089701414,373.6,1856.5,0.0,133,0,
2026-09-13T09:51:19+00:00,56.40323736704886,-4.842504831030965,374.6,1859.32,0.0,133,0,
2026-09-13T09:51:20+00:00,56.403231834992766,-4.842498628422618,374.79999999999995,1859.83,0.0,132,0,
2026-09-13T09:51:24+00:00,56.40322965569794,-4.842492509633303,375.6,1860.79,0.0,132,0,
2026-09-13T09:51:26+00:00,56.403225883841515,-4.842508099973202,376.0,1861.07,0.0,131,0,
2026-09-13T09:51:30+00:00,56.4032057672739,-4.842517739161849,376.79999999999995,1862.44,0.0,132,0,
2026-09-13T09:51:32+00:00,56.40319051221013,-4.842526288703084,377.0,1864.28,0.0,132,0,
2026-09-13T09:51:38+00:00,56.403151201084256,-4.842505417764187,377.79999999999995,1869.43,0.0,133,0,
2026-09-13T09:51:39+00:00,56.40315220691264,-4.842509189620614,378.0,1869.49,0.0,133,0,
2026-09-13T09:51:43+00:00,56.403159918263555,-4.842451773583889,378.6,1873.39,0.0,134,0,
2026-09-13T09:51:46+00:00,56.4032023306936,-4.842371726408601,379.0,1880.23,0.0,134,0,
2026-09-13T09:51:49+00:00,56.40320677310228,-4.842366026714444,379.20000000000005,1880.88,0.0,135,0,
2026-09-13T09:51:53+00:00,56.40318037010729,-4.842334259301424,380.20000000000005,1884.92,0.0,134,0,
2026-09-13T09:51:55+00:00,56.40316209755838,-4.842333672568202,380.4,1886.64,0.0,133,0,
2026-09-13T09:52:00+00:00,56.40314030461013,-4.842330822721124,381.4,1889.81,0.0,133,59,
2026-09-13T09:52:01+00:00,56.4031404722482,-4.842332415282726,381.6,1889.81,0.233,133,0,
2026-09-13T09:52:07+00:00,56.403139885514975,-4.842323865741491,382.6,1890.27,0.0,133,0,
2026-09-13T09:52:08+00:00,56.40313762240112,-4.842308443039656,382.6,1891.06,0.0,134,0,
2026-09-13T09:52:12+00:00,56.403138376772404,-4.842234682291746,383.6,1894.82,0.0,133,0,
2026-09-13T09:52:13+00:00,56.40313779003918,-4.842211380600929,383.79999999999995,1895.87,0.0,135,0,
2026-09-13T09:52:15+00:00,56.40312111005187,-4.842205597087741,384.0,1897.51,0.0,138,0,
2026-09-13T09:52:16+00:00,56.40311733819544,-4.842195035889745,384.20000000000005,1897.66,0.0,137,0,
2026-09-13T09:52:19+00:00,56.40309319831431,-4.842230910435319,384.6,1901.08,0.0,138,0,
2026-09-13T09:52:22+00:00,56.40305279754102,-4.84225882217288,385.20000000000005,1904.44,0.0,139,0,
2026-09-13T09:52:26+00:00,56.40305162407458,-4.842247758060694,385.6,1905.85,0.0,142,0,
2026-09-13T09:52:28+00:00,56.403050031512976,-4.842245159670711,385.6,1906.36,0.0,143,0,
2026-09-13T09:52:32+00:00,56.40306059271097,-4.8422004003077745,386.6,1909.91,0.0,142,0,
2026-09-13T09:52:33+00:00,56.403064616024494,-4.842198891565204,386.79999999999995,1910.36,0.0,143,0,
2026-09-13T09:52:36+00:00,56.40304148197174,-4.842249266803265,387.4,1914.59,0.0,141,0,
2026-09-13T09:52:40+00:00,56.40299026854336,-4.8422984685748816,387.79999999999995,1921.18,0.0,138,0,
2026-09-13T09:52:41+00:00,56.40298088081181,-4.842293355613947,388.0,1922.27,0.0,137,0,
2026-09-13T09:52:46+00:00,56.40296168625355,-4.842290505766869,388.79999999999995,1924.58,0.0,135,0,
2026-09-13T09:52:48+00:00,56.40296906232834,-4.842271311208606,389.0,1925.98,0.0,134,0,
2026-09-13T09:52:51+00:00,56.40296554192901,-4.842257564887404,389.4,1927.38,0.0,133,0,
2026-09-13T09:52:57+00:00,56.40297249890864,-4.842208446934819,390.20000000000005,1931.12,0.0,135,0,
2026-09-13T09:53:00+00:00,56.40295774675906,-4.842226887121797,391.20000000000005,1933.08,0.0,134,42,
2026-09-13T09:53:02+00:00,56.40294031240046,-4.842222696170211,391.4,1934.91,0.308,133,0,
2026-09-13T09:53:07+00:00,56.402902090922,-4.842192521318793,392.20000000000005,1939.89,0.0,133,0,
2026-09-13T09:53:11+00:00,56.40288985334337,-4.842188246548176,392.79999999999995,1941.58,0.0,134,0,
2026-09-13T09:53:16+00:00,56.40284299850464,-4.842250607907772,393.0,1948.27,0.0,134,0,
2026-09-13T09:53:20+00:00,56.40282841399312,-4.84220995567739,393.20000000000005,1951.45,0.0,134,64,
2026-09-13T09:53:21+00:00,56.402821373194456,-4.842206183820963,393.20000000000005,1952.25,0.0,135,64,
2026-09-13T09:53:23+00:00,56.40281525440514,-4.842191347852349,393.4,1953.27,0.233,138,0,
2026-09-13T09:53:27+00:00,56.40278767794371,-4.842146756127477,394.0,1957.53,0.0,140,0,
2026-09-13T09:53:30+00:00,56.402778290212154,-4.842123789712787,394.4,1959.35,0.0,141,0,
2026-09-13T09:53:33+00:00,56.402784157544374,-4.842087579891086,395.0,1961.4,0.0,141,0,
2026-09-13T09:53:38+00:00,56.40273596160114,-4.842110546305776,395.0,1967.89,0.0,140,0,
2026-09-13T09:53:41+00:00,56.40273931436241,-4.842068552970886,395.4,1973.14,0.0,141,0,
2026-09-13T09:53:42+00:00,56.40273747034371,-4.842057069763541,395.6,1973.8,0.0,140,0,
2026-09-13T09:53:44+00:00,56.40273026190698,-4.842070732265711,395.79999999999995,1974.6,0.0,140,0,
2026-09-13T09:53:49+00:00,56.40271006152034,-4.842034438624978,396.20000000000005,1977.99,0.0,139,57,
2026-09-13T09:53:54+00:00,56.40269296243787,-4.842027062550187,396.6,1980.49,0.0,137,0,
2026-09-13T09:53:55+00:00,56.402686927467585,-4.842022201046348,396.6,1981.22,0.0,136,0,
2026-09-13T09:53:58+00:00,56.40267787501216,-4.841993618756533,396.6,1983.15,0.0,132,0,
2026-09-13T09:54:00+00:00,56.40267292968929,-4.84198858961463,396.6,1983.99,0.0,131,0,
2026-09-13T09:54:05+00:00,56.40264728106558,-4.841983141377568,396.6,1987.07,0.0,131,78,
2026-09-13T09:54:10+00:00,56.402620961889625,-4.841935029253364,396.6,1991.18,0.224,129,0,
2026-09-13T09:54:13+00:00,56.40260805375874,-4.841913320124149,397.0,1993.06,0.0,126,0,
2026-09-13T09:54:16+00:00,56.40259279869497,-4.84190653078258,397.20000000000005,1994.39,0.0,127,0,
2026-09-13T09:54:18+00:00,56.40258408151567,-4.841898903250694,397.6,1995.55,0.0,126,78,
2026-09-13T09:54:22+00:00,56.402591709047556,-4.841843415051699,398.0,1999.18,0.308,127,0,
2026-09-13T09:54:23+00:00,56.40259623527527,-4.841812150552869,398.20000000000005,2001.17,0.233,127,0,
2026-09-13T09:54:27+00:00,56.40258165076375,-4.841813743114471,398.6,2002.36,0.243,129,0,
2026-09-13T09:54:30+00:00,56.40254988335073,-4.841821203008294,398.6,2005.52,0.0,130,0,
2026-09-13T09:54:31+00:00,56.40252633020282,-4.841905357316136,398.79999999999995,2011.19,0.0,130,0,
2026-09-13T09:54:34+00:00,56.40253513120115,-4.841944668442011,398.79999999999995,2013.53,0.0,130,0,
2026-09-13T09:54:36+00:00,56.40254150144756,-4.841941818594933,399.0,2014.92,0.0,132,0,
2026-09-13T09:54:38+00:00,56.402527168393135,-4.841948775574565,399.20000000000005,2016.57,0.0,135,0,
2026-09-13T09:54:41+00:00,56.40250403434038,-4.841964449733496,399.4,2019.3,0.0,138,0,
2026-09-13T09:54:47+00:00,56.4024876896292,-4.841962773352861,399.6,2021.93,0.0,135,0,
2026-09-13T09:54:51+00:00,56.402462124824524,-4.841965874657035,399.4,2023.81,0.0,135,0,
2026-09-13T09:54:57+00:00,56.40246111899614,-4.841932347044349,399.4,2029.24,0.0,134,0,
2026-09-13T09:55:01+00:00,56.40246472321451,-4.841854395344853,399.79999999999995,2033.95,0.0,132,0,
2026-09-13T09:55:03+00:00,56.4024979993701,-4.841815670952201,400.0,2038.4,0.0,128,0,
2026-09-13T09:55:05+00:00,56.40253387391567,-4.841739144176245,400.4,2044.63,0.0,125,0,
2026-09-13T09:55:07+00:00,56.40255524776876,-4.841683823615313,400.6,2048.71,0.0,126,0,
2026-09-13T09:55:09+00:00,56.40253714285791,-4.84166756272316,400.79999999999995,2050.37,0.0,125,0,
2026-09-13T09:55:13+00:00,56.40255281701684,-4.841673262417316,401.0,2055.23,0.0,122,0,
2026-09-13T09:55:17+00:00,56.4025635458529,-4.841658174991608,401.4,2057.05,0.0,120,0,
2026-09-13T09:55:20+00:00,56.40255709178746,-4.841653062030673,401.4,2057.16,0.0,123,0,
2026-09-13T09:55:26+00:00,56.40251995995641,-4.841695977374911,401.4,2060.82,0.0,126,0,
2026-09-13T09:55:30+00:00,56.402490958571434,-4.841760518029332,401.6,2066.21,0.0,127,0,
2026-09-13T09:55:32+00:00,56.40248483978212,-4.841753980144858,401.79999999999995,2066.83,0.0,128,50,
2026-09-13T09:55:34+00:00,56.40249556861818,-4.841743838042021,402.0,2068.05,0.224,126,50,
2026-09-13T09:55:39+00:00,56.402510991320014,-4.841716848313808,402.4,2070.56,0.233,124,0,
2026-09-13T09:55:43+00:00,56.402516942471266,-4.841670328751206,402.79999999999995,2073.71,0.0,122,76,
2026-09-13T09:55:46+00:00,56.402513924986124,-4.841637220233679,403.20000000000005,2075.65,0.0,121,0,
2026-09-13T09:55:49+00:00,56.402514008805156,-4.841636884957552,403.79999999999995,2076.07,0.0,119,0,
2026-09-13T09:55:51+00:00,56.40251954086125,-4.841616181656718,404.0,2076.79,0.0,119,0,
2026-09-13T09:55:56+00:00,56.402501268312335,-4.841669322922826,404.4,2081.47,0.0,116,0,
2026-09-13T09:55:59+00:00,56.40246665105224,-4.8417233023792505,404.79999999999995,2087.0,0.0,119,0,
2026-09-13T09:56:02+00:00,56.4024390745908,-4.8417017608881,405.4,2089.29,0.0,119,0,
2026-09-13T09:56:05+00:00,56.402434380725026,-4.841637136414647,406.0,2093.43,0.0,118,0,
2026-09-13T09:56:06+00:00,56.40243127942085,-4.841635292395949,406.20000000000005,2093.73,0.0,118,0,
2026-09-13T09:56:10+00:00,56.402399092912674,-4.841632274910808,407.0,2097.28,0.0,120,0,
2026-09-13T09:56:12+00:00,56.40238660387695,-4.841641578823328,407.20000000000005,2098.8,0.0,120,0,
2026-09-13T09:56:18+00:00,56.40238090418279,-4.841651218011975,407.4,2101.0,0.0,123,0,
2026-09-13T09:56:21+00:00,56.402385514229536,-4.841640153899789,407.6,2101.98,0.0,126,0,
2026-09-13T09:56:22+00:00,56.402386017143726,-4.841641411185265,407.79999999999995,2102.04,0.0,126,0,
2026-09-13T09:56:26+00:00,56.402386017143726,-4.841641411185265,408.0,2102.04,0.0,126,0,
2026-09-13T09:56:33+00:00,56.402386017143726,-4.841641411185265,409.0,2102.04,0.0,127,0,
2026-09-13T09:56:39+00:00,56.4023822452873,-4.841641411185265,410.0,2102.04,0.0,124,0,
2026-09-13T09:56:40+00:00,56.40238132327795,-4.841641411185265,410.20000000000005,2102.04,0.0,123,0,
2026-09-13T09:56:47+00:00,56.40236380510032,-4.841618277132511,411.20000000000005,2102.11,0.0,123,0,
2026-09-13T09:56:52+00:00,56.40236380510032,-4.841618277132511,412.4,2102.11,0.0,125,0,
2026-09-13T09:56:58+00:00,56.402351232245564,-4.841588102281094,413.4,2102.57,0.0,124,0,
2026-09-13T09:57:01+00:00,56.40234678983688,-4.841578966006637,414.0,2102.57,0.0,125,0,
2026-09-13T09:57:04+00:00,56.40234335325658,-4.841566812247038,414.4,2102.57,0.0,125,0,
2026-09-13T09:57:11+00:00,56.40227369964123,-4.841520460322499,415.6,2108.94,0.588,126,0,
2026-09-13T09:57:14+00:00,56.402250062674284,-4.84147796407342,416.20000000000005,2109.87,0.513,129,0,
2026-09-13T09:57:15+00:00,56.40222927555442,-4.841471426188946,416.4,2111.96,0.513,129,0,
2026-09-13T09:57:17+00:00,56.40217705629766,-4.841456087306142,416.6,2117.69,1.484,129,0,
2026-09-13T09:57:18+00:00,56.402167081832886,-4.8414435144513845,416.6,2119.05,2.062,130,0,
2026-09-13T09:57:19+00:00,56.402161130681634,-4.841426331549883,416.79999999999995,2120.25,2.202,131,0,
2026-09-13T09:57:21+00:00,56.40213984064758,-4.84139883890748,417.0,2123.37,1.95,133,0,
2026-09-13T09:57:23+00:00,56.402135733515024,-4.841396911069751,417.20000000000005,2124.13,1.819,134,0,
2026-09-13T09:57:25+00:00,56.402142606675625,-4.841394312679768,417.6,2125.4,1.726,134,0,
2026-09-13T09:57:26+00:00,56.402146546170115,-4.841406885534525,417.79999999999995,2126.29,1.689,135,0,
2026-09-13T09:57:28+00:00,56.40214369632304,-4.841414513066411,418.0,2126.98,1.596,134,0,
2026-09-13T09:57:31+00:00,56.40212676487863,-4.841418452560902,418.6,2129.12,1.484,136,0,
2026-09-13T09:57:32+00:00,56.402127016335726,-4.841413758695126,418.79999999999995,2129.39,0.0,136,0,
2026-09-13T09:57:37+00:00,56.40210002660751,-4.841382997110486,419.79999999999995,2133.07,0.0,134,0,
2026-09-13T09:57:42+00:00,56.4020870346576,-4.841362042352557,420.79999999999995,2134.38,0.0,131,0,
2026-09-13T09:57:43+00:00,56.40209969133139,-4.84134410507977,420.79999999999995,2135.91,0.0,131,0,
2026-09-13T09:57:47+00:00,56.40211804769933,-4.841286772862077,421.6,2141.6,0.0,131,0,
2026-09-13T09:57:50+00:00,56.4021094981581,-4.841278558596969,422.0,2142.72,0.0,132,0,
2026-09-13T09:57:53+00:00,56.40211016871035,-4.8412747867405415,422.6,2142.76,0.0,132,46,
2026-09-13T09:57:56+00:00,56.40211385674775,-4.841265315189958,423.20000000000005,2143.47,0.233,133,0,
2026-09-13T09:57:58+00:00,56.40211737714708,-4.841259364038706,423.79999999999995,2144.62,0.0,133,0,
2026-09-13T09:58:01+00:00,56.40214143320918,-4.841230865567923,424.20000000000005,2148.69,0.0,135,0,
2026-09-13T09:58:02+00:00,56.40210907906294,-4.841216532513499,424.4,2151.85,0.0,135,18,
2026-09-13T09:58:07+00:00,56.402081083506346,-4.841202199459076,425.0,2156.61,0.401,138,18,
2026-09-13T09:58:09+00:00,56.40208611264825,-4.841216700151563,425.4,2157.67,0.448,138,0,
2026-09-13T09:58:12+00:00,56.402090806514025,-4.841232290491462,426.0,2158.79,0.0,135,0,
2026-09-13T09:58:17+00:00,56.402028696611524,-4.841213431209326,426.6,2165.79,0.0,133,0,
2026-09-13T09:58:22+00:00,56.40199835412204,-4.841193985193968,427.20000000000005,2169.83,0.0,132,0,
2026-09-13T09:58:24+00:00,56.40199366025627,-4.841192224994302,427.6,2170.34,0.0,132,0,
2026-09-13T09:58:27+00:00,56.4019831828773,-4.841200187802315,427.79999999999995,2171.89,0.0,135,0,
2026-09-13T09:58:29+00:00,56.40199106186628,-4.841202953830361,427.79999999999995,2172.79,0.0,136,0,
2026-09-13T09:58:33+00:00,56.40199089422822,-4.841208821162581,428.0,2173.44,0.0,133,0,
2026-09-13T09:58:36+00:00,56.40199240297079,-4.841216197237372,428.0,2174.13,0.0,131,0,
2026-09-13T09:58:40+00:00,56.4020109269768,-4.841203540563583,428.0,2180.11,0.709,130,0,
2026-09-13T09:58:49+00:00,56.402007238939404,-4.841207815334201,427.79999999999995,2180.65,0.0,127,0,
2026-09-13T09:58:55+00:00,56.40196734108031,-4.84122977592051,427.6,2185.48,0.0,126,0,
2026-09-13T09:58:57+00:00,56.402001455426216,-4.84124050475657,427.6,2189.63,0.0,126,0,
2026-09-13T09:59:01+00:00,56.402018554508686,-4.841230781748891,427.79999999999995,2191.62,0.0,126,0,
2026-09-13T09:59:04+00:00,56.401967676356435,-4.841228686273098,428.0,2198.14,0.0,125,0,
2026-09-13T09:59:09+00:00,56.40196683816612,-4.841197589412332,428.4,2202.61,0.0,122,0,
2026-09-13T09:59:14+00:00,56.40201142989099,-4.841169007122517,428.4,2208.15,0.0,119,0,
2026-09-13T09:59:15+00:00,56.40202081762254,-4.841168504208326,428.4,2209.2,0.0,119,0,
2026-09-13T09:59:20+00:00,56.4020265173167,-4.84116967767477,428.4,2210.45,0.0,118,0,
2026-09-13T09:59:30+00:00,56.40195661224425,-4.841167833656073,428.6,2218.23,0.0,116,0,
2026-09-13T09:59:31+00:00,56.4019575342536,-4.841169090941548,428.6,2218.23,0.0,117,0,
2026-09-13T09:59:36+00:00,56.40193473547697,-4.841161547228694,429.20000000000005,2220.73,0.0,114,0,
2026-09-13T09:59:40+00:00,56.40192057006061,-4.841173198074102,429.6,2223.63,0.0,114,0,
2026-09-13T09:59:41+00:00,56.401905147358775,-4.841181915253401,429.6,2225.4,0.0,114,0,
2026-09-13T09:59:47+00:00,56.40188100747764,-4.841173198074102,429.6,2229.5,0.0,112,0,
2026-09-13T09:59:52+00:00,56.401875810697675,-4.841178730130196,429.6,2231.24,0.0,110,0,
2026-09-13T09:59:59+00:00,56.40186432749033,-4.841180490329862,429.4,2232.15,0.0,108,0,
2026-09-13T10:00:03+00:00,56.40184052288532,-4.841184178367257,429.20000000000005,2234.78,0.0,109,0,
2026-09-13T10:00:08+00:00,56.40181101858616,-4.841236649081111,429.20000000000005,2240.14,0.0,108,0,
2026-09-13T10:00:13+00:00,56.40180582180619,-4.8412674106657505,429.20000000000005,2242.1,0.0,108,0,
2026-09-13T10:00:18+00:00,56.401776233688,-4.8412576876580715,429.20000000000005,2246.08,0.0,107,0,
2026-09-13T10:00:25+00:00,56.40175930224359,-4.841305883601308,430.6,2249.44,0.0,107,0,
2026-09-13T10:00:30+00:00,56.401754105463624,-4.8413018602877855,431.6,2251.37,0.0,106,0,
2026-09-13T10:00:31+00:00,56.401755195111036,-4.84130160883069,431.6,2251.46,0.0,108,0,
2026-09-13T10:00:37+00:00,56.401737593114376,-4.841295070946217,432.79999999999995,2253.65,0.0,112,0,
2026-09-13T10:00:41+00:00,56.40172351151705,-4.841261962428689,433.4,2256.36,0.0,114,0,
2026-09-13T10:00:45+00:00,56.40170850791037,-4.841224495321512,433.6,2258.8,0.233,117,0,
2026-09-13T10:00:46+00:00,56.401705741882324,-4.841221142560244,433.79999999999995,2258.8,0.0,116,0,
2026-09-13T10:00:51+00:00,56.40167229808867,-4.84117797575891,433.79999999999995,2262.74,0.0,116,0,
2026-09-13T10:00:55+00:00,56.40167808160186,-4.841184597462416,433.79999999999995,2263.47,0.0,119,0,
2026-09-13T10:01:00+00:00,56.4016861282289,-4.841141682118177,433.79999999999995,2266.23,0.0,119,0,
2026-09-13T10:01:05+00:00,56.401694007217884,-4.84111444093287,434.0,2269.03,0.0,118,41,
2026-09-13T10:01:07+00:00,56.4017035625875,-4.8411051370203495,434.20000000000005,2270.23,0.243,118,0,
2026-09-13T10:01:14+00:00,56.40169316902757,-4.841075297445059,434.79999999999995,2272.36,0.0,117,0,
2026-09-13T10:01:17+00:00,56.40169761143625,-4.841081835329533,434.79999999999995,2274.47,0.0,120,0,
2026-09-13T10:01:20+00:00,56.401694593951106,-4.8410742077976465,435.0,2276.18,0.0,122,0,
2026-09-13T10:01:21+00:00,56.401689229533076,-4.841083595529199,435.0,2276.76,0.0,120,0,
2026-09-13T10:01:23+00:00,56.401682775467634,-4.841091223061085,435.20000000000005,2277.53,0.0,118,0,
2026-09-13T10:01:26+00:00,56.40167280100286,-4.841090468689799,435.6,2279.1,0.0,121,0,
2026-09-13T10:01:27+00:00,56.40167523175478,-4.8410942405462265,435.6,2279.45,0.0,122,0,
2026-09-13T10:01:29+00:00,56.40166684985161,-4.841096336022019,436.0,2280.38,0.0,125,0,
2026-09-13T10:01:30+00:00,56.40165260061622,-4.8410809971392155,436.20000000000005,2282.22,0.0,123,0,
2026-09-13T10:01:31+00:00,56.40163893811405,-4.841066161170602,436.4,2283.9,0.0,123,0,
2026-09-13T10:01:35+00:00,56.40160138718784,-4.84102550894022,437.4,2288.82,1.484,124,0,
2026-09-13T10:01:37+00:00,56.401601722463965,-4.8410282749682665,438.0,2289.03,1.586,126,0,
2026-09-13T10:01:38+00:00,56.40159593895078,-4.841014947742224,438.20000000000005,2289.85,0.233,123,0,
2026-09-13T10:01:39+00:00,56.40158814378083,-4.841001620516181,438.6,2290.66,0.0,123,0,
2026-09-13T10:01:42+00:00,56.401556795462966,-4.840991981327534,439.4,2294.11,0.261,120,0,
2026-09-13T10:01:43+00:00,56.40155511908233,-4.840990724042058,439.4,2294.11,0.336,120,0,
2026-09-13T10:01:44+00:00,56.40155067667365,-4.840975049883127,439.6,2294.95,0.411,119,0,
2026-09-13T10:01:46+00:00,56.40154145658016,-4.84097178094089,440.0,2295.88,0.476,119,0,
2026-09-13T10:01:50+00:00,56.40151756815612,-4.84099667519331,440.6,2298.92,0.224,120,0,
2026-09-13T10:01:52+00:00,56.40149594284594,-4.841020060703158,441.20000000000005,2301.66,0.233,122,0,
2026-09-13T10:01:56+00:00,56.40149250626564,-4.840956525877118,442.0,2305.68,0.233,126,0,
2026-09-13T10:02:00+00:00,56.40146769583225,-4.840960297733545,442.6,2308.2,0.252,127,0,
2026-09-13T10:02:04+00:00,56.40146467834711,-4.84095761552453,443.0,2309.3,0.0,128,48,
2026-09-13T10:02:05+00:00,56.401460906490684,-4.840962225571275,443.0,2309.78,0.0,128,48,
2026-09-13T10:02:10+00:00,56.40145042911172,-4.8409325536340475,443.4,2311.82,0.476,128,0,
2026-09-13T10:02:15+00:00,56.40142980962992,-4.840941354632378,443.4,2314.9,0.336,127,49,
2026-09-13T10:02:18+00:00,56.401427211239934,-4.840992065146565,443.20000000000005,2318.1,0.504,127,49,
2026-09-13T10:02:22+00:00,56.40139200724661,-4.841003464534879,443.4,2322.42,0.634,125,0,
2026-09-13T10:02:27+00:00,56.401371136307716,-4.840964488685131,443.79999999999995,2325.79,0.233,125,0,
2026-09-13T10:02:29+00:00,56.40137130394578,-4.840976558625698,444.0,2326.78,0.224,125,0,
2026-09-13T10:02:31+00:00,56.40136644244194,-4.840984018519521,444.0,2327.4,0.224,124,0,
2026-09-13T10:02:36+00:00,56.401331489905715,-4.840961052104831,444.20000000000005,2331.55,0.224,123,0,
2026-09-13T10:02:42+00:00,56.40128421597183,-4.840938840061426,444.20000000000005,2336.9,0.243,121,0,
2026-09-13T10:02:46+00:00,56.40119729563594,-4.840973289683461,443.79999999999995,2346.61,0.308,119,0,
2026-09-13T10:02:48+00:00,56.40118606388569,-4.840960381552577,443.4,2347.99,1.875,118,0,
2026-09-13T10:02:49+00:00,56.40118011273444,-4.840948395431042,443.4,2348.9,1.875,118,53,
2026-09-13T10:02:50+00:00,56.40118321403861,-4.840926351025701,443.4,2350.14,1.819,117,53,
2026-09-13T10:02:52+00:00,56.40118572860956,-4.84090187586844,443.20000000000005,2351.36,1.381,117,53,
2026-09-13T10:02:53+00:00,56.40118137001991,-4.840901959687471,443.20000000000005,2351.75,1.362,117,53,
2026-09-13T10:02:54+00:00,56.40117734670639,-4.840899696573615,443.20000000000005,2352.16,1.278,116,53,
2026-09-13T10:02:58+00:00,56.40118170529604,-4.840872874483466,443.4,2354.23,0.0,116,0,
2026-09-13T10:03:04+00:00,56.401175670325756,-4.840807495638728,444.0,2358.04,0.0,114,0,
2026-09-13T10:03:09+00:00,56.40118698589504,-4.8407794162631035,445.0,2360.18,0.261,112,67,
2026-09-13T10:03:10+00:00,56.40117919072509,-4.840777823701501,445.0,2361.05,0.299,112,67,
2026-09-13T10:03:14+00:00,56.40115496702492,-4.840717222541571,445.4,2365.85,1.185,113,0,
2026-09-13T10:03:16+00:00,56.40113141387701,-4.840742200613022,445.6,2368.92,1.138,115,0,
2026-09-13T10:03:18+00:00,56.401113057509065,-4.840752342715859,445.79999999999995,2371.05,1.269,116,0,
2026-09-13T10:03:22+00:00,56.40109813772142,-4.840760389342904,446.20000000000005,2372.77,0.0,119,0,
2026-09-13T10:03:24+00:00,56.40107416547835,-4.840751336887479,446.20000000000005,2375.09,0.336,118,0,
2026-09-13T10:03:28+00:00,56.40104826539755,-4.840705823153257,446.79999999999995,2377.49,1.306,118,0,
2026-09-13T10:03:30+00:00,56.40104181133211,-4.840699955821037,446.79999999999995,2377.86,0.0,119,0,
2026-09-13T10:03:36+00:00,56.40106058679521,-4.8406898137182,447.0,2381.25,0.215,116,0,
2026-09-13T10:03:41+00:00,56.40102940611541,-4.840718228369951,446.79999999999995,2385.5,0.0,117,0,
2026-09-13T10:03:45+00:00,56.401039799675345,-4.8407411109656096,446.79999999999995,2388.69,0.0,116,0,
2026-09-13T10:03:51+00:00,56.40099696815014,-4.840789055451751,447.20000000000005,2395.66,0.0,114,0,
2026-09-13T10:03:52+00:00,56.401001242920756,-4.840755695477128,447.4,2397.68,0.224,113,0,
2026-09-13T10:03:55+00:00,56.401027562096715,-4.840677324682474,447.4,2403.34,0.252,112,0,
2026-09-13T10:03:57+00:00,56.401007110252976,-4.840715629979968,447.6,2406.66,0.308,114,0,
2026-09-13T10:04:00+00:00,56.400981629267335,-4.84073968604207,448.0,2409.76,0.233,116,0,
2026-09-13T10:04:03+00:00,56.40097794122994,-4.840700039640069,448.20000000000005,2412.14,0.233,116,0,
2026-09-13T10:04:04+00:00,56.40098003670573,-4.8406928312033415,448.4,2412.64,0.224,116,0,
2026-09-13T10:04:10+00:00,56.40098389238119,-4.840652598068118,449.0,2415.16,0.0,115,0,
2026-09-13T10:04:14+00:00,56.40098397620022,-4.840649664402008,449.4,2415.34,0.0,116,0,
2026-09-13T10:04:20+00:00,56.40098397620022,-4.840649664402008,450.0,2415.34,0.0,116,0,
2026-09-13T10:04:37+00:00,56.40098246745765,-4.840602306649089,450.6,2418.24,0.0,118,0,
2026-09-13T10:04:42+00:00,56.40095354989171,-4.840558720752597,451.4,2422.26,0.0,117,0,
2026-09-13T10:04:44+00:00,56.40093997120857,-4.840526031330228,451.6,2424.34,0.0,117,0,
2026-09-13T10:04:47+00:00,56.40095614828169,-4.840518655255437,452.4,2425.84,0.0,116,0,
2026-09-13T10:04:49+00:00,56.400961177423596,-4.840516056865454,453.0,2426.47,0.0,116,0,
2026-09-13T10:04:52+00:00,56.40095614828169,-4.840488312765956,453.4,2427.93,0.0,116,0,
2026-09-13T10:04:59+00:00,56.40091457404196,-4.840499293059111,453.79999999999995,2433.38,0.0,114,0,
2026-09-13T10:05:01+00:00,56.40090325847268,-4.840488396584988,454.0,2434.58,0.0,116,0,
2026-09-13T10:05:04+00:00,56.40086277388036,-4.840518571436405,454.4,2439.33,0.0,115,0,
2026-09-13T10:05:08+00:00,56.40085103921592,-4.840533072128892,454.6,2442.01,0.0,115,0,
2026-09-13T10:05:11+00:00,56.40083000063896,-4.840514380484819,454.6,2444.86,0.0,112,0,
2026-09-13T10:05:12+00:00,56.40082463622093,-4.840492084622383,454.6,2446.18,0.0,113,0,
2026-09-13T10:05:18+00:00,56.400808962062,-4.840443888679147,454.79999999999995,2449.51,0.401,112,0,
2026-09-13T10:05:24+00:00,56.40076705254614,-4.840426119044423,454.79999999999995,2453.9,0.345,116,62,
2026-09-13T10:05:27+00:00,56.400754479691386,-4.840437350794673,455.0,2455.46,0.215,119,0,
2026-09-13T10:05:29+00:00,56.400748109444976,-4.840444140136242,455.0,2456.27,0.0,121,0,
2026-09-13T10:05:30+00:00,56.40074375085533,-4.840437099337578,454.79999999999995,2456.57,0.0,118,0,
2026-09-13T10:05:35+00:00,56.40069354325533,-4.840410025790334,454.79999999999995,2462.55,0.355,119,0,
2026-09-13T10:05:38+00:00,56.40068080276251,-4.840421425178647,455.20000000000005,2464.05,0.261,119,0,
2026-09-13T10:05:43+00:00,56.40067610889673,-4.840373732149601,455.79999999999995,2466.58,0.233,120,0,
2026-09-13T10:05:48+00:00,56.400654232129455,-4.840326374396682,456.0,2470.34,0.233,123,0,
2026-09-13T10:05:53+00:00,56.40063310973346,-4.840296199545264,456.0,2474.2,0.439,123,48,
2026-09-13T10:05:55+00:00,56.40062623657286,-4.8402828723192215,456.20000000000005,2475.03,0.513,122,48,
2026-09-13T10:06:00+00:00,56.400618022307754,-4.840228809043765,456.6,2478.62,0.756,120,0,
2026-09-13T10:06:05+00:00,56.40060553327203,-4.840193437412381,456.6,2482.05,0.261,119,51,
2026-09-13T10:06:12+00:00,56.400576531887054,-4.840212464332581,456.79999999999995,2486.06,0.233,117,0,
2026-09-13T10:06:15+00:00,56.40056882053614,-4.840203998610377,457.4,2487.03,0.233,116,0,
2026-09-13T10:06:18+00:00,56.40056940726936,-4.840192263945937,457.6,2487.91,0.233,115,0,
2026-09-13T10:06:22+00:00,56.40054585412145,-4.8401877377182245,458.0,2490.53,0.233,112,0,
2026-09-13T10:06:23+00:00,56.40054409392178,-4.840181786566973,458.20000000000005,2490.95,0.233,112,0,
2026-09-13T10:06:25+00:00,56.400539483875036,-4.840165274217725,458.4,2491.98,0.233,111,0,
2026-09-13T10:06:30+00:00,56.400537472218275,-4.840165106579661,458.6,2492.25,0.233,111,0,
2026-09-13T10:06:41+00:00,56.400537472218275,-4.840165106579661,459.4,2492.25,0.224,109,0,
2026-09-13T10:06:51+00:00,56.40048458240926,-4.840114479884505,460.20000000000005,2498.47,0.224,109,42,
2026-09-13T10:06:53+00:00,56.40046295709908,-4.840097213163972,460.20000000000005,2500.8,1.008,108,42,
2026-09-13T10:06:58+00:00,56.40043471008539,-4.840025883167982,460.0,2506.27,1.241,107,0,
2026-09-13T10:07:01+00:00,56.40041098929942,-4.8400128073990345,460.20000000000005,2509.1,1.25,107,0,
2026-09-13T10:07:03+00:00,56.40041559934616,-4.84001892618835,460.4,2509.13,1.222,104,0,
2026-09-13T10:07:04+00:00,56.400415766984224,-4.84001649543643,460.4,2509.28,1.194,106,0,
2026-09-13T10:07:05+00:00,56.40040981583297,-4.8400128073990345,460.6,2509.67,1.166,106,0,
2026-09-13T10:07:07+00:00,56.400403110310435,-4.839995540678501,460.79999999999995,2510.66,1.11,107,0,
2026-09-13T10:07:11+00:00,56.400407049804926,-4.839965030550957,461.6,2512.63,1.073,106,0,
2026-09-13T10:07:12+00:00,56.40040612779558,-4.839959247037768,461.79999999999995,2513.0,1.026,108,0,
2026-09-13T10:07:14+00:00,56.40040428377688,-4.839931922033429,462.0,2514.69,0.989,107,0,
2026-09-13T10:07:16+00:00,56.40040285885334,-4.839921863749623,462.0,2515.4,0.97,107,0,
2026-09-13T10:07:18+00:00,56.40039447695017,-4.839914236217737,462.20000000000005,2516.45,0.942,107,0,
2026-09-13T10:07:20+00:00,56.400386514142156,-4.839902333915234,462.20000000000005,2517.56,0.924,106,0,
2026-09-13T10:07:21+00:00,56.4003824070096,-4.839892778545618,462.20000000000005,2518.3,0.914,105,0,
2026-09-13T10:07:23+00:00,56.400369834154844,-4.839870315045118,462.4,2520.25,0.924,106,0,
2026-09-13T10:07:25+00:00,56.400363966822624,-4.839857490733266,462.4,2521.23,0.942,107,67,
2026-09-13T10:07:26+00:00,56.40036279335618,-4.839856484904885,462.6,2521.37,0.942,107,67,
2026-09-13T10:07:27+00:00,56.40036371536553,-4.83985673636198,462.6,2521.37,0.942,105,0,
2026-09-13T10:07:29+00:00,56.40036279335618,-4.83985329978168,462.6,2521.5,0.933,106,0,
2026-09-13T10:07:30+00:00,56.40035952441394,-4.839859837666154,462.6,2521.84,0.914,104,0,
2026-09-13T10:07:31+00:00,56.40036069788039,-4.8398614302277565,462.6,2522.0,0.905,105,0,
2026-09-13T10:07:38+00:00,56.40036329627037,-4.839860005304217,463.20000000000005,2522.25,0.215,106,0,
2026-09-13T10:07:46+00:00,56.40036329627037,-4.839860005304217,462.4,2522.25,0.0,109,0,
2026-09-13T10:07:56+00:00,56.40036321245134,-4.839856820181012,461.6,2522.25,0.0,110,0,
2026-09-13T10:08:24+00:00,56.40032893046737,-4.839787418022752,462.6,2522.25,0.0,110,0,
2026-09-13T10:08:30+00:00,56.40031644143164,-4.839782053604722,463.79999999999995,2522.25,0.0,111,0,
2026-09-13T10:08:36+00:00,56.40029355883598,-4.839726900681853,464.4,2524.39,0.0,115,0,
2026-09-13T10:08:39+00:00,56.400267742574215,-4.839682811871171,465.0,2527.84,0.0,114,0,
2026-09-13T10:08:45+00:00,56.400230610743165,-4.839610056951642,465.4,2533.45,0.0,113,70,
2026-09-13T10:08:49+00:00,56.400209572166204,-4.839602177962661,466.0,2535.75,0.0,118,69,
2026-09-13T10:08:51+00:00,56.4001942332834,-4.83958063647151,466.0,2537.88,0.0,122,19,
2026-09-13T10:08:59+00:00,56.40016187913716,-4.839526489377022,467.0,2542.93,0.0,120,0,
2026-09-13T10:09:05+00:00,56.4001442771405,-4.839519029483199,467.6,2545.2,0.233,119,0,
2026-09-13T10:09:11+00:00,56.40015559270978,-4.839526657015085,467.6,2547.25,0.0,119,0,
2026-09-13T10:09:18+00:00,56.4001493062824,-4.839524058625102,467.6,2549.27,0.0,121,0,
2026-09-13T10:09:22+00:00,56.40013623051345,-4.839507881551981,468.20000000000005,2551.02,0.0,122,0,
2026-09-13T10:09:25+00:00,56.40013103373349,-4.839504864066839,468.20000000000005,2551.6,0.0,121,0,
2026-09-13T10:09:30+00:00,56.40012986026704,-4.839504612609744,468.20000000000005,2552.06,0.0,118,0,
2026-09-13T10:09:33+00:00,56.40011217445135,-4.839514419436455,468.6,2554.05,0.0,117,0,
2026-09-13T10:09:39+00:00,56.400117287412286,-4.839484663680196,468.6,2555.95,0.0,117,0,
2026-09-13T10:09:45+00:00,56.40012038871646,-4.839449794963002,469.0,2558.54,0.0,118,0,
2026-09-13T10:09:46+00:00,56.400122651830316,-4.839444765821099,469.20000000000005,2558.83,0.0,118,0,
2026-09-13T10:09:50+00:00,56.400130949914455,-4.839406292885542,469.6,2561.58,0.0,117,46,
2026-09-13T10:09:58+00:00,56.400117790326476,-4.839423894882202,469.4,2563.58,0.0,115,0,
2026-09-13T10:10:07+00:00,56.400108402594924,-4.839441580697894,470.0,2565.15,0.0,116,0,
2026-09-13T10:10:09+00:00,56.400106558576226,-4.839445939287543,470.4,2565.54,0.0,116,0,
2026-09-13T10:10:12+00:00,56.400102116167545,-4.8394176084548235,470.6,2567.25,0.0,117,0,
2026-09-13T10:10:19+00:00,56.40010572038591,-4.839408975094557,471.0,2568.64,0.0,120,0,
2026-09-13T10:10:28+00:00,56.40010572038591,-4.839408975094557,471.20000000000005,2568.64,0.0,117,0,
2026-09-13T10:10:35+00:00,56.40010572038591,-4.839405622333288,471.4,2568.64,0.0,114,0,
2026-09-13T10:10:48+00:00,56.40009415335953,-4.839353151619434,472.4,2568.64,0.0,116,0,
2026-09-13T10:10:52+00:00,56.40008753165603,-4.839310739189386,473.0,2568.64,0.0,119,0,
2026-09-13T10:10:54+00:00,56.4000837597996,-4.8393024411052465,473.4,2568.64,0.0,120,0,
2026-09-13T10:10:58+00:00,56.40005677007139,-4.839268745854497,474.6,2568.64,0.0,123,0,
2026-09-13T10:11:03+00:00,56.4000338036567,-4.839185010641813,475.20000000000005,2572.87,0.0,124,0,
2026-09-13T10:11:08+00:00,56.399997593834996,-4.839097587391734,475.20000000000005,2577.55,0.0,124,0,
2026-09-13T10:11:14+00:00,56.39997052028775,-4.83909985050559,475.4,2580.6,0.0,121,0,
2026-09-13T10:11:15+00:00,56.39996322803199,-4.83909054659307,475.20000000000005,2581.53,0.0,121,0,
2026-09-13T10:11:21+00:00,56.39994218945503,-4.839106472209096,474.6,2584.21,0.0,118,0,
2026-09-13T10:11:23+00:00,56.39994420111179,-4.839105634018779,474.0,2584.21,0.0,118,0,
2026-09-13T10:11:28+00:00,56.3999508228153,-4.839088199660182,473.79999999999995,2585.38,0.0,115,0,
2026-09-13T10:11:30+00:00,56.39994990080595,-4.839088367298245,474.0,2585.44,0.0,114,0,
2026-09-13T10:11:39+00:00,56.39994990080595,-4.839088702574372,474.4,2585.44,0.0,110,0,
2026-09-13T10:11:55+00:00,56.39998351223767,-4.839043943211436,475.20000000000005,2590.81,0.0,112,0,
2026-09-13T10:12:01+00:00,56.40002014115453,-4.838995328173041,475.4,2595.99,0.0,113,0,
2026-09-13T10:12:07+00:00,56.400018548592925,-4.838986108079553,475.6,2596.83,0.0,116,0,
2026-09-13T10:12:14+00:00,56.40001620166004,-4.838939839974046,475.6,2601.53,0.0,118,0,
2026-09-13T10:12:15+00:00,56.40001427382231,-4.838936403393745,475.79999999999995,2601.53,0.0,118,0,
2026-09-13T10:12:20+00:00,56.40001519583166,-4.838937157765031,475.79999999999995,2601.57,0.0,120,0,
2026-09-13T10:12:27+00:00,56.400032211095095,-4.838915783911943,476.0,2603.84,0.0,118,0,
2026-09-13T10:12:34+00:00,56.40003749169409,-4.838852835819125,476.4,2607.84,0.0,119,0,
2026-09-13T10:12:38+00:00,56.40003103762865,-4.83885015361011,476.6,2608.61,0.0,122,0,
2026-09-13T10:12:39+00:00,56.40002600848675,-4.8388477228581905,476.6,2609.18,0.0,122,0,
2026-09-13T10:12:45+00:00,56.400022404268384,-4.838789803907275,476.6,2613.83,0.0,125,0,
2026-09-13T10:12:46+00:00,56.40002416446805,-4.838772201910615,476.79999999999995,2614.9,0.0,125,0,
2026-09-13T10:12:47+00:00,56.40002257190645,-4.838751833885908,476.79999999999995,2616.17,0.0,126,0,
2026-09-13T10:12:52+00:00,56.40000429935753,-4.838717803359032,477.0,2620.39,0.0,125,0,
2026-09-13T10:12:56+00:00,56.40000362880528,-4.838717887178063,477.0,2620.9,0.0,122,0,
2026-09-13T10:12:57+00:00,56.40000304207206,-4.838719395920634,477.0,2620.9,0.0,120,0,
2026-09-13T10:13:01+00:00,56.399996504187584,-4.838711768388748,477.0,2622.03,0.0,117,0,
2026-09-13T10:13:02+00:00,56.3999991863966,-4.838708499446511,477.0,2622.39,0.0,115,0,
2026-09-13T10:13:09+00:00,56.39998032711446,-4.838651083409786,477.20000000000005,2627.27,0.0,114,0,
2026-09-13T10:13:15+00:00,56.399976974353194,-4.8386406898498535,477.20000000000005,2628.72,0.0,112,0,
2026-09-13T10:13:21+00:00,56.399975549429655,-4.838643791154027,477.0,2628.84,0.0,109,0,
2026-09-13T10:13:23+00:00,56.399981752038,-4.838637337088585,477.0,2629.58,0.0,107,0,
2026-09-13T10:13:27+00:00,56.39998720027506,-4.838610682636499,477.20000000000005,2631.48,0.0,104,0,
2026-09-13T10:13:30+00:00,56.39998217113316,-4.838591320440173,477.20000000000005,2633.32,0.0,103,0,
2026-09-13T10:13:35+00:00,56.39998409897089,-4.838550249114633,477.0,2635.71,0.0,103,0,
2026-09-13T10:13:40+00:00,56.39998753555119,-4.838549075648189,477.20000000000005,2637.19,0.0,103,0,
2026-09-13T10:13:44+00:00,56.3999714422971,-4.838527282699943,477.6,2639.69,0.0,104,0,
2026-09-13T10:13:47+00:00,56.39997085556388,-4.838490569964051,477.79999999999995,2642.0,0.0,105,0,
2026-09-13T10:13:50+00:00,56.39997932128608,-4.838449498638511,478.0,2644.67,0.0,104,0,
2026-09-13T10:13:55+00:00,56.39995224773884,-4.838404320180416,478.6,2649.47,0.0,103,0,
2026-09-13T10:13:57+00:00,56.39998166821897,-4.838343216106296,479.0,2654.49,0.0,103,0,
2026-09-13T10:14:00+00:00,56.399987787008286,-4.838299714028835,479.4,2657.36,0.569,103,0,
2026-09-13T10:14:03+00:00,56.39997865073383,-4.838261995464563,479.79999999999995,2660.48,1.054,105,0,
2026-09-13T10:14:05+00:00,56.39996859245002,-4.838214386254549,480.0,2662.32,0.495,106,0,
2026-09-13T10:14:06+00:00,56.3999714422971,-4.838206758722663,480.0,2662.86,0.737,107,0,
2026-09-13T10:14:13+00:00,56.400032714009285,-4.8381877318024635,480.6,2669.87,0.0,108,0,
2026-09-13T10:14:16+00:00,56.40005400404334,-4.838126627728343,480.79999999999995,2673.95,0.989,108,0,
2026-09-13T10:14:18+00:00,56.40003103762865,-4.838066613301635,480.79999999999995,2678.32,1.278,108,0,
2026-09-13T10:14:20+00:00,56.40001988969743,-4.838041048496962,481.0,2680.38,1.437,108,0,
2026-09-13T10:14:22+00:00,56.40002114698291,-4.838020261377096,481.6,2681.61,0.0,111,0,
2026-09-13T10:14:25+00:00,56.40002273954451,-4.837999809533358,482.20000000000005,2682.49,0.0,114,0,
2026-09-13T10:14:28+00:00,56.400041012093425,-4.837961588054895,482.4,2685.51,0.0,117,0,
2026-09-13T10:14:30+00:00,56.400048388168216,-4.837941387668252,482.6,2686.79,0.0,119,0,
2026-09-13T10:14:34+00:00,56.4000544231385,-4.837888665497303,483.20000000000005,2691.4,0.0,118,0,
2026-09-13T10:14:38+00:00,56.400046460330486,-4.83786896802485,483.6,2693.26,0.0,117,0,
2026-09-13T10:14:45+00:00,56.40003137290478,-4.837791016325355,484.0,2699.28,0.0,116,0,
2026-09-13T10:14:47+00:00,56.40002458356321,-4.837786741554737,484.20000000000005,2699.84,0.0,115,0,
2026-09-13T10:14:50+00:00,56.40001620166004,-4.837761512026191,484.4,2701.56,0.0,115,0,
2026-09-13T10:14:54+00:00,56.400022404268384,-4.837743993848562,484.6,2702.77,0.0,115,0,
2026-09-13T10:14:59+00:00,56.40002860687673,-4.837735192850232,485.0,2705.43,0.0,118,0,
2026-09-13T10:15:00+00:00,56.40002709813416,-4.837737288326025,485.0,2705.47,0.0,118,0,
2026-09-13T10:15:07+00:00,56.40001578256488,-4.837709879502654,485.20000000000005,2708.39,0.0,121,0,
2026-09-13T10:15:08+00:00,56.40001435764134,-4.837706862017512,485.20000000000005,2708.64,0.0,122,0,
2026-09-13T10:15:15+00:00,56.40001351945102,-4.837669562548399,486.0,2712.49,0.0,124,0,
2026-09-13T10:15:21+00:00,56.3999957498163,-4.8376125656068325,486.20000000000005,2716.69,0.224,121,0,
2026-09-13T10:15:22+00:00,56.39998560771346,-4.83760267496109,486.4,2717.98,0.224,120,0,
2026-09-13T10:15:28+00:00,56.3999801594764,-4.837547522038221,487.4,2721.56,0.233,119,0,
2026-09-13T10:15:29+00:00,56.39998376369476,-4.83754157088697,487.4,2722.06,0.224,119,0,
2026-09-13T10:15:36+00:00,56.400020057335496,-4.837493458762765,487.6,2727.1,0.233,117,0,
2026-09-13T10:15:41+00:00,56.400001449510455,-4.8374491184949875,488.0,2730.56,0.224,118,0,
2026-09-13T10:15:46+00:00,56.40000505372882,-4.837400838732719,488.4,2734.42,0.224,118,51,
2026-09-13T10:15:50+00:00,56.40003304928541,-4.837362617254257,489.0,2737.47,0.243,118,61,
2026-09-13T10:15:55+00:00,56.40004905872047,-4.837311403825879,489.6,2740.42,0.271,119,0,
2026-09-13T10:15:56+00:00,56.40004964545369,-4.837306458503008,489.6,2740.74,0.252,119,0,
2026-09-13T10:16:01+00:00,56.400043442845345,-4.837261782959104,490.6,2743.61,0.224,119,0,
2026-09-13T10:16:05+00:00,56.40003531239927,-4.837233200669289,491.0,2745.52,0.233,120,0,
2026-09-13T10:16:11+00:00,56.40002072788775,-4.837220041081309,491.6,2747.95,0.233,120,0,
2026-09-13T10:16:18+00:00,56.39996658079326,-4.837221298366785,492.4,2753.99,0.327,120,0,
2026-09-13T10:16:22+00:00,56.39996364712715,-4.83720688149333,492.4,2755.3,0.243,121,0,
2026-09-13T10:16:25+00:00,56.39993900433183,-4.837186178192496,492.79999999999995,2758.58,0.233,120,0,
2026-09-13T10:16:27+00:00,56.39993732795119,-4.837145861238241,492.79999999999995,2761.01,0.243,120,0,
2026-09-13T10:16:32+00:00,56.39991503208876,-4.837072771042585,493.4,2767.0,0.289,117,0,
2026-09-13T10:16:33+00:00,56.399902291595936,-4.837078470736742,493.6,2768.43,0.28,117,0,
2026-09-13T10:16:35+00:00,56.3998818397522,-4.8370862659066916,493.79999999999995,2770.78,0.299,116,0,
2026-09-13T10:16:39+00:00,56.399856777861714,-4.837039913982153,494.0,2775.13,0.373,116,0,
2026-09-13T10:16:44+00:00,56.39987236820161,-4.836996244266629,494.4,2778.88,0.261,119,0,
2026-09-13T10:16:45+00:00,56.3998591247946,-4.836981073021889,494.6,2780.49,0.261,119,0,
2026-09-13T10:16:46+00:00,56.399847976863384,-4.836968835443258,494.79999999999995,2781.94,0.261,119,0,
2026-09-13T10:16:52+00:00,56.39980531297624,-4.8369301948696375,495.20000000000005,2787.5,0.271,118,0,
2026-09-13T10:16:58+00:00,56.39977580867708,-4.8369125090539455,495.20000000000005,2790.98,0.243,118,0,
2026-09-13T10:17:05+00:00,56.39976038597524,-4.836890213191509,495.4,2793.55,0.233,116,0,
2026-09-13T10:17:09+00:00,56.39975678175688,-4.836870264261961,495.4,2795.16,0.243,112,0,
2026-09-13T10:17:12+00:00,56.39975845813751,-4.836861379444599,495.4,2795.83,0.243,111,0,
2026-09-13T10:17:18+00:00,56.39976114034653,-4.83686875551939,495.0,2796.52,0.243,108,0,
2026-09-13T10:17:19+00:00,56.39976114034653,-4.83686875551939,495.0,2796.52,0.243,108,0,
2026-09-13T10:17:27+00:00,56.39976114034653,-4.8368677496910095,494.6,2796.52,0.233,111,0,
2026-09-13T10:17:33+00:00,56.399761978536844,-4.83686582185328,494.4,2796.53,0.224,108,0,
2026-09-13T10:17:36+00:00,56.399762565270066,-4.836864145472646,494.4,2796.54,0.224,105,0,
2026-09-13T10:17:38+00:00,56.399762984365225,-4.83686339110136,494.6,2796.54,0.215,100,0,
2026-09-13T10:17:43+00:00,56.399769773706794,-4.836859786882997,494.4,2796.7,0.0,97,0,
2026-09-13T10:17:52+00:00,56.399770863354206,-4.836852997541428,495.0,2796.7,0.0,94,63,
2026-09-13T10:17:59+00:00,56.399770863354206,-4.8368453700095415,495.0,2796.7,0.0,97,0,
2026-09-13T10:18:17+00:00,56.39974161051214,-4.836784601211548,495.0,2796.7,0.0,100,0,
2026-09-13T10:18:30+00:00,56.39974948950112,-4.836720312014222,495.0,2796.7,0.0,97,0,
2026-09-13T10:18:42+00:00,56.399740939959884,-4.836614364758134,495.0,2803.2,0.345,100,0,
2026-09-13T10:18:47+00:00,56.39975401572883,-4.836538676172495,495.0,2808.37,0.914,101,47,
2026-09-13T10:18:49+00:00,56.399766420945525,-4.836523588746786,495.0,2810.03,0.998,101,47,
2026-09-13T10:18:52+00:00,56.3997935783118,-4.836493581533432,496.0,2813.56,1.101,101,47,
2026-09-13T10:18:54+00:00,56.399802630767226,-4.836483355611563,497.0,2814.78,1.129,104,47,
2026-09-13T10:18:55+00:00,56.399801541119814,-4.8364743031561375,497.20000000000005,2815.26,1.129,104,44,
2026-09-13T10:18:59+00:00,56.399803049862385,-4.8364359978586435,498.0,2817.79,1.101,111,0,
2026-09-13T10:19:00+00:00,56.3998022954911,-4.836426693946123,498.20000000000005,2818.34,1.092,107,0,
2026-09-13T10:19:01+00:00,56.399803049862385,-4.836421497166157,498.4,2818.63,1.082,108,0,
2026-09-13T10:19:03+00:00,56.39980765990913,-4.83640749938786,499.0,2819.49,1.054,109,0,
2026-09-13T10:19:04+00:00,56.39980883337557,-4.836400123313069,499.0,2819.96,1.045,109,0,
2026-09-13T10:19:08+00:00,56.399819226935506,-4.836375312879682,499.6,2821.88,0.989,110,0,
2026-09-13T10:19:10+00:00,56.39981562271714,-4.836366344243288,500.20000000000005,2822.64,0.97,112,0,
2026-09-13T10:19:12+00:00,56.399813275784254,-4.836355531588197,500.6,2823.32,0.924,112,0,
2026-09-13T10:19:13+00:00,56.39981738291681,-4.836348071694374,500.79999999999995,2823.79,0.914,112,0,
2026-09-13T10:19:18+00:00,56.39983473345637,-4.836287638172507,501.79999999999995,2828.01,0.877,114,0,
2026-09-13T10:19:19+00:00,56.39983699657023,-4.836280010640621,502.0,2828.54,0.877,115,0,
2026-09-13T10:19:25+00:00,56.399856777861714,-4.836222007870674,503.0,2832.72,0.877,117,41,
2026-09-13T10:19:27+00:00,56.399859795346856,-4.836188228800893,503.20000000000005,2834.83,0.886,117,0,
2026-09-13T10:19:28+00:00,56.39986373484135,-4.836177919059992,503.20000000000005,2835.61,0.896,118,44,
2026-09-13T10:19:32+00:00,56.39987261965871,-4.836145481094718,503.6,2837.84,0.933,118,43,
2026-09-13T10:19:35+00:00,56.39987890608609,-4.836103739216924,504.0,2840.55,0.942,120,43,
2026-09-13T10:19:36+00:00,56.39988477341831,-4.836095692589879,504.20000000000005,2841.23,0.942,120,43,
2026-09-13T10:19:38+00:00,56.39988494105637,-4.836087226867676,504.6,2841.79,0.952,120,77,
2026-09-13T10:19:41+00:00,56.39988552778959,-4.8360625840723515,505.0,2843.27,0.998,119,77,
2026-09-13T10:19:42+00:00,56.39988795854151,-4.836050514131784,505.20000000000005,2844.05,1.017,119,77,
2026-09-13T10:19:46+00:00,56.39989474788308,-4.835989745333791,505.6,2847.84,1.064,119,0,
2026-09-13T10:19:49+00:00,56.39990312978625,-4.835958816111088,506.0,2849.98,1.036,120,0,
2026-09-13T10:19:50+00:00,56.39989994466305,-4.83595353551209,506.20000000000005,2850.39,1.036,121,0,
2026-09-13T10:19:51+00:00,56.39989357441664,-4.835942639037967,506.20000000000005,2851.18,1.026,120,0,
2026-09-13T10:19:57+00:00,56.399892484769225,-4.835909279063344,507.0,2853.34,0.97,120,0,
2026-09-13T10:19:58+00:00,56.399892903864384,-4.835905255749822,507.20000000000005,2853.59,0.961,121,0,
2026-09-13T10:20:00+00:00,56.39989282004535,-4.835895616561174,507.20000000000005,2854.2,0.933,122,0,
2026-09-13T10:20:02+00:00,56.39988921582699,-4.835892263799906,507.4,2854.66,0.905,125,0,
2026-09-13T10:20:05+00:00,56.399880750104785,-4.835891928523779,507.6,2855.49,0.83,128,0,
2026-09-13T10:20:08+00:00,56.39986976981163,-4.835892263799906,507.6,2856.8,0.765,128,0,
2026-09-13T10:20:12+00:00,56.399861639365554,-4.835866782814264,507.6,2859.07,0.69,124,0,
2026-09-13T10:20:15+00:00,56.399880331009626,-4.835843900218606,507.79999999999995,2861.62,0.672,121,0,
2026-09-13T10:20:21+00:00,56.39992542564869,-4.835777012631297,507.79999999999995,2868.2,0.84,119,0,
2026-09-13T10:20:24+00:00,56.399925174191594,-4.8357456643134356,508.4,2870.24,0.868,120,0,
2026-09-13T10:20:27+00:00,56.39991947449744,-4.835708197206259,509.20000000000005,2872.53,0.877,120,0,
2026-09-13T10:20:28+00:00,56.39991997741163,-4.835695456713438,509.4,2873.29,0.886,120,0,
2026-09-13T10:20:35+00:00,56.39993045479059,-4.83559881336987,510.4,2879.53,0.896,122,50,
2026-09-13T10:20:36+00:00,56.39993171207607,-4.835587497800589,510.4,2880.23,0.896,122,50,
2026-09-13T10:20:42+00:00,56.3999436981976,-4.835510216653347,511.4,2885.28,0.942,121,46,
2026-09-13T10:20:43+00:00,56.399941351264715,-4.835500409826636,511.6,2885.94,0.942,121,46,
2026-09-13T10:20:48+00:00,56.39994906261563,-4.835464702919126,512.4,2888.42,0.942,120,0,
2026-09-13T10:20:50+00:00,56.399948140606284,-4.835441233590245,512.8,2889.93,0.933,121,0,
2026-09-13T10:20:51+00:00,56.39994495548308,-4.835431762039661,512.8,2890.58,0.924,120,44,
2026-09-13T10:20:56+00:00,56.39993833377957,-4.835397731512785,513.8,2892.92,0.849,119,0,
2026-09-13T10:20:57+00:00,56.399934561923146,-4.835389768704772,513.8,2893.56,0.83,119,0,
2026-09-13T10:21:02+00:00,56.39993079006672,-4.835344338789582,515.0,2896.46,0.774,118,0,
2026-09-13T10:21:04+00:00,56.39993372373283,-4.835331095382571,515.2,2897.34,0.756,118,0,
2026-09-13T10:21:10+00:00,56.39992509037256,-4.835294131189585,516.2,2899.81,0.7,119,0,
2026-09-13T10:21:11+00:00,56.39992584474385,-4.835283402353525,516.4,2900.47,0.69,121,0,
2026-09-13T10:21:18+00:00,56.39991704374552,-4.835238056257367,517.4,2903.69,0.653,122,18,
2026-09-13T10:21:19+00:00,56.39991662465036,-4.835229339078069,517.4,2904.22,0.644,123,18,
2026-09-13T10:21:24+00:00,56.39992064796388,-4.8351979069411755,518.4,2906.25,0.0,122,0,
2026-09-13T10:21:29+00:00,56.39991411007941,-4.835159182548523,519.2,2908.87,0.0,121,0,
2026-09-13T10:21:31+00:00,56.39989960938692,-4.835163792595267,519.4,2910.2,0.0,120,0,
2026-09-13T10:21:37+00:00,56.39989114366472,-4.835102269425988,520.0,2914.42,0.0,123,0,
2026-09-13T10:21:38+00:00,56.39989424496889,-4.835095899179578,520.0,2914.94,0.0,123,42,
2026-09-13T10:21:43+00:00,56.39992509037256,-4.835077626630664,520.6,2918.54,0.0,123,0,
2026-09-13T10:21:47+00:00,56.399938836693764,-4.835043596103787,521.2,2921.08,0.0,123,0,
2026-09-13T10:21:50+00:00,56.399941770359874,-4.83501291833818,521.6,2923.02,0.0,122,0,
2026-09-13T10:21:54+00:00,56.39994537457824,-4.834988946095109,522.2,2924.55,0.0,122,42,
2026-09-13T10:21:58+00:00,56.39994109980762,-4.834952903911471,522.8,2927.27,0.0,123,0,
2026-09-13T10:22:02+00:00,56.399957528337836,-4.834925411269069,523.4,2929.79,0.0,123,0,
2026-09-13T10:22:04+00:00,56.39995912089944,-4.8349095694720745,523.6,2930.78,0.0,127,0,
2026-09-13T10:22:06+00:00,56.399959456175566,-4.834891129285097,523.8,2931.89,0.0,128,0,
2026-09-13T10:22:11+00:00,56.39995710924268,-4.834833797067404,524.4000000000001,2935.61,0.0,131,40,
2026-09-13T10:22:13+00:00,56.3999576959759,-4.834823403507471,524.5999999999999,2936.13,0.0,131,0,
2026-09-13T10:22:15+00:00,56.39995836652815,-4.834820386022329,524.8,2936.33,0.0,130,0,
2026-09-13T10:22:20+00:00,56.39996347948909,-4.8348156083375216,525.0,2937.0,0.0,127,0,
2026-09-13T10:22:24+00:00,56.39996213838458,-4.834817200899124,525.2,2937.0,0.0,124,0,
2026-09-13T10:22:46+00:00,56.39996146783233,-4.834819547832012,525.0,2937.02,0.0,121,0,
2026-09-13T10:22:51+00:00,56.39996146783233,-4.8348212242126465,524.8,2937.02,0.0,118,0,
2026-09-13T10:22:58+00:00,56.39996197074652,-4.834827343001962,524.8,2937.04,0.0,115,0,
2026-09-13T10:23:02+00:00,56.399962306022644,-4.834835305809975,524.8,2937.05,0.0,111,0,
2026-09-13T10:23:05+00:00,56.39996264129877,-4.834835305809975,525.0,2937.07,0.0,107,0,
2026-09-13T10:23:08+00:00,56.39996356330812,-4.834835305809975,525.4000000000001,2937.16,0.0,102,0,
2026-09-13T10:23:09+00:00,56.399963814765215,-4.834835305809975,525.5999999999999,2937.18,0.0,98,47,
2026-09-13T10:23:11+00:00,56.39996398240328,-4.834835305809975,526.0,2937.2,0.0,95,47,
2026-09-13T10:23:16+00:00,56.39996859245002,-4.834809070453048,527.0,2938.95,0.0,97,48,
2026-09-13T10:23:20+00:00,56.39997638761997,-4.834690047428012,527.5999999999999,2946.26,0.485,94,46,
2026-09-13T10:23:21+00:00,56.39997613616288,-4.834653837606311,527.8,2948.25,0.551,97,47,
2026-09-13T10:23:22+00:00,56.39997521415353,-4.834624165669084,527.8,2949.95,0.98,100,47,
2026-09-13T10:23:24+00:00,56.39997437596321,-4.834556775167584,528.2,2954.05,0.998,102,50,
2026-09-13T10:23:27+00:00,56.39996934682131,-4.834508830681443,529.0,2957.18,1.036,103,46,
2026-09-13T10:23:28+00:00,56.399967251345515,-4.834493156522512,529.0,2958.16,1.008,103,46,
2026-09-13T10:23:30+00:00,56.39996658079326,-4.834478152915835,529.4000000000001,2959.09,0.98,105,46,
2026-09-13T10:23:31+00:00,56.39996515586972,-4.83447153121233,529.4000000000001,2959.52,0.961,105,47,
2026-09-13T10:23:34+00:00,56.39996130019426,-4.834451247006655,530.0,2960.85,0.914,108,45,
2026-09-13T10:23:37+00:00,56.399951158091426,-4.834427945315838,530.4000000000001,2962.71,0.84,110,42,
2026-09-13T10:23:43+00:00,56.3999561034143,-4.834368601441383,531.5999999999999,2966.42,0.774,111,46,
2026-09-13T10:23:44+00:00,56.39995132572949,-4.834368098527193,531.8,2966.59,0.774,111,46,
2026-09-13T10:23:50+00:00,56.399956522509456,-4.834328284487128,532.5999999999999,2969.3,0.765,112,0,
2026-09-13T10:23:51+00:00,56.3999542593956,-4.834316968917847,532.5999999999999,2970.04,0.765,112,62,
2026-09-13T10:23:58+00:00,56.39993917196989,-4.834251757711172,533.5999999999999,2974.41,0.784,112,0,
2026-09-13T10:24:01+00:00,56.3999265152961,-4.834231976419687,534.2,2976.27,0.774,112,0,
2026-09-13T10:24:05+00:00,56.3999127689749,-4.834209932014346,534.5999999999999,2978.36,0.774,111,0,
2026-09-13T10:24:07+00:00,56.399911008775234,-4.834201969206333,535.0,2979.07,0.756,110,0,
2026-09-13T10:24:11+00:00,56.39990841038525,-4.834175147116184,535.8,2980.77,0.737,107,0,
2026-09-13T10:24:15+00:00,56.399904638528824,-4.8341600596904755,536.4000000000001,2981.94,0.7,104,0,
2026-09-13T10:24:17+00:00,56.399905225262046,-4.834147738292813,536.8,2982.74,0.69,103,0,
2026-09-13T10:24:24+00:00,56.39990296214819,-4.8340946808457375,537.8,2985.93,0.653,103,0,
2026-09-13T10:24:30+00:00,56.3999074883759,-4.834035504609346,539.0,2989.69,0.644,107,0,
2026-09-13T10:24:31+00:00,56.39990648254752,-4.834029553458095,539.0,2990.08,0.644,104,0,
2026-09-13T10:24:33+00:00,56.399889970198274,-4.834016729146242,539.4000000000001,2992.03,0.644,107,0,
2026-09-13T10:24:37+00:00,56.399878319352865,-4.83397800475359,540.0,2994.76,0.644,111,41,
2026-09-13T10:24:38+00:00,56.39987622387707,-4.833969622850418,540.0,2995.32,0.653,111,41,
2026-09-13T10:24:42+00:00,56.399878319352865,-4.833937268704176,540.8,2997.14,0.653,109,0,
2026-09-13T10:24:44+00:00,56.399876307696104,-4.833924612030387,541.0,2997.97,0.653,112,0,
2026-09-13T10:24:47+00:00,56.39987748116255,-4.833889743313193,541.4000000000001,3000.1,0.644,111,0,
2026-09-13T10:24:50+00:00,56.399868596345186,-4.833853617310524,541.8,3002.55,0.644,111,0,
2026-09-13T10:24:53+00:00,56.39986423775554,-4.8338252026587725,542.2,3004.3,0.644,113,0,
2026-09-13T10:24:54+00:00,56.39986038208008,-4.83381581492722,542.4000000000001,3004.99,0.653,116,0,
2026-09-13T10:24:58+00:00,56.399857280775905,-4.83379184268415,542.8,3006.47,0.653,117,0,
2026-09-13T10:25:01+00:00,56.39985158108175,-4.833768960088491,543.2,3008.03,0.644,119,0,
2026-09-13T10:25:04+00:00,56.39985417947173,-4.833732079714537,543.8,3010.29,0.644,117,0,
2026-09-13T10:25:05+00:00,56.39985325746238,-4.833726631477475,544.0,3010.64,0.644,120,0,
2026-09-13T10:25:07+00:00,56.39985183253884,-4.833712801337242,544.2,3011.45,0.644,121,0,
2026-09-13T10:25:12+00:00,56.39983800239861,-4.833677597343922,545.0,3014.18,0.644,120,0,
2026-09-13T10:25:13+00:00,56.3998366612941,-4.833671897649765,545.2,3014.56,0.644,117,0,
2026-09-13T10:25:14+00:00,56.39983607456088,-4.833665192127228,545.4000000000001,3014.96,0.644,117,0,
2026-09-13T10:25:22+00:00,56.39981637708843,-4.833608781918883,546.4000000000001,3019.29,0.625,119,0,
2026-09-13T10:25:23+00:00,56.399821154773235,-4.833607943728566,546.5999999999999,3019.75,0.625,122,43,
2026-09-13T10:25:25+00:00,56.39982492662966,-4.8335895873606205,546.8,3021.03,0.625,125,43,
2026-09-13T10:25:29+00:00,56.399820651859045,-4.833559077233076,547.4000000000001,3022.98,0.625,126,72,
2026-09-13T10:25:36+00:00,56.399804558604956,-4.8334994819015265,548.5999999999999,3027.17,0.709,126,0,
2026-09-13T10:25:38+00:00,56.39979735016823,-4.833492189645767,549.0,3028.1,0.69,125,0,
2026-09-13T10:25:45+00:00,56.399798607453704,-4.833434522151947,549.5999999999999,3031.69,0.653,125,0,
2026-09-13T10:25:47+00:00,56.39980120584369,-4.833417842164636,550.2,3032.75,0.634,125,0,
2026-09-13T10:25:50+00:00,56.39981319196522,-4.83339948579669,551.0,3034.45,0.616,123,0,
2026-09-13T10:25:56+00:00,56.399819143116474,-4.833380710333586,551.4000000000001,3036.15,0.579,125,0,
2026-09-13T10:26:02+00:00,56.39981696382165,-4.833375262096524,551.5999999999999,3037.15,0.513,128,0,
2026-09-13T10:26:03+00:00,56.39981495216489,-4.833370232954621,551.5999999999999,3037.53,0.495,128,0,
2026-09-13T10:26:05+00:00,56.399812856689095,-4.8333539720624685,552.0,3038.61,0.467,128,0,
2026-09-13T10:26:09+00:00,56.39980196021497,-4.833326647058129,552.5999999999999,3040.91,0.0,128,0,
2026-09-13T10:26:12+00:00,56.399805061519146,-4.833303596824408,553.0,3042.36,0.0,129,0,
2026-09-13T10:26:17+00:00,56.399817299097776,-4.833260262385011,553.8,3045.38,0.0,131,0,
2026-09-13T10:26:19+00:00,56.39981553889811,-4.833247773349285,554.0,3046.15,0.0,131,0,
2026-09-13T10:26:22+00:00,56.399810845032334,-4.833224471658468,554.8,3047.65,0.0,128,0,
2026-09-13T10:26:24+00:00,56.399808498099446,-4.833214329555631,555.2,3048.36,0.0,127,0,
2026-09-13T10:26:26+00:00,56.39980765990913,-4.833204103633761,555.4000000000001,3049.07,0.0,124,0,
2026-09-13T10:26:27+00:00,56.39980858191848,-4.8331990744918585,555.5999999999999,3049.33,0.0,125,0,
2026-09-13T10:26:30+00:00,56.39980967156589,-4.833159344270825,556.2,3051.75,0.0,124,0,
2026-09-13T10:26:35+00:00,56.39981897547841,-4.833127157762647,556.8,3054.1,0.0,123,0,
2026-09-13T10:26:38+00:00,56.39983012340963,-4.833107208833098,557.4000000000001,3055.86,0.0,124,0,
2026-09-13T10:26:43+00:00,56.39984185807407,-4.8330585937947035,558.0,3059.08,0.0,127,0,
2026-09-13T10:26:45+00:00,56.39984202571213,-4.83303839340806,558.4000000000001,3060.32,0.0,128,0,
2026-09-13T10:26:46+00:00,56.399839762598276,-4.833028335124254,558.5999999999999,3060.95,0.0,128,0,
2026-09-13T10:26:51+00:00,56.399813778698444,-4.8329749424010515,559.0,3065.38,0.0,131,40,
2026-09-13T10:26:53+00:00,56.39980539679527,-4.832953317090869,559.4000000000001,3067.01,0.0,131,40,
2026-09-13T10:26:55+00:00,56.3998075760901,-4.832930685952306,559.8,3068.49,0.0,131,0,
2026-09-13T10:27:00+00:00,56.39979315921664,-4.832882406190038,560.5999999999999,3072.25,0.0,130,0,
2026-09-13T10:27:02+00:00,56.39978779479861,-4.8328762874007225,560.8,3072.95,0.0,129,0,
2026-09-13T10:27:08+00:00,56.39979299157858,-4.83284393325448,561.5999999999999,3075.21,0.0,128,0,
2026-09-13T10:27:15+00:00,56.3997832685709,-4.832791797816753,562.5999999999999,3078.78,0.0,128,0,
2026-09-13T10:27:16+00:00,56.399779077619314,-4.832783583551645,562.8,3079.47,0.0,128,0,
2026-09-13T10:27:21+00:00,56.399783520027995,-4.832749469205737,563.8,3081.83,0.0,130,0,
2026-09-13T10:27:28+00:00,56.39980095438659,-4.832707978785038,564.8,3085.12,0.0,131,0,
2026-09-13T10:27:34+00:00,56.39978972263634,-4.8326583579182625,565.8,3088.23,0.0,132,0,
2026-09-13T10:27:36+00:00,56.39978821389377,-4.832643605768681,566.2,3089.15,0.0,132,0,
2026-09-13T10:27:38+00:00,56.399785028770566,-4.832623992115259,566.5999999999999,3090.37,0.0,135,0,
2026-09-13T10:27:39+00:00,56.399784022942185,-4.832612257450819,566.8,3091.08,0.0,132,0,
2026-09-13T10:27:40+00:00,56.399782011285424,-4.83260597102344,567.0,3091.53,0.0,131,0,
2026-09-13T10:27:45+00:00,56.399762565270066,-4.832569928839803,567.8,3094.63,0.0,129,0,
2026-09-13T10:27:46+00:00,56.39976030215621,-4.832564732059836,568.0,3095.03,0.0,128,0,
2026-09-13T10:27:52+00:00,56.39976432546973,-4.832525253295898,568.8,3097.55,0.0,130,0,
2026-09-13T10:27:53+00:00,56.39976457692683,-4.832520559430122,569.0,3097.85,0.0,132,0,
2026-09-13T10:27:58+00:00,56.39977497048676,-4.832476219162345,569.5999999999999,3100.96,0.0,134,0,
2026-09-13T10:28:02+00:00,56.39977748505771,-4.832443110644817,570.2,3103.13,0.0,135,0,
2026-09-13T10:28:05+00:00,56.399786956608295,-4.8324147798120975,570.8,3105.2,0.0,133,0,
2026-09-13T10:28:07+00:00,56.399790896102786,-4.8323980160057545,571.2,3106.24,0.0,133,0,
2026-09-13T10:28:14+00:00,56.39978343620896,-4.832341773435473,572.2,3109.52,0.0,132,0,
2026-09-13T10:28:15+00:00,56.39978192746639,-4.832336828112602,572.2,3109.87,0.0,131,0,
2026-09-13T10:28:21+00:00,56.399776227772236,-4.83231034129858,573.2,3111.85,0.0,128,0,
2026-09-13T10:28:22+00:00,56.39978628605604,-4.832308497279882,573.4000000000001,3112.44,0.0,127,0,
2026-09-13T10:28:29+00:00,56.399824004620314,-4.832257870584726,574.2,3117.83,0.0,126,0,
2026-09-13T10:28:31+00:00,56.399818221107125,-4.832235407084227,574.5999999999999,3119.38,0.0,125,0,
2026-09-13T10:28:35+00:00,56.39982031658292,-4.832202382385731,575.2,3121.55,0.0,126,77,
2026-09-13T10:28:37+00:00,56.39982224442065,-4.832188719883561,575.5999999999999,3122.48,0.0,126,0,
2026-09-13T10:28:41+00:00,56.39983708038926,-4.832167932763696,576.0,3124.58,0.0,127,0,
2026-09-13T10:28:45+00:00,56.39985267072916,-4.832134237512946,576.5999999999999,3127.3,0.0,128,0,
2026-09-13T10:28:52+00:00,56.3998644053936,-4.8320890590548515,577.8,3130.41,0.0,129,0,
2026-09-13T10:28:58+00:00,56.39987915754318,-4.832071624696255,578.4000000000001,3132.31,0.0,127,0,
2026-09-13T10:29:02+00:00,56.39988259412348,-4.8320625722408295,579.0,3132.98,0.0,128,0,
2026-09-13T10:29:07+00:00,56.39988259412348,-4.8320625722408295,579.8,3132.98,0.0,126,0,
2026-09-13T10:29:09+00:00,56.39988259412348,-4.8320625722408295,580.2,3132.98,0.0,125,0,
2026-09-13T10:29:17+00:00,56.39987697824836,-4.832057040184736,581.2,3133.12,0.0,123,0,
2026-09-13T10:29:24+00:00,56.39987907372415,-4.832010269165039,582.4000000000001,3134.63,0.0,122,0,
2026-09-13T10:29:30+00:00,56.39987714588642,-4.831974226981401,583.4000000000001,3135.46,0.0,122,0,
2026-09-13T10:29:38+00:00,56.39987370930612,-4.83191748149693,584.5999999999999,3136.71,0.0,121,0,
2026-09-13T10:29:44+00:00,56.39987270347774,-4.831871213391423,585.5999999999999,3137.91,0.0,120,0,
2026-09-13T10:29:49+00:00,56.399862729012966,-4.831827711313963,586.5999999999999,3138.31,0.0,117,0,
2026-09-13T10:29:50+00:00,56.399859795346856,-4.831821173429489,586.8,3138.31,0.0,117,0,
2026-09-13T10:29:55+00:00,56.39985661022365,-4.831779012456536,587.5999999999999,3139.18,0.0,120,0,
2026-09-13T10:29:57+00:00,56.39985661022365,-4.831765769049525,587.8,3139.55,0.0,120,17,
2026-09-13T10:30:04+00:00,56.39985300600529,-4.831708939746022,588.8,3140.79,0.0,120,43,
2026-09-13T10:30:09+00:00,56.399853341281414,-4.831675747409463,589.5999999999999,3141.76,0.0,124,41,
2026-09-13T10:30:10+00:00,56.3998540956527,-4.831669963896275,589.5999999999999,3141.99,0.252,127,41,
2026-09-13T10:30:12+00:00,56.39985652640462,-4.831649512052536,590.0,3142.8,0.317,129,0,
2026-09-13T10:30:18+00:00,56.399856861680746,-4.8315963707864285,591.0,3144.34,0.0,130,0,
2026-09-13T10:30:25+00:00,56.3998540956527,-4.831526381894946,592.0,3146.02,0.0,129,43,
2026-09-13T10:30:32+00:00,56.39984579756856,-4.831473072990775,593.2,3146.8,0.0,130,0,
2026-09-13T10:30:39+00:00,56.39984386973083,-4.831421691924334,594.2,3148.05,0.0,128,0,
2026-09-13T10:30:45+00:00,56.39984386973083,-4.831373244524002,595.4000000000001,3149.41,0.0,126,0,
2026-09-13T10:30:49+00:00,56.399851916357875,-4.831341728568077,596.4000000000001,3151.1,0.0,126,0,
2026-09-13T10:30:55+00:00,56.39986583031714,-4.831295544281602,597.5999999999999,3153.78,0.0,127,0,
2026-09-13T10:31:02+00:00,56.399871027097106,-4.831247013062239,598.5999999999999,3155.66,0.0,126,0,
2026-09-13T10:31:06+00:00,56.39987714588642,-4.831204600632191,599.2,3157.69,0.0,129,0,
2026-09-13T10:31:09+00:00,56.39988737180829,-4.8311566561460495,599.8,3160.83,0.0,131,76,
2026-09-13T10:31:10+00:00,56.39989072456956,-4.831142909824848,600.0,3161.76,0.0,131,76,
2026-09-13T10:31:15+00:00,56.39991729520261,-4.8310815542936325,600.8,3166.57,0.0,130,0,
2026-09-13T10:31:16+00:00,56.39991855248809,-4.831073088571429,601.0,3167.11,0.0,130,0,
2026-09-13T10:31:22+00:00,56.399939842522144,-4.831037800759077,601.8,3170.34,0.0,130,0,
2026-09-13T10:31:24+00:00,56.399936405941844,-4.831010978668928,602.2,3172.04,0.0,131,0,
2026-09-13T10:31:28+00:00,56.39994244091213,-4.830989856272936,602.5999999999999,3173.42,0.0,132,0,
2026-09-13T10:31:30+00:00,56.399943782016635,-4.830978875979781,603.0,3174.05,0.0,131,0,
2026-09-13T10:31:36+00:00,56.39994420111179,-4.830931853502989,603.8,3176.97,0.0,131,0,
2026-09-13T10:31:38+00:00,56.39994101598859,-4.830911066383123,604.2,3178.47,0.0,131,0,
2026-09-13T10:31:43+00:00,56.39994780533016,-4.830895056948066,605.0,3179.7,0.0,128,0,
2026-09-13T10:31:45+00:00,56.39995191246271,-4.830872258171439,605.2,3181.14,0.0,127,0,
2026-09-13T10:31:52+00:00,56.39996691606939,-4.830820709466934,606.2,3184.78,0.0,126,0,
2026-09-13T10:31:53+00:00,56.39996859245002,-4.830808052793145,606.4000000000001,3185.58,0.0,125,0,
2026-09-13T10:32:01+00:00,56.39994218945503,-4.830746529623866,607.2,3190.67,0.0,124,0,
2026-09-13T10:32:02+00:00,56.39993917196989,-4.83073596842587,607.4000000000001,3191.41,0.0,124,0,
2026-09-13T10:32:08+00:00,56.399923330172896,-4.8306886944919825,608.4000000000001,3195.01,0.0,122,0,
2026-09-13T10:32:10+00:00,56.399913439527154,-4.830676624551415,608.5999999999999,3196.21,0.0,121,0,
2026-09-13T10:32:15+00:00,56.39992106705904,-4.8306250758469105,609.4000000000001,3199.77,0.0,121,0,
2026-09-13T10:32:17+00:00,56.39993313699961,-4.83061577193439,609.8,3200.94,0.0,120,0,
2026-09-13T10:32:22+00:00,56.39993565157056,-4.830567073076963,610.4000000000001,3204.46,0.0,122,0,
2026-09-13T10:32:25+00:00,56.39992048032582,-4.830548129975796,610.8,3206.37,0.0,123,41,
2026-09-13T10:32:30+00:00,56.39990740455687,-4.830499850213528,611.5999999999999,3209.48,0.0,126,0,
2026-09-13T10:32:33+00:00,56.399895837530494,-4.830483086407185,612.0,3211.18,0.0,127,0,
2026-09-13T10:32:38+00:00,56.399887539446354,-4.830447630956769,612.5999999999999,3213.53,0.0,130,0,
2026-09-13T10:32:40+00:00,56.3998815882951,-4.830429861322045,612.8,3214.78,0.0,130,0,
2026-09-13T10:32:46+00:00,56.3998799957335,-4.830390717834234,613.5999999999999,3217.23,0.0,129,0,
2026-09-13T10:32:49+00:00,56.39987354166806,-4.83035534620285,614.0,3219.5,0.0,129,77,
2026-09-13T10:32:53+00:00,56.399849485605955,-4.830342773348093,614.8,3222.22,0.289,128,0,
2026-09-13T10:32:56+00:00,56.399850407615304,-4.830324500799179,615.0,3223.36,0.0,125,0,
2026-09-13T10:32:58+00:00,56.39985476620495,-4.830293403938413,615.2,3225.38,0.0,125,0,
2026-09-13T10:33:01+00:00,56.39983230270445,-4.830282675102353,615.8,3227.72,0.0,122,0,
2026-09-13T10:33:05+00:00,56.399815706536174,-4.830293571576476,616.2,3229.76,0.0,122,0,
2026-09-13T10:33:12+00:00,56.399822579696774,-4.830300947651267,616.2,3231.91,0.0,121,46,
2026-09-13T10:33:19+00:00,56.39981654472649,-4.83025761321187,616.8,3235.09,0.0,118,0,
2026-09-13T10:33:20+00:00,56.39980950392783,-4.830250907689333,617.2,3235.97,0.0,121,0,
2026-09-13T10:33:22+00:00,56.399799110367894,-4.8302307073026896,617.5999999999999,3237.64,0.0,124,0,
2026-09-13T10:33:23+00:00,56.399795673787594,-4.830226767808199,617.8,3238.09,0.0,120,0,
2026-09-13T10:33:24+00:00,56.39979307539761,-4.83021947555244,617.8,3238.58,0.0,120,0,
2026-09-13T10:33:27+00:00,56.3997816760093,-4.8302042204886675,618.2,3240.16,0.0,120,0,
2026-09-13T10:33:30+00:00,56.39978435821831,-4.8301806673407555,619.0,3241.9,0.0,119,0,
2026-09-13T10:33:33+00:00,56.399791399016976,-4.830157952383161,619.4000000000001,3243.64,0.0,116,0,
2026-09-13T10:33:34+00:00,56.39979416504502,-4.830147726461291,619.5999999999999,3244.35,0.0,115,0,
2026-09-13T10:33:37+00:00,56.399800116196275,-4.830132303759456,620.0,3245.52,0.0,115,0,
2026-09-13T10:33:43+00:00,56.39981662854552,-4.83010858297348,621.2,3248.24,0.0,115,0,
2026-09-13T10:33:50+00:00,56.399811347946525,-4.830064745619893,622.0,3251.92,0.0,116,0,
2026-09-13T10:33:51+00:00,56.399815706536174,-4.830051753669977,622.4000000000001,3252.82,0.0,116,0,
2026-09-13T10:33:56+00:00,56.3998247589916,-4.8300110176205635,623.4000000000001,3255.63,0.0,119,0,
2026-09-13T10:33:58+00:00,56.39982610009611,-4.830011101439595,623.8,3255.63,0.0,119,0,
2026-09-13T10:34:03+00:00,56.3998332247138,-4.829977825284004,624.4000000000001,3257.88,0.0,118,0,
2026-09-13T10:34:05+00:00,56.39983942732215,-4.829978412017226,624.5999999999999,3258.31,0.0,118,0,
2026-09-13T10:34:10+00:00,56.39985954388976,-4.829950667917728,625.5999999999999,3261.2,0.0,116,0,
2026-09-13T10:34:11+00:00,56.399859795346856,-4.829945974051952,625.8,3261.49,0.0,117,0,
2026-09-13T10:34:16+00:00,56.39987060800195,-4.829910267144442,627.0,3264.0,0.0,117,0,
2026-09-13T10:34:20+00:00,56.39987940900028,-4.829885037615895,627.5999999999999,3265.87,0.0,120,0,
2026-09-13T10:34:22+00:00,56.399881755933166,-4.829879757016897,628.0,3266.31,0.0,122,0,
2026-09-13T10:34:29+00:00,56.39990187250078,-4.829824855551124,629.2,3270.72,0.0,123,0,
2026-09-13T10:34:36+00:00,56.39990505762398,-4.829818150028586,629.5999999999999,3271.39,0.215,124,0,
2026-09-13T10:34:43+00:00,56.39989516697824,-4.829769115895033,630.4000000000001,3274.72,0.224,123,0,
2026-09-13T10:34:45+00:00,56.39989424496889,-4.8297707084566355,630.5999999999999,3274.75,0.233,123,0,
2026-09-13T10:35:09+00:00,56.39989944174886,-4.829769283533096,631.4000000000001,3274.8,0.0,121,0,
2026-09-13T10:35:29+00:00,56.39990187250078,-4.829773223027587,632.5999999999999,3274.81,0.0,119,0,
2026-09-13T10:35:33+00:00,56.39990338124335,-4.829773223027587,633.2,3274.81,0.0,122,41,
2026-09-13T10:35:35+00:00,56.39990388415754,-4.829773223027587,633.8,3274.81,0.224,125,43,
2026-09-13T10:35:41+00:00,56.399904722347856,-4.829772049561143,635.0,3274.84,0.0,124,0,
2026-09-13T10:35:47+00:00,56.39991469681263,-4.829724943265319,636.0,3275.59,0.0,121,0,
2026-09-13T10:35:53+00:00,56.399959456175566,-4.829601142555475,637.2,3284.21,0.271,122,41,
2026-09-13T10:35:58+00:00,56.39997806400061,-4.82949678786099,638.2,3290.81,0.569,122,0,
2026-09-13T10:35:59+00:00,56.39998225495219,-4.829491339623928,638.4000000000001,3291.35,0.569,122,0,
2026-09-13T10:36:05+00:00,56.400004886090755,-4.829470552504063,639.4000000000001,3294.4,0.0,124,0,
2026-09-13T10:36:09+00:00,56.400007316842675,-4.829419003799558,640.2,3297.84,0.0,121,40,
2026-09-13T10:36:10+00:00,56.4000010304153,-4.829406933858991,640.4000000000001,3298.83,0.0,121,0,
2026-09-13T10:36:15+00:00,56.39999097213149,-4.829371813684702,641.5999999999999,3301.23,0.261,122,42,
2026-09-13T10:36:17+00:00,56.39999667182565,-4.829350775107741,641.8,3302.65,0.429,123,20,
2026-09-13T10:36:20+00:00,56.399994073435664,-4.829322695732117,642.5999999999999,3304.4,0.728,123,20,
2026-09-13T10:36:25+00:00,56.39999834820628,-4.829282378777862,643.5999999999999,3307.1,0.0,123,0,
2026-09-13T10:36:33+00:00,56.39999792911112,-4.829224459826946,644.5999999999999,3310.87,0.0,125,0,
2026-09-13T10:36:35+00:00,56.40000061132014,-4.829211803153157,645.0,3311.66,0.0,124,0,
2026-09-13T10:36:39+00:00,56.40001058578491,-4.829180371016264,645.8,3313.91,0.0,125,0,
2026-09-13T10:36:44+00:00,56.40000999905169,-4.8291319236159325,646.8,3316.81,0.0,126,0,
2026-09-13T10:36:46+00:00,56.40001276507974,-4.829125050455332,647.2,3317.36,0.0,125,0,
2026-09-13T10:36:50+00:00,56.40002408064902,-4.829097306355834,647.8,3319.49,0.0,125,0,
2026-09-13T10:36:52+00:00,56.400026427581906,-4.829089595004916,648.2,3320.04,0.0,128,0,
2026-09-13T10:36:53+00:00,56.40002676285803,-4.829087667167187,648.5999999999999,3320.12,0.0,127,0,
2026-09-13T10:36:56+00:00,56.400022404268384,-4.829067382961512,649.2,3321.32,0.0,126,0,
2026-09-13T10:36:59+00:00,56.40001527965069,-4.829049864783883,649.5999999999999,3322.71,0.0,126,19,
2026-09-13T10:37:04+00:00,56.4000007789582,-4.829019354656339,650.2,3325.2,0.0,125,0,
2026-09-13T10:37:10+00:00,56.399981416761875,-4.828972164541483,650.8,3328.8,0.0,128,0,
2026-09-13T10:37:13+00:00,56.39997026883066,-4.828948527574539,651.4000000000001,3330.79,0.0,126,0,
2026-09-13T10:37:19+00:00,56.39994202181697,-4.828928746283054,652.2,3334.32,0.0,128,0,
2026-09-13T10:37:20+00:00,56.39993540011346,-4.828923214226961,652.4000000000001,3335.13,0.0,128,0,
2026-09-13T10:37:27+00:00,56.39991704374552,-4.828886669129133,653.4000000000001,3338.71,0.0,127,0,
2026-09-13T10:37:28+00:00,56.39991234987974,-4.82888457365334,653.8,3339.25,0.0,127,0,
2026-09-13T10:37:32+00:00,56.39989466406405,-4.828870492056012,654.4000000000001,3341.39,0.0,127,0,
2026-09-13T10:37:37+00:00,56.399881253018975,-4.82884450815618,655.5999999999999,3343.59,0.0,125,0,
2026-09-13T10:37:40+00:00,56.39987060800195,-4.828837551176548,655.8,3344.88,0.0,128,0,
2026-09-13T10:37:46+00:00,56.39985669404268,-4.828817853704095,656.4000000000001,3347.08,0.224,128,0,
2026-09-13T10:37:47+00:00,56.39985007233918,-4.828813662752509,656.5999999999999,3347.86,0.224,127,0,
2026-09-13T10:37:51+00:00,56.399821657687426,-4.828798910602927,657.0,3351.24,0.233,124,0,
2026-09-13T10:37:52+00:00,56.39981637708843,-4.828794132918119,657.2,3351.9,0.233,124,0,
2026-09-13T10:37:56+00:00,56.3997919857502,-4.828771417960525,657.5999999999999,3355.01,0.233,124,0,
2026-09-13T10:38:01+00:00,56.39976566657424,-4.828736549243331,658.0,3358.88,0.233,123,0,
2026-09-13T10:38:05+00:00,56.399759631603956,-4.82871500775218,658.8,3360.5,0.233,122,0,
2026-09-13T10:38:08+00:00,56.39975845813751,-4.828684665262699,659.2,3362.37,0.233,122,0,
2026-09-13T10:38:13+00:00,56.399755692109466,-4.8286303505301476,660.0,3365.65,0.233,121,0,
2026-09-13T10:38:17+00:00,56.39973842538893,-4.828607551753521,660.5999999999999,3368.03,0.233,121,0,
2026-09-13T10:38:20+00:00,56.3997245952487,-4.828586848452687,661.0,3370.05,0.233,121,0,
2026-09-13T10:38:25+00:00,56.39971495606005,-4.828552147373557,662.0,3372.16,0.233,121,0,
2026-09-13T10:38:26+00:00,56.39971051365137,-4.828550303354859,662.2,3372.67,0.233,121,0,
2026-09-13T10:38:33+00:00,56.39967665076256,-4.828549884259701,663.2,3376.68,0.243,119,0,
2026-09-13T10:38:34+00:00,56.399673130363226,-4.828541921451688,663.4000000000001,3377.3,0.243,118,0,
2026-09-13T10:38:39+00:00,56.39966106042266,-4.828510154038668,664.4000000000001,3379.68,0.97,119,0,
2026-09-13T10:38:43+00:00,56.399656534194946,-4.8284851759672165,665.2,3381.32,0.233,117,20,
2026-09-13T10:38:44+00:00,56.39965686947107,-4.828474782407284,665.4000000000001,3381.94,0.336,117,0,
2026-09-13T10:38:52+00:00,56.39963532797992,-4.828430190682411,666.4000000000001,3385.59,0.243,117,0,
2026-09-13T10:38:53+00:00,56.39963096939027,-4.828429017215967,666.5999999999999,3386.05,0.243,118,0,
2026-09-13T10:39:02+00:00,56.39960590749979,-4.828370343893766,667.4000000000001,3390.68,0.252,118,0,
2026-09-13T10:39:09+00:00,56.39958444982767,-4.8283320385962725,668.5999999999999,3394.13,0.252,118,0,
2026-09-13T10:39:11+00:00,56.39958185143769,-4.828323153778911,669.0,3394.69,0.261,118,0,
2026-09-13T10:39:15+00:00,56.39956810511649,-4.828311167657375,669.8,3396.26,0.261,119,0,
2026-09-13T10:39:19+00:00,56.39955938793719,-4.828271688893437,670.4000000000001,3399.01,0.261,122,0,
2026-09-13T10:39:20+00:00,56.399554358795285,-4.828261882066727,670.5999999999999,3399.82,0.261,122,0,
2026-09-13T10:39:22+00:00,56.399546563625336,-4.82824444770813,670.8,3401.09,0.261,123,0,
2026-09-13T10:39:27+00:00,56.399512784555554,-4.82822391204536,671.4000000000001,3405.05,0.261,124,0,
2026-09-13T10:39:30+00:00,56.3995070848614,-4.828210584819317,672.0,3406.17,0.261,124,0,
2026-09-13T10:39:34+00:00,56.39949392527342,-4.828189630061388,672.4000000000001,3408.14,0.252,125,0,
2026-09-13T10:39:38+00:00,56.39948076568544,-4.828169848769903,673.0,3410.07,0.261,125,0,
2026-09-13T10:39:44+00:00,56.39945779927075,-4.828128777444363,673.8,3413.71,0.261,124,0,
2026-09-13T10:39:48+00:00,56.39945587143302,-4.828111343085766,674.2,3414.82,0.261,123,0,
2026-09-13T10:39:51+00:00,56.3994550332427,-4.828091729432344,674.4000000000001,3416.03,0.261,123,0,
2026-09-13T10:39:57+00:00,56.399450339376926,-4.8280563578009605,675.2,3418.3,0.597,122,0,
2026-09-13T10:39:59+00:00,56.399452267214656,-4.828046970069408,675.4000000000001,3418.94,0.299,122,0,
2026-09-13T10:40:06+00:00,56.399452267214656,-4.827996427193284,676.2,3422.36,0.28,121,0,
2026-09-13T10:40:07+00:00,56.39945201575756,-4.827991230413318,676.2,3422.68,0.289,121,0,
2026-09-13T10:40:12+00:00,56.39945620670915,-4.827945129945874,677.4000000000001,3425.61,0.28,119,0,
2026-09-13T10:40:17+00:00,56.3994587212801,-4.8279209062457085,678.0,3427.26,0.28,118,0,
2026-09-13T10:40:22+00:00,56.39944723807275,-4.8278946708887815,678.5999999999999,3429.46,0.28,118,0,
2026-09-13T10:40:23+00:00,56.39944623224437,-4.8278888035565615,678.8,3429.84,0.28,116,0,
2026-09-13T10:40:28+00:00,56.39943977817893,-4.827855192124844,679.5999999999999,3432.1,0.289,117,0,
2026-09-13T10:40:31+00:00,56.39943868853152,-4.82785502448678,680.0,3432.16,0.289,118,0,
2026-09-13T10:40:38+00:00,56.399434665217996,-4.827827280387282,680.5999999999999,3434.16,0.28,117,0,
2026-09-13T10:40:40+00:00,56.399433156475425,-4.827822083607316,680.8,3434.48,0.28,118,0,
2026-09-13T10:40:45+00:00,56.39943617396057,-4.827792411670089,681.5999999999999,3436.37,0.28,119,0,
2026-09-13T10:40:49+00:00,56.399437515065074,-4.827763577923179,682.2,3438.1,0.28,119,0,
2026-09-13T10:40:53+00:00,56.39944455586374,-4.827721081674099,682.8,3440.86,0.289,116,0,
2026-09-13T10:40:56+00:00,56.39944229274988,-4.827706832438707,683.2,3441.83,0.289,119,0,
2026-09-13T10:40:57+00:00,56.399441035464406,-4.827703814953566,683.2,3442.06,0.289,119,0,
2026-09-13T10:41:01+00:00,56.39943349175155,-4.827676489949226,683.8,3443.99,0.289,120,0,
2026-09-13T10:41:04+00:00,56.39943726360798,-4.827667186036706,684.4000000000001,3444.81,0.289,123,0,
2026-09-13T10:41:05+00:00,56.39944036491215,-4.827664000913501,684.5999999999999,3445.21,0.289,123,0,
2026-09-13T10:41:07+00:00,56.39944564551115,-4.827650003135204,684.8,3446.19,0.289,124,0,
2026-09-13T10:41:13+00:00,56.399442879483104,-4.827610608190298,685.8,3448.69,0.299,123,0,
2026-09-13T10:41:20+00:00,56.399418488144875,-4.82756769284606,686.8,3452.51,0.299,124,0,
2026-09-13T10:41:21+00:00,56.39941832050681,-4.827565932646394,687.0,3452.62,0.299,124,0,
2026-09-13T10:41:27+00:00,56.39942561276257,-4.827545145526528,687.5999999999999,3454.39,0.299,125,0,
2026-09-13T10:41:30+00:00,56.39942552894354,-4.827536093071103,688.0,3454.85,0.299,125,0,
2026-09-13T10:41:35+00:00,56.39942402020097,-4.827517569065094,689.0,3456.05,0.299,124,0,
2026-09-13T10:41:37+00:00,56.39942133799195,-4.827507510781288,689.2,3456.74,0.299,124,0,
2026-09-13T10:41:44+00:00,56.39940541237593,-4.827463505789638,689.8,3460.03,0.299,126,0,
2026-09-13T10:41:46+00:00,56.399406753480434,-4.827453615143895,690.2,3460.66,0.308,126,0,
2026-09-13T10:41:53+00:00,56.399423852562904,-4.827408771961927,691.2,3464.11,0.308,126,0,
2026-09-13T10:42:00+00:00,56.39943676069379,-4.827357977628708,692.4000000000001,3467.46,0.317,128,0,
2026-09-13T10:42:02+00:00,56.399439023807645,-4.827344147488475,692.8,3468.35,0.317,128,0,
2026-09-13T10:42:07+00:00,56.39943692833185,-4.827315229922533,693.5999999999999,3470.16,0.317,129,19,
2026-09-13T10:42:09+00:00,56.39943734742701,-4.82730433344841,694.0,3470.84,0.401,128,0,
2026-09-13T10:42:15+00:00,56.39944950118661,-4.82728086411953,694.5999999999999,3472.97,0.317,126,0,
2026-09-13T10:42:18+00:00,56.3994481600821,-4.827269213274121,695.2,3473.7,0.317,126,0,
2026-09-13T10:42:21+00:00,56.39944480732083,-4.827253622934222,695.5999999999999,3474.79,0.317,126,18,
2026-09-13T10:42:26+00:00,56.399441957473755,-4.827222190797329,696.2,3476.79,0.317,124,0,
2026-09-13T10:42:28+00:00,56.399440448731184,-4.827209198847413,696.5999999999999,3477.61,0.317,124,0,
2026-09-13T10:42:35+00:00,56.39944363385439,-4.827170390635729,697.2,3480.09,0.317,123,0,
2026-09-13T10:42:37+00:00,56.39944547787309,-4.827158655971289,697.8,3480.87,0.317,123,0,
2026-09-13T10:42:44+00:00,56.39945151284337,-4.827130660414696,698.8,3482.79,0.317,124,0,
2026-09-13T10:42:52+00:00,56.39947204850614,-4.827118003740907,700.0,3485.7,0.317,123,0,
2026-09-13T10:42:54+00:00,56.3994846213609,-4.827112555503845,700.2,3487.12,0.317,123,0,
2026-09-13T10:42:57+00:00,56.39948822557926,-4.827096546068788,701.0,3488.34,0.327,120,0,
2026-09-13T10:42:58+00:00,56.39948529191315,-4.827090762555599,701.0,3488.82,0.327,123,0,
2026-09-13T10:43:02+00:00,56.39947582036257,-4.827067796140909,701.8,3490.64,0.327,122,0,
2026-09-13T10:43:06+00:00,56.399463415145874,-4.827041057869792,702.2,3492.81,0.327,121,0,
2026-09-13T10:43:11+00:00,56.399455200880766,-4.827011385932565,703.2,3494.89,0.336,123,0,
2026-09-13T10:43:12+00:00,56.39945587143302,-4.8270017467439175,703.4000000000001,3495.43,0.336,123,0,
2026-09-13T10:43:15+00:00,56.39945327304304,-4.826982384547591,703.8,3496.66,0.336,126,0,
2026-09-13T10:43:18+00:00,56.399454614147544,-4.826962938532233,704.4000000000001,3497.85,0.336,124,0,
2026-09-13T10:43:21+00:00,56.39944992028177,-4.826955478638411,704.8,3498.5,0.336,127,0,
2026-09-13T10:43:24+00:00,56.399445394054055,-4.82696084305644,704.8,3498.96,0.336,127,0,
2026-09-13T10:43:30+00:00,56.39943986199796,-4.826916586607695,705.4000000000001,3501.42,0.336,129,0,
2026-09-13T10:43:31+00:00,56.39943768270314,-4.826911306008697,705.5999999999999,3501.82,0.336,130,0,
2026-09-13T10:43:37+00:00,56.39943592250347,-4.826882807537913,706.5999999999999,3503.58,0.336,131,0,
2026-09-13T10:43:42+00:00,56.39942351728678,-4.826855231076479,707.5999999999999,3505.95,0.336,130,0,
2026-09-13T10:43:43+00:00,56.39941815286875,-4.826854979619384,707.8,3506.54,0.336,129,0,
2026-09-13T10:43:51+00:00,56.39939024113119,-4.826831677928567,708.4000000000001,3509.99,0.336,126,0,
2026-09-13T10:43:52+00:00,56.39938269741833,-4.826829247176647,708.4000000000001,3510.8,0.345,126,0,
2026-09-13T10:43:56+00:00,56.399364760145545,-4.826819607988,709.0,3512.87,0.345,126,0,
2026-09-13T10:44:01+00:00,56.39934757724404,-4.826801335439086,709.8,3515.13,0.345,125,0,
2026-09-13T10:44:03+00:00,56.39934095554054,-4.826791863888502,710.0,3516.03,0.345,124,0,
2026-09-13T10:44:10+00:00,56.399309607222676,-4.826769232749939,710.4000000000001,3519.93,0.345,126,0,
2026-09-13T10:44:15+00:00,56.399301728233695,-4.8267758544534445,710.4000000000001,3520.94,0.345,126,0,
2026-09-13T10:44:27+00:00,56.3993014767766,-4.826778452843428,710.2,3521.15,0.317,122,0,
2026-09-13T10:44:29+00:00,56.3993014767766,-4.826778452843428,710.2,3521.15,0.317,117,0,
2026-09-13T10:44:31+00:00,56.3993014767766,-4.826778452843428,710.0,3521.15,0.317,114,0,
2026-09-13T10:44:50+00:00,56.39930156059563,-4.826790355145931,709.4000000000001,3521.54,0.289,111,0,
2026-09-13T10:45:00+00:00,56.399297872558236,-4.826803682371974,709.2,3522.26,0.28,108,0,
2026-09-13T10:45:05+00:00,56.39929720200598,-4.826804185286164,709.2,3522.34,0.271,105,0,
2026-09-13T10:45:09+00:00,56.399296363815665,-4.826804604381323,709.0,3522.43,0.261,102,0,
2026-09-13T10:45:13+00:00,56.39929627999663,-4.826804436743259,709.0,3522.44,0.261,101,0,
2026-09-13T10:45:31+00:00,56.39929627999663,-4.826801670715213,708.8,3522.47,0.233,98,0,
2026-09-13T10:45:34+00:00,56.39929611235857,-4.826801251620054,708.8,3522.47,0.233,94,0,
2026-09-13T10:45:35+00:00,56.39929594472051,-4.826801083981991,708.8,3522.49,0.233,91,0,
2026-09-13T10:45:37+00:00,56.39929552562535,-4.826800832524896,708.8,3522.52,0.233,88,0,
2026-09-13T10:45:48+00:00,56.399294603616,-4.826800161972642,708.5999999999999,3522.6,0.0,91,0,
2026-09-13T10:46:01+00:00,56.39929309487343,-4.8267976474016905,708.5999999999999,3522.69,0.0,88,0,
2026-09-13T10:46:20+00:00,56.39929158613086,-4.826795971021056,709.2,3522.82,0.0,91,0,
2026-09-13T10:46:25+00:00,56.399286556988955,-4.826779458671808,710.2,3522.93,0.0,89,47,
2026-09-13T10:46:29+00:00,56.39928094111383,-4.826765712350607,711.0,3523.13,0.0,92,0,
2026-09-13T10:46:31+00:00,56.3992790132761,-4.826761018484831,711.2,3523.2,0.0,94,0,
2026-09-13T10:46:37+00:00,56.39926275238395,-4.826719695702195,712.2,3523.74,0.0,97,0,
2026-09-13T10:46:39+00:00,56.399258226156235,-4.826708966866136,712.4000000000001,3523.91,0.0,100,0,
2026-09-13T10:46:42+00:00,56.39925118535757,-4.826694382354617,712.5999999999999,3524.23,0.0,103,0,
2026-09-13T10:46:46+00:00,56.39923609793186,-4.826668230816722,713.0,3525.05,0.0,106,0,
2026-09-13T10:46:52+00:00,56.39920097775757,-4.826628919690847,713.4000000000001,3528.02,0.0,106,0,
2026-09-13T10:46:56+00:00,56.39912411570549,-4.826565133407712,713.8,3537.43,0.345,107,0,
2026-09-13T10:46:58+00:00,56.399087654426694,-4.82653277926147,714.0,3541.94,1.129,105,0,
2026-09-13T10:47:00+00:00,56.399053456261754,-4.826500089839101,714.2,3546.0,1.222,107,0,
2026-09-13T10:47:02+00:00,56.399029986932874,-4.826468909159303,714.2,3549.15,1.222,107,0,
2026-09-13T10:47:03+00:00,56.3990252930671,-4.826458180323243,714.4000000000001,3549.96,1.222,108,0,
2026-09-13T10:47:05+00:00,56.39901800081134,-4.8264507204294205,714.5999999999999,3550.9,0.0,110,0,
2026-09-13T10:47:11+00:00,56.39900375157595,-4.826415181159973,715.2,3553.59,0.0,112,0,
2026-09-13T10:47:18+00:00,56.3989925198257,-4.826398333534598,715.4000000000001,3555.21,0.0,109,50,
2026-09-13T10:47:19+00:00,56.39899109490216,-4.826396405696869,715.4000000000001,3555.38,0.0,108,50,
2026-09-13T10:47:20+00:00,56.398990675807,-4.826395232230425,715.4000000000001,3555.47,0.0,108,0,
2026-09-13T10:47:28+00:00,56.398990927264094,-4.826395232230425,716.0,3555.47,0.0,105,0,
2026-09-13T10:47:32+00:00,56.3989922683686,-4.826395232230425,716.8,3555.47,0.0,105,41,
2026-09-13T10:47:40+00:00,56.3989922683686,-4.826395232230425,717.2,3555.47,0.0,104,0,
2026-09-13T10:47:48+00:00,56.398971481248736,-4.826375702396035,717.2,3557.5,0.0,109,0,
2026-09-13T10:47:49+00:00,56.398968966677785,-4.8263756185770035,717.2,3557.62,0.0,112,0,
2026-09-13T10:47:51+00:00,56.398967457935214,-4.82637545093894,717.4000000000001,3557.69,0.0,115,0,
2026-09-13T10:47:59+00:00,56.39896670356393,-4.826374109834433,718.0,3557.81,0.0,117,0,
2026-09-13T10:48:04+00:00,56.39896544627845,-4.826374109834433,719.0,3557.86,0.0,118,0,
2026-09-13T10:48:07+00:00,56.39896527864039,-4.826371511444449,719.8,3558.02,0.0,115,0,
2026-09-13T10:48:08+00:00,56.39896527864039,-4.826370505616069,720.0,3558.08,0.0,114,0,
2026-09-13T10:48:12+00:00,56.3989613391459,-4.826354580000043,720.5999999999999,3559.15,0.0,111,0,
2026-09-13T10:48:14+00:00,56.39895698055625,-4.826336223632097,721.0,3560.36,0.0,109,0,
2026-09-13T10:48:19+00:00,56.39894088730216,-4.826247459277511,722.2,3566.05,0.0,105,0,
2026-09-13T10:48:25+00:00,56.39894591644406,-4.8261606227606535,723.2,3571.2,0.0,103,0,
2026-09-13T10:48:26+00:00,56.39894139021635,-4.826150815933943,723.5999999999999,3571.98,0.0,103,0,
2026-09-13T10:48:29+00:00,56.39892529696226,-4.826131369918585,724.2,3574.18,0.0,106,0,
2026-09-13T10:48:31+00:00,56.39891775324941,-4.8261170368641615,724.5999999999999,3575.4,0.0,108,0,
2026-09-13T10:48:34+00:00,56.39891305938363,-4.82607931829989,725.0,3577.73,0.0,109,0,
2026-09-13T10:48:38+00:00,56.398906940594316,-4.826058782637119,725.8,3579.17,0.0,111,0,
2026-09-13T10:48:41+00:00,56.39891238883138,-4.826050652191043,726.2,3580.07,0.0,114,0,
2026-09-13T10:48:42+00:00,56.39891792088747,-4.826043779030442,726.4000000000001,3580.82,0.0,112,0,
2026-09-13T10:48:46+00:00,56.398932253941894,-4.826020393520594,726.8,3583.0,0.0,114,0,
2026-09-13T10:48:51+00:00,56.39893879182637,-4.825994158163667,727.5999999999999,3584.77,0.0,115,0,
2026-09-13T10:48:53+00:00,56.39894097112119,-4.825983429327607,728.0,3585.48,0.0,114,0,
2026-09-13T10:49:00+00:00,56.398947509005666,-4.825953841209412,729.0,3587.58,0.0,112,0,
2026-09-13T10:49:07+00:00,56.398940635845065,-4.825934395194054,730.0,3589.04,0.0,110,0,
2026-09-13T10:49:09+00:00,56.398940635845065,-4.825934395194054,730.0,3589.04,0.0,109,0,
2026-09-13T10:49:17+00:00,56.398940635845065,-4.825934395194054,731.2,3589.04,0.0,112,0,
2026-09-13T10:49:23+00:00,56.398940635845065,-4.825925258919597,732.2,3589.43,0.0,114,0,
2026-09-13T10:49:33+00:00,56.39891833998263,-4.825862227007747,733.4000000000001,3593.93,0.0,116,0,
2026-09-13T10:49:40+00:00,56.39890358783305,-4.8258245922625065,734.5999999999999,3596.72,0.0,118,0,
2026-09-13T10:49:45+00:00,56.39889973215759,-4.825811181217432,735.2,3597.61,0.0,115,0,
2026-09-13T10:49:50+00:00,56.39889847487211,-4.825786957517266,735.5999999999999,3598.75,0.0,113,0,
2026-09-13T10:49:57+00:00,56.39888875186443,-4.8257518373429775,736.5999999999999,3601.04,0.0,114,0,
2026-09-13T10:50:06+00:00,56.398867378011346,-4.825716549530625,737.5999999999999,3604.26,0.0,116,0,
2026-09-13T10:50:12+00:00,56.39886477962136,-4.8256781604141,738.5999999999999,3606.13,0.0,119,0,
2026-09-13T10:50:27+00:00,56.398852625861764,-4.825613535940647,739.8,3609.87,0.0,121,0,
2026-09-13T10:50:36+00:00,56.398852625861764,-4.825601801276207,740.8,3610.38,0.0,119,0,
2026-09-13T10:50:42+00:00,56.39885388314724,-4.825595263391733,741.8,3610.56,0.0,122,0,
2026-09-13T10:50:43+00:00,56.3988540507853,-4.825591994449496,742.0,3610.69,0.0,122,0,
2026-09-13T10:50:47+00:00,56.398854637518525,-4.825569363310933,742.0,3611.62,0.0,119,47,
2026-09-13T10:50:50+00:00,56.398855140432715,-4.825551845133305,741.8,3612.33,0.0,122,0,
2026-09-13T10:50:58+00:00,56.39885740354657,-4.825539272278547,743.0,3612.71,0.0,120,0,
2026-09-13T10:51:04+00:00,56.39885874465108,-4.825535584241152,744.0,3612.77,0.0,120,0,
2026-09-13T10:51:13+00:00,56.39886695891619,-4.8255041521042585,744.4000000000001,3613.49,0.0,117,0,
2026-09-13T10:51:22+00:00,56.39887006022036,-4.825471211224794,745.2,3614.66,0.0,116,0,
2026-09-13T10:51:26+00:00,56.39887089841068,-4.825467271730304,745.5999999999999,3614.75,0.0,119,0,
2026-09-13T10:51:28+00:00,56.39887190423906,-4.825466517359018,745.5999999999999,3614.75,0.0,122,0,
2026-09-13T10:51:35+00:00,56.398876179009676,-4.825456291437149,746.2,3614.89,0.0,122,0,
2026-09-13T10:51:41+00:00,56.39887869358063,-4.825443467125297,747.4000000000001,3615.24,0.0,121,0,
2026-09-13T10:51:45+00:00,56.39888565056026,-4.82543240301311,748.0,3615.26,0.0,118,0,
2026-09-13T10:51:47+00:00,56.3988886680454,-4.825424775481224,748.4000000000001,3615.35,0.0,118,0,
2026-09-13T10:51:55+00:00,56.39889545738697,-4.8253957740962505,749.4000000000001,3616.05,0.0,118,0,
2026-09-13T10:52:04+00:00,56.398898139595985,-4.825360989198089,750.5999999999999,3617.33,0.0,117,0,
2026-09-13T10:52:12+00:00,56.39889973215759,-4.825338609516621,751.5999999999999,3618.17,0.0,120,0,
2026-09-13T10:52:20+00:00,56.3989024143666,-4.825322851538658,751.5999999999999,3618.63,0.0,119,0,
2026-09-13T10:52:24+00:00,56.39890333637595,-4.825318409129977,752.8,3618.76,0.0,117,0,
2026-09-13T10:52:29+00:00,56.398903001099825,-4.825316816568375,753.8,3618.84,0.0,115,0,
2026-09-13T10:52:37+00:00,56.39890291728079,-4.825313966721296,754.5999999999999,3618.98,0.0,118,0,
2026-09-13T10:52:40+00:00,56.39890283346176,-4.825312709435821,755.0,3619.03,0.0,118,0,
2026-09-13T10:52:45+00:00,56.3989026658237,-4.825310697779059,756.0,3619.14,0.0,118,0,
2026-09-13T10:52:54+00:00,56.398902582004666,-4.825306087732315,757.2,3619.34,0.0,118,0,
2026-09-13T10:53:00+00:00,56.398902498185635,-4.825303237885237,757.5999999999999,3619.47,0.0,121,0,
2026-09-13T10:53:04+00:00,56.3989024143666,-4.825300890952349,758.2,3619.58,0.0,121,0,
2026-09-13T10:53:10+00:00,56.398902582004666,-4.825297622010112,759.2,3619.7,0.0,121,0,
2026-09-13T10:53:18+00:00,56.3989026658237,-4.825293263420463,760.2,3619.89,0.0,120,0,
2026-09-13T10:53:21+00:00,56.398902498185635,-4.825291419401765,760.5999999999999,3619.98,0.0,123,0,
2026-09-13T10:53:25+00:00,56.398901995271444,-4.825288904830813,760.8,3620.13,0.0,118,0,
2026-09-13T10:53:26+00:00,56.39890174381435,-4.82528823427856,760.8,3620.18,0.0,121,0,
2026-09-13T10:53:32+00:00,56.39890140853822,-4.825284378603101,761.2,3620.37,0.0,118,0,
2026-09-13T10:53:37+00:00,56.398900989443064,-4.825280774384737,762.2,3620.56,0.0,117,19,
2026-09-13T10:53:44+00:00,56.398900570347905,-4.825275745242834,762.8,3620.81,0.0,120,0,
2026-09-13T10:53:48+00:00,56.39890031889081,-4.825272643938661,763.4000000000001,3620.96,0.0,122,0,
2026-09-13T10:53:54+00:00,56.39889998361468,-4.825267950072885,764.4000000000001,3621.19,0.0,122,0,
2026-09-13T10:54:00+00:00,56.39889973215759,-4.825263004750013,765.4000000000001,3621.42,0.0,119,0,
2026-09-13T10:54:06+00:00,56.39889973215759,-4.825257724151015,766.5999999999999,3621.65,0.0,117,0,
2026-09-13T10:54:12+00:00,56.398899648338556,-4.825252443552017,767.8,3621.89,0.0,115,0,
2026-09-13T10:54:20+00:00,56.3988992292434,-4.825245151296258,768.8,3622.23,0.0,114,0,
2026-09-13T10:54:28+00:00,56.3988989777863,-4.825237859040499,770.0,3622.56,0.0,116,0,
2026-09-13T10:54:37+00:00,56.39889822341502,-4.825228890404105,771.2,3623.01,0.0,118,0,
2026-09-13T10:54:41+00:00,56.39889772050083,-4.825224783271551,771.8,3623.23,0.0,121,0,
2026-09-13T10:54:44+00:00,56.39889746904373,-4.825221681967378,772.2,3623.39,0.0,120,0,
2026-09-13T10:54:54+00:00,56.39889646321535,-4.8252117075026035,772.5999999999999,3623.89,0.0,117,0,
2026-09-13T10:54:58+00:00,56.3988957926631,-4.825207851827145,772.8,3624.11,0.0,114,0,
2026-09-13T10:55:04+00:00,56.398895122110844,-4.8252019844949245,773.0,3624.42,0.0,111,0,
2026-09-13T10:55:07+00:00,56.398894703015685,-4.825198967009783,773.2,3624.58,0.0,111,0,
2026-09-13T10:55:23+00:00,56.398893194273114,-4.825183544307947,773.5999999999999,3625.36,0.0,114,0,
2026-09-13T10:55:28+00:00,56.3988923560828,-4.825178515166044,774.2,3625.65,0.0,116,0,
2026-09-13T10:55:32+00:00,56.39889185316861,-4.82517440803349,774.5999999999999,3625.87,0.0,119,0,
2026-09-13T10:55:33+00:00,56.39889168553054,-4.825173318386078,775.0,3625.92,0.0,116,73,
2026-09-13T10:55:35+00:00,56.39889135025442,-4.825171139091253,775.2,3626.05,0.0,116,73,
2026-09-13T10:55:40+00:00,56.39889067970216,-4.82516560703516,776.4000000000001,3626.34,0.0,118,0,
2026-09-13T10:55:47+00:00,56.39888959005475,-4.825157728046179,777.5999999999999,3626.76,0.0,120,0,
2026-09-13T10:55:50+00:00,56.398889254778624,-4.825154123827815,778.0,3626.94,0.0,124,0,
2026-09-13T10:55:51+00:00,56.39888917095959,-4.8251531179994345,778.2,3627.0,0.0,121,0,
2026-09-13T10:55:54+00:00,56.39888875186443,-4.825149597600102,778.5999999999999,3627.18,0.0,121,0,
2026-09-13T10:55:59+00:00,56.39888808131218,-4.825143730267882,779.5999999999999,3627.49,0.0,124,0,
2026-09-13T10:56:00+00:00,56.398887913674116,-4.825142472982407,779.8,3627.55,0.0,123,0,
2026-09-13T10:56:07+00:00,56.3988870754838,-4.82513383962214,780.8,3627.99,0.0,123,0,
2026-09-13T10:56:14+00:00,56.39888657256961,-4.825125457718968,781.8,3628.39,0.0,120,0,
2026-09-13T10:56:16+00:00,56.398886404931545,-4.82512311078608,782.2,3628.51,0.0,119,0,
2026-09-13T10:56:23+00:00,56.39888565056026,-4.825113974511623,783.4000000000001,3628.96,0.0,117,0,
2026-09-13T10:56:32+00:00,56.39888472855091,-4.8251021560281515,784.5999999999999,3629.54,0.0,117,0,
2026-09-13T10:56:35+00:00,56.39888464473188,-4.825098216533661,785.0,3629.72,0.0,120,0,
2026-09-13T10:56:39+00:00,56.39888405799866,-4.825092684477568,785.8,3630.0,0.0,118,0,
2026-09-13T10:56:46+00:00,56.39888330362737,-4.825083548203111,786.8,3630.46,0.0,121,0,
2026-09-13T10:56:53+00:00,56.39888271689415,-4.82507424429059,787.5999999999999,3630.9,0.0,116,0,
2026-09-13T10:56:54+00:00,56.39888271689415,-4.825072819367051,787.8,3630.97,0.0,119,0,
2026-09-13T10:56:56+00:00,56.398882549256086,-4.825070220977068,788.0,3631.1,0.0,122,0,
2026-09-13T10:57:04+00:00,56.398882046341896,-4.825059324502945,788.8,3631.6,0.0,121,0,
2026-09-13T10:57:08+00:00,56.39888187870383,-4.825053960084915,788.8,3631.85,0.0,118,0,
2026-09-13T10:57:12+00:00,56.39888162724674,-4.825048679485917,788.8,3632.09,0.0,121,0,
2026-09-13T10:57:19+00:00,56.39888087287545,-4.825038788840175,789.0,3632.58,0.0,118,0,
2026-09-13T10:57:27+00:00,56.3988799508661,-4.82502780854702,790.0,3633.12,0.0,118,0,
2026-09-13T10:57:36+00:00,56.398879028856754,-4.825015151873231,791.0,3633.74,0.0,119,0,
2026-09-13T10:57:44+00:00,56.39887827448547,-4.8250040877610445,792.2,3634.28,0.0,118,0,
2026-09-13T10:57:52+00:00,56.39887785539031,-4.824992772191763,793.2,3634.8,0.0,115,0,
2026-09-13T10:57:53+00:00,56.39887785539031,-4.824991347268224,793.4000000000001,3634.86,0.0,115,0,
2026-09-13T10:58:01+00:00,56.39887777157128,-4.824980450794101,794.4000000000001,3635.34,0.0,113,0,
2026-09-13T10:58:06+00:00,56.39887768775225,-4.8249735776335,795.2,3635.64,0.0,116,0,
2026-09-13T10:58:07+00:00,56.39887768775225,-4.824972068890929,795.2,3635.71,0.0,113,0,
2026-09-13T10:58:08+00:00,56.398877603933215,-4.82497064396739,795.4000000000001,3635.77,0.0,116,0,
2026-09-13T10:58:09+00:00,56.398877603933215,-4.824969302862883,795.5999999999999,3635.83,0.0,112,0,
2026-09-13T10:58:17+00:00,56.39887768775225,-4.824958574026823,796.5999999999999,3636.29,0.0,114,0,
2026-09-13T10:58:19+00:00,56.39887777157128,-4.824955891817808,796.8,3636.39,0.0,111,0,
2026-09-13T10:58:27+00:00,56.39887793920934,-4.824944995343685,797.5999999999999,3636.85,0.0,109,0,
2026-09-13T10:58:34+00:00,56.3988783583045,-4.824935691431165,798.5999999999999,3637.21,0.0,111,0,
2026-09-13T10:58:39+00:00,56.39887844212353,-4.8249289859086275,799.4000000000001,3637.5,0.0,114,0,
2026-09-13T10:58:44+00:00,56.39887877739966,-4.82492228038609,799.8,3637.76,0.0,115,0,
2026-09-13T10:58:51+00:00,56.398879112675786,-4.824912892654538,800.8,3638.13,0.0,114,0,
2026-09-13T10:58:58+00:00,56.3988799508661,-4.824903588742018,801.8,3638.47,0.0,113,0,
2026-09-13T10:59:05+00:00,56.39888036996126,-4.824894201010466,802.8,3638.84,0.0,113,0,
2026-09-13T10:59:15+00:00,56.398881040513515,-4.824880370870233,804.0,3639.38,0.0,114,0,
2026-09-13T10:59:23+00:00,56.39888171106577,-4.82486947439611,805.0,3639.8,0.0,114,0,
2026-09-13T10:59:29+00:00,56.398882465437055,-4.824861427769065,806.2,3640.08,0.0,114,0,
2026-09-13T10:59:33+00:00,56.398882968351245,-4.824855895712972,806.5999999999999,3640.28,0.0,117,0,
2026-09-13T10:59:38+00:00,56.3988833874464,-4.8248491901904345,807.2,3640.54,0.0,118,0,
2026-09-13T10:59:49+00:00,56.39888472855091,-4.824834186583757,808.2,3641.07,0.0,120,0,
2026-09-13T10:59:57+00:00,56.398885902017355,-4.824823709204793,809.2,3641.43,0.0,118,0,
2026-09-13T11:00:06+00:00,56.39888699166477,-4.824811387807131,810.2,3641.88,0.0,115,0,
2026-09-13T11:00:09+00:00,56.398887326940894,-4.8248073644936085,810.4000000000001,3642.02,0.0,115,0,
2026-09-13T11:00:18+00:00,56.39888850040734,-4.824794875457883,811.4000000000001,3642.47,0.0,113,0,
2026-09-13T11:00:25+00:00,56.39888959005475,-4.824785068631172,812.4000000000001,3642.8,0.0,112,0,
2026-09-13T11:00:34+00:00,56.39889118261635,-4.824771992862225,812.8,3643.24,0.0,109,0,
2026-09-13T11:00:46+00:00,56.398893194273114,-4.824754977598786,812.8,3643.81,0.0,106,0,
2026-09-13T11:00:50+00:00,56.398893697187304,-4.824749613180757,813.0,3644.0,0.0,102,0,
2026-09-13T11:01:00+00:00,56.39889503829181,-4.824736788868904,813.4000000000001,3644.45,0.0,101,0,
2026-09-13T11:01:11+00:00,56.39889679849148,-4.8247231263667345,813.8,3644.89,0.0,98,0,
2026-09-13T11:01:22+00:00,56.39889822341502,-4.824709380045533,814.5999999999999,3645.37,0.0,101,0,
2026-09-13T11:01:28+00:00,56.3988989777863,-4.824702087789774,815.5999999999999,3645.62,0.0,102,0,
2026-09-13T11:01:34+00:00,56.39889981597662,-4.824694376438856,816.0,3645.89,0.0,105,0,
2026-09-13T11:01:37+00:00,56.398924961686134,-4.824386341497302,816.5999999999999,3656.18,0.0,105,78,
2026-09-13T11:01:40+00:00,56.39895496889949,-4.8239250015467405,817.0,3669.01,1.185,105,78,
2026-09-13T11:01:42+00:00,56.39897768385708,-4.823615541681647,817.2,3681.71,0.98,105,0,
2026-09-13T11:01:43+00:00,56.39899059198797,-4.823460727930069,817.2,3691.23,0.924,105,0,
2026-09-13T11:01:48+00:00,56.39900936745107,-4.823130816221237,817.8,3710.94,0.0,108,0,
2026-09-13T11:01:52+00:00,56.3990028295666,-4.823110783472657,818.4000000000001,3712.47,0.0,108,0,
2026-09-13T11:01:56+00:00,56.39899495057762,-4.823089158162475,819.0,3714.1,0.0,107,0,
2026-09-13T11:02:02+00:00,56.39897014014423,-4.823048086836934,819.8,3717.83,0.0,108,0,
2026-09-13T11:02:04+00:00,56.398969972506166,-4.8230361845344305,820.0,3718.58,0.0,109,0,
2026-09-13T11:02:10+00:00,56.39896779321134,-4.82300047762692,821.2,3720.79,0.0,108,0,
2026-09-13T11:02:11+00:00,56.39896569773555,-4.822993017733097,821.4000000000001,3721.27,0.0,108,0,
2026-09-13T11:02:16+00:00,56.398953795433044,-4.822960160672665,822.0,3723.71,0.0,114,0,
2026-09-13T11:02:17+00:00,56.398952286690474,-4.822952952235937,822.0,3724.18,0.0,118,0,
2026-09-13T11:02:18+00:00,56.39895128086209,-4.822946414351463,822.4000000000001,3724.61,0.0,112,0,
2026-09-13T11:02:21+00:00,56.398945748806,-4.82293451204896,823.0,3725.64,0.0,112,0,
2026-09-13T11:02:24+00:00,56.398947928100824,-4.822935266420245,823.2,3725.9,0.0,115,0,
2026-09-13T11:02:26+00:00,56.39894239604473,-4.8229237832129,823.4000000000001,3726.79,0.0,117,0,
2026-09-13T11:02:29+00:00,56.39893736690283,-4.822900481522083,823.4000000000001,3728.34,0.0,114,0,
2026-09-13T11:02:36+00:00,56.39890895225108,-4.822841640561819,824.2,3733.25,0.0,111,0,
2026-09-13T11:02:39+00:00,56.39890668913722,-4.822822110727429,824.5999999999999,3734.45,0.0,110,0,
2026-09-13T11:02:43+00:00,56.3989024143666,-4.822786906734109,825.2,3736.77,0.0,108,0,
2026-09-13T11:02:45+00:00,56.39889746904373,-4.8227683827281,825.5999999999999,3738.03,0.0,108,0,
2026-09-13T11:02:51+00:00,56.39889528974891,-4.822726808488369,826.2,3740.6,0.0,108,0,
2026-09-13T11:02:58+00:00,56.398899061605334,-4.82272588647902,826.8,3740.98,0.0,110,0,
2026-09-13T11:03:00+00:00,56.398901492357254,-4.8227128107100725,827.0,3741.82,0.0,111,0,
2026-09-13T11:03:07+00:00,56.39889285899699,-4.822647096589208,827.8,3745.94,0.0,112,0,
2026-09-13T11:03:13+00:00,56.398886824026704,-4.8225952964276075,828.8,3749.2,0.0,110,0,
2026-09-13T11:03:16+00:00,56.398881543427706,-4.822565373033285,829.4000000000001,3751.13,0.0,112,0,
2026-09-13T11:03:20+00:00,56.398863857612014,-4.822526900097728,830.2,3754.12,0.0,112,0,
2026-09-13T11:03:21+00:00,56.39886226505041,-4.822518937289715,830.4000000000001,3754.65,0.0,108,0,
2026-09-13T11:03:22+00:00,56.39886176213622,-4.822511812672019,830.5999999999999,3755.08,0.0,112,0,
2026-09-13T11:03:28+00:00,56.39884550124407,-4.8224633652716875,831.4000000000001,3758.7,0.0,111,0,
2026-09-13T11:03:34+00:00,56.39884868636727,-4.822420869022608,832.0,3761.53,0.0,114,65,
2026-09-13T11:03:35+00:00,56.39884835109115,-4.822414079681039,832.2,3761.94,0.0,111,65,
2026-09-13T11:03:37+00:00,56.398846758529544,-4.822401339188218,832.4000000000001,3762.74,0.261,111,65,
2026-09-13T11:03:41+00:00,56.39884835109115,-4.82237258926034,833.4000000000001,3764.64,0.0,111,0,
2026-09-13T11:03:44+00:00,56.39885279349983,-4.822371834889054,834.0,3765.17,0.0,112,0,
2026-09-13T11:03:47+00:00,56.39886234886944,-4.822363285347819,834.4000000000001,3766.37,0.0,111,0,
2026-09-13T11:03:52+00:00,56.39886427670717,-4.822328500449657,835.4000000000001,3768.61,0.0,110,0,
2026-09-13T11:03:53+00:00,56.398864947259426,-4.822326824069023,835.5999999999999,3768.72,0.0,110,0,
2026-09-13T11:04:01+00:00,56.39887358061969,-4.822303941473365,836.5999999999999,3770.58,0.0,111,0,
2026-09-13T11:04:08+00:00,56.398870730772614,-4.822287512943149,837.0,3772.13,0.0,112,0,
2026-09-13T11:04:11+00:00,56.39886855147779,-4.822295056656003,837.0,3772.72,0.0,115,0,
2026-09-13T11:04:15+00:00,56.398875592276454,-4.822300840169191,837.0,3773.61,0.0,117,0,
2026-09-13T11:04:24+00:00,56.39887643046677,-4.822301343083382,837.8,3773.7,0.0,115,0,
2026-09-13T11:04:32+00:00,56.398870227858424,-4.822295140475035,838.8,3773.7,0.0,114,0,
2026-09-13T11:04:37+00:00,56.398867294192314,-4.822276700288057,839.8,3773.7,0.0,116,0,
2026-09-13T11:04:43+00:00,56.39886469580233,-4.822239903733134,841.2,3773.7,0.0,115,0,
2026-09-13T11:04:48+00:00,56.398862935602665,-4.822205286473036,842.2,3773.7,0.0,113,0,
2026-09-13T11:04:56+00:00,56.398862935602665,-4.822141584008932,843.2,3773.7,0.0,112,0,
2026-09-13T11:05:04+00:00,56.398875173181295,-4.822125490754843,844.4000000000001,3774.72,0.0,113,0,
2026-09-13T11:05:18+00:00,56.39891046099365,-4.822086598724127,845.4000000000001,3777.43,0.0,112,0,
2026-09-13T11:05:21+00:00,56.398914735764265,-4.822081318125129,846.0,3777.73,0.0,109,0,
2026-09-13T11:05:23+00:00,56.398932756856084,-4.822068493813276,846.5999999999999,3779.88,0.0,109,0,
2026-09-13T11:05:27+00:00,56.39897407963872,-4.822052400559187,847.2,3784.28,0.0,110,0,
2026-09-13T11:05:30+00:00,56.39900685288012,-4.822034630924463,847.5999999999999,3788.07,0.0,111,0,
2026-09-13T11:05:34+00:00,56.39902244322002,-4.822012335062027,848.2,3790.42,0.0,114,0,
2026-09-13T11:05:37+00:00,56.39902135357261,-4.821994481608272,848.8,3791.56,0.0,117,0,
2026-09-13T11:05:38+00:00,56.39902152121067,-4.821989368647337,849.0,3791.87,0.0,117,0,
2026-09-13T11:05:39+00:00,56.399021185934544,-4.821986518800259,849.2,3792.05,0.0,120,0,
2026-09-13T11:05:43+00:00,56.39903225004673,-4.821983249858022,849.8,3793.69,0.0,117,0,
2026-09-13T11:05:46+00:00,56.3990424759686,-4.821984004229307,850.0,3794.81,0.0,116,0,
2026-09-13T11:05:53+00:00,56.39905873686075,-4.821953158825636,851.0,3797.54,0.0,116,0,
2026-09-13T11:05:59+00:00,56.39907198026776,-4.82193673029542,852.0,3799.61,0.0,114,0,
2026-09-13T11:06:03+00:00,56.399095030501485,-4.821946956217289,852.4000000000001,3802.33,0.0,117,0,
2026-09-13T11:06:08+00:00,56.399116069078445,-4.821946118026972,853.0,3804.66,0.252,120,0,
2026-09-13T11:06:09+00:00,56.39911933802068,-4.821948716416955,853.0,3805.05,0.0,120,0,
2026-09-13T11:06:11+00:00,56.399126295000315,-4.821954080834985,853.0,3805.87,0.0,120,0,
2026-09-13T11:06:16+00:00,56.399139454588294,-4.821933209896088,853.5999999999999,3808.05,0.0,119,0,
2026-09-13T11:06:19+00:00,56.399130737408996,-4.8219140991568565,854.2,3809.75,0.0,118,0,
2026-09-13T11:06:24+00:00,56.39910492114723,-4.8218996822834015,854.8,3812.83,0.0,118,0,
2026-09-13T11:06:27+00:00,56.39909100718796,-4.821878140792251,855.2,3814.84,0.0,118,0,
2026-09-13T11:06:31+00:00,56.39908941462636,-4.8218434397131205,855.5999999999999,3816.97,0.0,117,0,
2026-09-13T11:06:34+00:00,56.3990889955312,-4.821819048374891,856.2,3818.5,0.0,117,0,
2026-09-13T11:06:42+00:00,56.39911137521267,-4.821796752512455,857.2,3821.5,0.0,116,0,
2026-09-13T11:06:43+00:00,56.39911187812686,-4.821801781654358,857.4000000000001,3821.81,0.0,117,0,
2026-09-13T11:06:47+00:00,56.39911875128746,-4.821809409186244,857.8,3822.86,0.0,118,0,
2026-09-13T11:06:51+00:00,56.399127803742886,-4.821814941242337,858.5999999999999,3823.93,0.0,118,0,
2026-09-13T11:06:54+00:00,56.39914314262569,-4.821821814402938,859.2,3825.65,0.0,118,0,
2026-09-13T11:07:00+00:00,56.39917918480933,-4.821844948455691,859.8,3829.96,0.0,117,53,
2026-09-13T11:07:03+00:00,56.39918957836926,-4.82184587046504,860.0,3831.13,0.0,117,0,
2026-09-13T11:07:05+00:00,56.39919728972018,-4.8218451999127865,860.2,3831.97,0.0,120,0,
2026-09-13T11:07:09+00:00,56.3992065936327,-4.821823490783572,860.8,3833.65,0.0,118,0,
2026-09-13T11:07:17+00:00,56.39921044930816,-4.821793148294091,861.5999999999999,3835.66,0.0,118,0,
2026-09-13T11:07:19+00:00,56.399214724078774,-4.821783257648349,861.5999999999999,3836.43,0.0,114,0,
2026-09-13T11:07:20+00:00,56.39921749010682,-4.821781497448683,862.0,3836.75,0.0,115,0,
2026-09-13T11:07:27+00:00,56.39923148788512,-4.82179993763566,862.8,3838.8,0.0,114,0,
2026-09-13T11:07:30+00:00,56.399250430986285,-4.821795076131821,863.0,3841.02,0.0,115,0,
2026-09-13T11:07:31+00:00,56.39925562776625,-4.821789041161537,863.0,3841.7,0.0,112,0,
2026-09-13T11:07:34+00:00,56.399270882830024,-4.821784431114793,863.4000000000001,3843.43,0.0,112,0,
2026-09-13T11:07:40+00:00,56.39927272684872,-4.821772947907448,864.0,3844.62,0.0,111,0,
2026-09-13T11:07:41+00:00,56.39927473850548,-4.821771522983909,864.0,3844.86,0.0,109,0,
2026-09-13T11:07:49+00:00,56.39928546734154,-4.821752496063709,864.8,3846.61,0.0,106,0,
2026-09-13T11:07:51+00:00,56.39928982593119,-4.821752076968551,865.0,3847.1,0.0,106,0,
2026-09-13T11:07:52+00:00,56.39929208904505,-4.82174763455987,865.2,3847.41,0.0,105,0,
2026-09-13T11:08:00+00:00,56.39932653866708,-4.821738414466381,866.0,3851.44,0.224,106,0,
2026-09-13T11:08:02+00:00,56.399336932227015,-4.82172760181129,866.4000000000001,3852.78,0.224,106,0,
2026-09-13T11:08:06+00:00,56.39933659695089,-4.821712598204613,867.4000000000001,3853.75,0.233,106,0,
2026-09-13T11:08:12+00:00,56.39934196136892,-4.8217046353966,868.0,3855.35,0.233,105,0,
2026-09-13T11:08:16+00:00,56.39934288337827,-4.821680160239339,868.4000000000001,3857.26,0.233,102,0,
2026-09-13T11:08:18+00:00,56.39933818951249,-4.821670772507787,868.8,3858.07,0.243,104,0,
2026-09-13T11:08:25+00:00,56.399361323565245,-4.821644872426987,869.4000000000001,3861.47,0.243,105,0,
2026-09-13T11:08:26+00:00,56.39936593361199,-4.821645878255367,869.5999999999999,3861.98,0.243,105,0,
2026-09-13T11:08:32+00:00,56.399382781237364,-4.8216284438967705,870.2,3864.25,0.252,108,0,
2026-09-13T11:08:33+00:00,56.39938470907509,-4.821619475260377,870.4000000000001,3864.79,0.252,108,0,
2026-09-13T11:08:36+00:00,56.39939367771149,-4.821597011759877,870.8,3866.44,0.261,110,0,
2026-09-13T11:08:40+00:00,56.399412201717496,-4.821569100022316,871.2,3869.1,0.261,111,0,
2026-09-13T11:08:46+00:00,56.399440951645374,-4.821543786674738,871.8,3872.82,0.541,112,40,
2026-09-13T11:08:47+00:00,56.39944304712117,-4.821538757532835,871.8,3873.2,0.616,112,0,
2026-09-13T11:08:50+00:00,56.39945444650948,-4.821524256840348,872.2,3874.78,0.289,115,0,
2026-09-13T11:08:55+00:00,56.39946953393519,-4.821497015655041,872.5999999999999,3877.15,0.261,114,0,
2026-09-13T11:08:56+00:00,56.399469282478094,-4.821492740884423,873.0,3877.42,0.261,114,0,
2026-09-13T11:09:03+00:00,56.399478083476424,-4.821475641801953,873.4000000000001,3879.26,0.271,113,0,
2026-09-13T11:09:10+00:00,56.399521166458726,-4.821475055068731,873.8,3884.18,0.271,111,0,
2026-09-13T11:09:12+00:00,56.3995292969048,-4.821462985128164,874.0,3885.35,0.271,111,0,
2026-09-13T11:09:17+00:00,56.39953373931348,-4.821429792791605,874.8,3887.71,0.28,111,0,
2026-09-13T11:09:19+00:00,56.39953197911382,-4.8214214108884335,875.4000000000001,3888.1,0.28,112,0,
2026-09-13T11:09:22+00:00,56.39953667297959,-4.821407329291105,875.8,3889.17,0.28,110,0,
2026-09-13T11:09:28+00:00,56.39953055419028,-4.821385033428669,876.4000000000001,3890.76,0.28,108,0,
2026-09-13T11:09:30+00:00,56.399532314389944,-4.821370029821992,876.5999999999999,3891.7,0.28,110,0,
2026-09-13T11:09:36+00:00,56.39954220503569,-4.821351505815983,877.0,3893.62,0.28,111,0,
2026-09-13T11:09:39+00:00,56.39955762773752,-4.8213359992951155,877.4000000000001,3895.52,0.28,110,0,
2026-09-13T11:09:46+00:00,56.39958151616156,-4.821292329579592,878.4000000000001,3899.37,0.28,111,0,
2026-09-13T11:09:47+00:00,56.39958159998059,-4.821288390085101,878.5999999999999,3899.6,0.28,110,0,
2026-09-13T11:09:55+00:00,56.39959568157792,-4.821226866915822,879.5999999999999,3904.07,0.289,109,0,
2026-09-13T11:09:57+00:00,56.399601213634014,-4.821217060089111,879.8,3904.93,0.289,109,0,
2026-09-13T11:10:04+00:00,56.399612529203296,-4.821186549961567,880.5999999999999,3907.21,0.299,106,0,
2026-09-13T11:10:05+00:00,56.39961428940296,-4.821180934086442,880.8,3907.61,0.299,105,0,
2026-09-13T11:10:13+00:00,56.39963096939027,-4.821142544969916,881.5999999999999,3910.67,0.299,101,0,
2026-09-13T11:10:14+00:00,56.399635495617986,-4.821136090904474,881.8,3911.29,0.299,103,0,
2026-09-13T11:10:15+00:00,56.39963960275054,-4.821133408695459,882.0,3911.77,0.299,106,0,
2026-09-13T11:10:17+00:00,56.39964463189244,-4.821127457544208,882.2,3912.44,0.299,103,0,
2026-09-13T11:10:22+00:00,56.39966206625104,-4.821117650717497,883.0,3914.49,0.299,102,0,
2026-09-13T11:10:29+00:00,56.39967572875321,-4.821090158075094,883.8,3916.77,0.308,102,0,
2026-09-13T11:10:31+00:00,56.399679500609636,-4.821073729544878,884.0,3917.89,0.308,102,0,
2026-09-13T11:10:38+00:00,56.39967145398259,-4.821009775623679,884.8,3922.08,0.308,102,0,
2026-09-13T11:10:40+00:00,56.39967581257224,-4.820993347093463,885.2,3923.21,0.308,104,0,
2026-09-13T11:10:45+00:00,56.39967832714319,-4.820984965190291,885.5999999999999,3923.86,0.308,105,19,
2026-09-13T11:10:50+00:00,56.399677488952875,-4.820983037352562,886.0,3923.94,0.299,101,0,
2026-09-13T11:11:01+00:00,56.39967832714319,-4.820984294638038,885.8,3923.95,0.28,104,0,
2026-09-13T11:11:02+00:00,56.399678410962224,-4.820984462276101,885.8,3923.95,0.28,101,0,
2026-09-13T11:11:14+00:00,56.399679919704795,-4.820987563580275,885.5999999999999,3923.98,0.261,98,0,
2026-09-13T11:11:26+00:00,56.39967975206673,-4.820996196940541,885.5999999999999,3923.98,0.243,94,0,
2026-09-13T11:11:34+00:00,56.39967329800129,-4.820998292416334,885.2,3923.98,0.233,90,0,
2026-09-13T11:12:01+00:00,56.399672040715814,-4.8209955263882875,885.2,3924.3,0.0,87,0,
2026-09-13T11:12:06+00:00,56.39967681840062,-4.820984294638038,885.0,3925.14,0.0,84,0,
2026-09-13T11:12:12+00:00,56.39967690221965,-4.82097901403904,885.0,3925.45,0.0,87,0,
2026-09-13T11:12:16+00:00,56.39967690221965,-4.820976331830025,885.2,3925.6,0.0,90,0,
2026-09-13T11:12:26+00:00,56.39967145398259,-4.8209725599735975,886.4000000000001,3925.7,0.0,92,0,
2026-09-13T11:12:33+00:00,56.39967145398259,-4.820964261889458,887.4000000000001,3926.18,0.0,92,0,
2026-09-13T11:12:36+00:00,56.3996762316674,-4.820950347930193,888.0,3927.17,0.0,96,19,
2026-09-13T11:12:40+00:00,56.39968411065638,-4.820923442021012,888.5999999999999,3929.04,0.317,99,19,
2026-09-13T11:12:45+00:00,56.39970037154853,-4.820889411494136,889.5999999999999,3931.65,0.0,103,0,
2026-09-13T11:12:49+00:00,56.399715542793274,-4.820872396230698,890.4000000000001,3933.23,0.0,106,0,
2026-09-13T11:12:53+00:00,56.3997296243906,-4.820854961872101,890.8,3934.8,0.0,105,0,
2026-09-13T11:12:58+00:00,56.39975041151047,-4.820827133953571,891.8,3937.23,0.0,107,0,
2026-09-13T11:13:06+00:00,56.39976030215621,-4.820780782029033,893.0,3940.3,0.0,109,0,
2026-09-13T11:13:08+00:00,56.39976189471781,-4.820770220831037,893.4000000000001,3940.97,0.0,112,0,
2026-09-13T11:13:14+00:00,56.39977890998125,-4.820728478953242,894.0,3944.05,0.0,111,0,
2026-09-13T11:13:20+00:00,56.39979634433985,-4.8207019083201885,895.0,3946.28,0.224,112,0,
2026-09-13T11:13:28+00:00,56.39980120584369,-4.820651281625032,895.8,3949.39,0.233,109,0,
2026-09-13T11:13:30+00:00,56.39980170875788,-4.820637870579958,896.0,3950.18,0.233,111,0,
2026-09-13T11:13:37+00:00,56.39980246312916,-4.820598140358925,896.8,3952.51,0.233,114,0,
2026-09-13T11:13:41+00:00,56.39980271458626,-4.820580622181296,897.2,3953.53,0.243,112,0,
2026-09-13T11:13:42+00:00,56.39980279840529,-4.820576850324869,897.2,3953.75,0.243,116,0,
2026-09-13T11:13:47+00:00,56.39980288222432,-4.820563104003668,898.2,3954.55,0.243,115,0,
2026-09-13T11:13:52+00:00,56.39980330131948,-4.8205517046153545,899.4000000000001,3955.22,0.233,112,0,
2026-09-13T11:13:55+00:00,56.39980564825237,-4.820543825626373,899.5999999999999,3955.76,0.233,115,0,
2026-09-13T11:14:00+00:00,56.39980908483267,-4.820530833676457,900.4000000000001,3956.65,0.233,115,0,
2026-09-13T11:14:11+00:00,56.39981118030846,-4.820516919717193,901.4000000000001,3957.54,0.233,115,0,
2026-09-13T11:14:16+00:00,56.399811347946525,-4.820515662431717,902.4000000000001,3957.62,0.224,115,0,
2026-09-13T11:14:32+00:00,56.39981176704168,-4.82050996273756,903.4000000000001,3957.96,0.0,112,0,
2026-09-13T11:14:37+00:00,56.39981193467975,-4.820508453994989,903.5999999999999,3958.05,0.0,111,0,
2026-09-13T11:14:41+00:00,56.39981210231781,-4.820507196709514,904.8,3958.14,0.0,111,0,
2026-09-13T11:14:53+00:00,56.399812605232,-4.820502335205674,905.8,3958.44,0.0,109,0,
2026-09-13T11:14:55+00:00,56.39981268905103,-4.820501497015357,906.0,3958.49,0.0,112,0,
2026-09-13T11:15:01+00:00,56.39981294050813,-4.8204989824444056,906.8,3958.65,0.0,110,0,
2026-09-13T11:15:05+00:00,56.39981310814619,-4.820497138425708,907.2,3958.75,0.0,113,0,
2026-09-13T11:15:08+00:00,56.399813359603286,-4.820495545864105,908.0,3958.86,0.0,111,0,
2026-09-13T11:15:13+00:00,56.39981352724135,-4.820492779836059,909.0,3959.02,0.0,110,0,
2026-09-13T11:15:21+00:00,56.399813862517476,-4.820487583056092,910.2,3959.34,0.0,110,0,
2026-09-13T11:15:24+00:00,56.399814281612635,-4.8204857390373945,910.5999999999999,3959.46,0.0,114,0,
2026-09-13T11:15:25+00:00,56.399814365431666,-4.820485068485141,910.5999999999999,3959.5,0.0,111,0,
2026-09-13T11:15:28+00:00,56.39981453306973,-4.820483224466443,910.8,3959.61,0.0,114,0,
2026-09-13T11:15:31+00:00,56.399814784526825,-4.820481296628714,911.2,3959.73,0.0,115,0,
2026-09-13T11:15:39+00:00,56.39981553889811,-4.82047576457262,912.2,3960.09,0.0,115,0,
2026-09-13T11:15:44+00:00,56.39981545507908,-4.820472663268447,912.8,3960.26,0.0,112,0,
2026-09-13T11:15:49+00:00,56.39981537126005,-4.820469059050083,913.2,3960.46,0.0,109,0,
2026-09-13T11:15:50+00:00,56.39981537126005,-4.820468472316861,913.4000000000001,3960.5,0.0,111,0,
2026-09-13T11:15:55+00:00,56.39981545507908,-4.820464951917529,913.8,3960.7,0.0,116,0,
2026-09-13T11:15:58+00:00,56.39981545507908,-4.820462604984641,914.2,3960.84,0.0,113,0,
2026-09-13T11:16:03+00:00,56.399815287441015,-4.820458246394992,914.4000000000001,3961.08,0.0,112,0,
2026-09-13T11:16:13+00:00,56.39981545507908,-4.82044936157763,915.2,3961.61,0.0,115,0,
2026-09-13T11:16:15+00:00,56.39981537126005,-4.820447685196996,915.5999999999999,3961.71,0.0,115,0,
2026-09-13T11:16:24+00:00,56.39981553889811,-4.820439554750919,916.8,3962.18,0.0,114,0,
2026-09-13T11:16:31+00:00,56.399815790355206,-4.8204330168664455,917.8,3962.57,0.0,113,0,
2026-09-13T11:16:40+00:00,56.399816209450364,-4.820424215868115,918.8,3963.09,0.0,110,0,
2026-09-13T11:16:46+00:00,56.39981646090746,-4.820417761802673,919.4000000000001,3963.48,0.0,107,0,
2026-09-13T11:16:52+00:00,56.399816712364554,-4.820411056280136,920.2,3963.87,0.0,105,0,
2026-09-13T11:17:00+00:00,56.39981662854552,-4.820402339100838,920.8,3964.37,0.0,102,0,
2026-09-13T11:17:05+00:00,56.39981713145971,-4.820396890863776,921.2,3964.71,0.0,101,41,
2026-09-13T11:17:12+00:00,56.39981755055487,-4.82038926333189,922.4000000000001,3965.16,0.0,101,0,
2026-09-13T11:17:20+00:00,56.399818137288094,-4.820380127057433,923.4000000000001,3965.71,0.0,101,0,
2026-09-13T11:17:27+00:00,56.39981897547841,-4.820372331887484,924.5999999999999,3966.2,0.0,103,0,
2026-09-13T11:17:29+00:00,56.399819226935506,-4.8203697334975,925.2,3966.35,0.0,100,0,
2026-09-13T11:17:33+00:00,56.399819646030664,-4.820365123450756,925.5999999999999,3966.64,0.0,103,0,
2026-09-13T11:17:34+00:00,56.399819646030664,-4.820363949984312,925.5999999999999,3966.71,0.0,105,0,
2026-09-13T11:17:35+00:00,56.399819729849696,-4.8203628603369,925.5999999999999,3966.77,0.0,108,0,
2026-09-13T11:17:36+00:00,56.399819729849696,-4.820361686870456,925.8,3966.84,0.0,108,0,
2026-09-13T11:17:37+00:00,56.39981981366873,-4.820360513404012,926.0,3966.91,0.0,111,0,
2026-09-13T11:17:38+00:00,56.39981989748776,-4.820359339937568,926.2,3966.98,0.0,114,0,
2026-09-13T11:17:39+00:00,56.39981998130679,-4.820358166471124,926.5999999999999,3967.05,0.0,115,0,
2026-09-13T11:17:49+00:00,56.39982081949711,-4.82034576125443,927.5999999999999,3967.8,0.0,113,0,
2026-09-13T11:17:59+00:00,56.39982199296355,-4.820333439856768,928.8,3968.56,0.0,111,0,
2026-09-13T11:18:06+00:00,56.3998229149729,-4.820324555039406,930.0,3969.11,0.0,112,0,
2026-09-13T11:18:15+00:00,56.39982417225838,-4.820313407108188,931.2,3969.8,0.0,112,0,
2026-09-13T11:18:21+00:00,56.399825094267726,-4.820305863395333,932.2,3970.27,0.0,112,0,
2026-09-13T11:18:31+00:00,56.39982576481998,-4.820293039083481,933.4000000000001,3971.04,0.0,112,0,
2026-09-13T11:18:41+00:00,56.399826519191265,-4.820280214771628,934.4000000000001,3971.81,0.0,111,0,
2026-09-13T11:18:46+00:00,56.399827022105455,-4.820273593068123,935.4000000000001,3972.21,0.0,108,0,
2026-09-13T11:18:48+00:00,56.39982718974352,-4.820272251963615,935.5999999999999,3972.3,0.0,107,0,
2026-09-13T11:18:53+00:00,56.39982769265771,-4.820264205336571,936.5999999999999,3972.78,0.0,104,0,
2026-09-13T11:18:54+00:00,56.39982777647674,-4.820262864232063,936.8,3972.86,0.0,107,0,
2026-09-13T11:19:01+00:00,56.399828447028995,-4.820253644138575,937.8,3973.42,0.0,107,0,
2026-09-13T11:19:08+00:00,56.39982911758125,-4.820244172587991,939.0,3973.99,0.0,107,0,
2026-09-13T11:19:13+00:00,56.399829452857375,-4.820237131789327,939.8,3974.41,0.0,110,0,
2026-09-13T11:19:14+00:00,56.399829452857375,-4.820235874503851,940.0,3974.49,0.0,110,0,
2026-09-13T11:19:19+00:00,56.399829955771565,-4.82022900134325,941.0,3974.9,0.0,107,0,
2026-09-13T11:19:21+00:00,56.39983020722866,-4.8202259838581085,941.2,3975.08,0.0,107,0,
2026-09-13T11:19:42+00:00,56.39983272179961,-4.820196982473135,941.8,3976.85,0.0,110,87,
2026-09-13T11:19:46+00:00,56.39983305707574,-4.820191618055105,942.2,3977.18,0.0,112,0,
2026-09-13T11:20:10+00:00,56.39983640983701,-4.820160437375307,942.4000000000001,3979.11,0.0,109,0,
2026-09-13T11:20:17+00:00,56.39983716420829,-4.820151887834072,942.8,3979.64,0.0,106,0,
2026-09-13T11:20:22+00:00,56.399837331846356,-4.820144847035408,943.4000000000001,3980.05,0.0,106,0,
2026-09-13T11:20:30+00:00,56.399837750941515,-4.820134034380317,943.8,3980.69,0.0,102,0,
2026-09-13T11:20:35+00:00,56.39983808621764,-4.820127412676811,944.4000000000001,3981.08,0.0,102,0,
2026-09-13T11:20:43+00:00,56.39985417947173,-4.819690715521574,945.4000000000001,4007.71,0.476,103,47,
2026-09-13T11:20:45+00:00,56.39986792579293,-4.819400617852807,945.4000000000001,4025.03,1.176,103,52,
2026-09-13T11:20:46+00:00,56.399880331009626,-4.819257790222764,945.5999999999999,4033.19,1.222,103,52,
2026-09-13T11:20:49+00:00,56.399918384850025,-4.818817153573036,946.0,4058.66,1.362,104,0,
2026-09-13T11:20:50+00:00,56.39992827549577,-4.818678265437484,946.0,4066.93,1.381,107,0,
2026-09-13T11:20:51+00:00,56.39992970041931,-4.818672146648169,946.2,4067.34,1.381,108,0,
2026-09-13T11:20:52+00:00,56.3999299518764,-4.818662339821458,946.4000000000001,4067.95,1.334,109,0,
2026-09-13T11:20:54+00:00,56.39993045479059,-4.818647000938654,946.5999999999999,4068.88,0.0,112,0,
2026-09-13T11:20:55+00:00,56.39993095770478,-4.818639624863863,946.5999999999999,4069.34,0.0,113,0,
2026-09-13T11:20:58+00:00,56.39993808232248,-4.8186159040778875,947.0,4070.85,0.0,116,0,
2026-09-13T11:21:02+00:00,56.39995375648141,-4.818578688427806,947.5999999999999,4073.78,0.569,117,50,
2026-09-13T11:21:04+00:00,56.399959959089756,-4.8185555543750525,947.8,4075.31,0.905,118,45,
2026-09-13T11:21:08+00:00,56.399971609935164,-4.818518841639161,948.5999999999999,4077.9,0.933,120,42,
2026-09-13T11:21:10+00:00,56.399968257173896,-4.818501239642501,949.0,4079.05,0.933,120,42,
2026-09-13T11:21:11+00:00,56.39996507205069,-4.818493947386742,949.2,4079.62,0.933,120,0,
2026-09-13T11:21:13+00:00,56.39996741898358,-4.8184754233807325,949.5999999999999,4080.78,0.924,121,0,
2026-09-13T11:21:14+00:00,56.39997043646872,-4.81846310198307,949.8,4081.6,0.914,122,44,
2026-09-13T11:21:17+00:00,56.399968173354864,-4.818438794463873,950.2,4083.12,0.914,123,44,
2026-09-13T11:21:19+00:00,56.39997202903032,-4.818421863019466,950.4000000000001,4084.29,0.905,123,43,
2026-09-13T11:21:24+00:00,56.39998812228441,-4.818388419225812,951.0,4087.09,0.886,124,42,
2026-09-13T11:21:29+00:00,56.39999683946371,-4.818366961553693,952.0,4088.77,0.812,125,0,
2026-09-13T11:21:34+00:00,56.39998661354184,-4.81833603233099,953.0,4091.15,0.718,125,0,
2026-09-13T11:21:39+00:00,56.39998007565737,-4.818313652649522,953.5999999999999,4092.77,0.662,126,0,
2026-09-13T11:21:42+00:00,56.399977561086416,-4.818297475576401,954.0,4093.79,0.634,126,0,
2026-09-13T11:21:47+00:00,56.399985859170556,-4.818262103945017,954.8,4096.14,0.588,125,0,
2026-09-13T11:21:49+00:00,56.39998669736087,-4.818256152793765,955.4000000000001,4096.51,0.579,125,0,
2026-09-13T11:21:59+00:00,56.39998669736087,-4.818256152793765,956.5999999999999,4096.51,0.0,124,0,
2026-09-13T11:22:06+00:00,56.39998552389443,-4.8182539734989405,957.5999999999999,4096.64,0.0,122,0,
2026-09-13T11:22:14+00:00,56.399985859170556,-4.818234276026487,958.8,4097.85,0.0,122,0,
2026-09-13T11:22:21+00:00,56.399987032637,-4.818202592432499,959.2,4099.82,0.0,119,0,
2026-09-13T11:22:23+00:00,56.39998711645603,-4.818197479471564,959.8,4100.13,0.0,120,0,
2026-09-13T11:22:27+00:00,56.3999886251986,-4.81818113476038,960.4000000000001,4101.15,0.0,117,0,
2026-09-13T11:22:30+00:00,56.399989714846015,-4.818172166123986,960.8,4101.71,0.0,116,0,
2026-09-13T11:22:37+00:00,56.39999038539827,-4.818152384832501,961.8,4102.94,0.0,115,0,
2026-09-13T11:22:52+00:00,56.39999239705503,-4.8180969804525375,963.0,4106.36,0.0,113,0,
2026-09-13T11:22:57+00:00,56.39999239705503,-4.818094717338681,963.5999999999999,4106.5,0.0,116,0,
2026-09-13T11:23:01+00:00,56.39999348670244,-4.81808977201581,964.2,4106.81,0.0,115,0,
2026-09-13T11:23:05+00:00,56.39999566599727,-4.8180872574448586,964.8,4106.99,0.0,112,0,
2026-09-13T11:23:10+00:00,56.3999957498163,-4.818081809207797,965.2,4107.32,0.0,110,0,
2026-09-13T11:23:22+00:00,56.399997510015965,-4.818060267716646,966.2,4108.66,0.0,108,0,
2026-09-13T11:23:37+00:00,56.40000170096755,-4.818048365414143,967.4000000000001,4109.43,0.0,107,0,
2026-09-13T11:23:43+00:00,56.40000463463366,-4.818041995167732,968.2,4109.84,0.0,104,0,
2026-09-13T11:23:45+00:00,56.40000513754785,-4.818040821701288,968.2,4109.92,0.0,107,0,
2026-09-13T11:23:48+00:00,56.40000597573817,-4.818038055673242,968.5999999999999,4110.09,0.0,107,0,
2026-09-13T11:23:51+00:00,56.40001008287072,-4.818034199997783,969.0,4110.36,0.0,110,0,
2026-09-13T11:24:01+00:00,56.400013184174895,-4.818015592172742,969.5999999999999,4111.53,0.0,110,0,
2026-09-13T11:24:14+00:00,56.40000362880528,-4.817977538332343,969.8,4113.81,0.0,107,0,
2026-09-13T11:24:19+00:00,56.399998934939504,-4.817969826981425,970.5999999999999,4114.25,0.0,106,0,
2026-09-13T11:24:21+00:00,56.399997593834996,-4.817965971305966,971.0,4114.47,0.0,109,0,
2026-09-13T11:24:30+00:00,56.399984769523144,-4.81794023886323,971.5999999999999,4115.97,0.0,107,0,
2026-09-13T11:24:38+00:00,56.39995870180428,-4.817893551662564,972.8,4118.65,0.0,109,0,
2026-09-13T11:24:43+00:00,56.399942357093096,-4.817866813391447,973.8,4120.18,0.0,110,0,
2026-09-13T11:24:47+00:00,56.399933975189924,-4.8178469482809305,974.4000000000001,4121.34,0.0,113,0,
2026-09-13T11:24:51+00:00,56.39992928132415,-4.817825490608811,975.0,4122.63,0.0,113,0,
2026-09-13T11:25:01+00:00,56.39992341399193,-4.817781317979097,976.0,4125.31,0.0,111,0,
2026-09-13T11:25:09+00:00,56.3999230787158,-4.817766649648547,977.0,4126.21,0.0,111,0,
2026-09-13T11:25:17+00:00,56.39992341399193,-4.817764637991786,978.0,4126.34,0.0,110,0,
2026-09-13T11:25:21+00:00,56.39992349781096,-4.817763548344374,979.0,4126.41,0.0,109,0,
2026-09-13T11:25:32+00:00,56.39992400072515,-4.817759860306978,980.0,4126.64,0.0,112,0,
2026-09-13T11:25:35+00:00,56.39992416836321,-4.817758854478598,980.0,4126.7,0.0,112,0,
2026-09-13T11:25:45+00:00,56.399924671277404,-4.817754998803139,981.0,4126.94,0.0,114,0,
2026-09-13T11:25:55+00:00,56.39992584474385,-4.817751562222838,982.2,4127.16,0.0,112,0,
2026-09-13T11:26:04+00:00,56.39992726966739,-4.817747874185443,983.2,4127.4,0.0,111,0,
2026-09-13T11:26:11+00:00,56.399928191676736,-4.817744689062238,984.2,4127.6,0.0,110,0,
2026-09-13T11:26:22+00:00,56.39992902986705,-4.817739576101303,985.2,4127.92,0.0,113,0,
2026-09-13T11:26:24+00:00,56.399929113686085,-4.817738737910986,985.2,4127.98,0.0,115,0,
2026-09-13T11:26:29+00:00,56.3999299518764,-4.817736390978098,985.5999999999999,4128.12,0.0,118,0,
2026-09-13T11:26:32+00:00,56.39993028715253,-4.817734798416495,985.8,4128.23,0.0,115,0,
2026-09-13T11:26:36+00:00,56.39993070624769,-4.817732870578766,986.4000000000001,4128.35,0.0,116,0,
2026-09-13T11:26:47+00:00,56.39993187971413,-4.817728009074926,986.4000000000001,4128.66,0.0,113,0,
2026-09-13T11:26:49+00:00,56.3999317958951,-4.817726919427514,986.4000000000001,4128.72,0.0,110,0,
2026-09-13T11:26:55+00:00,56.39993229880929,-4.817724321037531,986.4000000000001,4128.89,0.0,107,0,
2026-09-13T11:27:19+00:00,56.39993506483734,-4.81771451421082,987.2,4129.51,0.0,104,0,
2026-09-13T11:27:20+00:00,56.3999352324754,-4.817714095115662,987.4000000000001,4129.54,0.0,104,0,
2026-09-13T11:27:34+00:00,56.39993657357991,-4.817707892507315,988.4000000000001,4129.93,0.0,104,0,
2026-09-13T11:27:36+00:00,56.399936825037,-4.8177070543169975,988.5999999999999,4129.98,0.0,101,0,
2026-09-13T11:27:40+00:00,56.39993716031313,-4.8177052941173315,989.4000000000001,4130.1,0.0,102,0,
2026-09-13T11:27:43+00:00,56.399937495589256,-4.817703617736697,990.2,4130.2,0.0,99,0,
2026-09-13T11:27:44+00:00,56.39993766322732,-4.817703031003475,990.5999999999999,4130.24,0.0,101,0,
2026-09-13T11:27:50+00:00,56.39993808232248,-4.817699762061238,991.5999999999999,4130.44,0.0,101,0,
2026-09-13T11:28:01+00:00,56.39993959106505,-4.817694062367082,992.8,4130.8,0.0,101,0,
2026-09-13T11:28:08+00:00,56.39994068071246,-4.817690206691623,993.2,4131.05,0.0,105,0,
2026-09-13T11:28:18+00:00,56.39994218945503,-4.8176846746355295,993.8,4131.4,0.0,105,57,
2026-09-13T11:28:33+00:00,56.39994411729276,-4.81767687946558,993.2,4131.9,0.0,102,0,
2026-09-13T11:28:37+00:00,56.39994453638792,-4.817674783989787,993.2,4132.03,0.0,99,0,
2026-09-13T11:28:42+00:00,56.39994495548308,-4.817672437056899,992.8,4132.18,0.0,97,0,
2026-09-13T11:29:09+00:00,56.39994847588241,-4.817658523097634,992.0,4133.06,0.0,100,0,
2026-09-13T11:29:12+00:00,56.39994881115854,-4.817657098174095,991.8,4133.16,0.0,102,0,
2026-09-13T11:29:27+00:00,56.39995048753917,-4.817650141194463,991.8,4133.6,0.0,99,0,
2026-09-13T11:29:38+00:00,56.39995149336755,-4.817645363509655,991.8,4133.9,0.0,96,0,
2026-09-13T11:29:48+00:00,56.3999524153769,-4.817640837281942,992.0,4134.19,0.0,93,0,
2026-09-13T11:29:51+00:00,56.39995275065303,-4.817639496177435,992.0,4134.27,0.0,90,0,
2026-09-13T11:29:59+00:00,56.39995367266238,-4.817635640501976,992.8,4134.52,0.0,87,0,
2026-09-13T11:30:06+00:00,56.39995476230979,-4.817632287740707,993.8,4134.73,0.0,86,0,
2026-09-13T11:30:12+00:00,56.39995543286204,-4.817629354074597,995.0,4134.92,0.0,85,0,
2026-09-13T11:30:22+00:00,56.39995669014752,-4.817623905837536,996.0,4135.26,0.0,87,0,
2026-09-13T11:30:24+00:00,56.39995710924268,-4.817622816190124,996.2,4135.33,0.0,90,0,
2026-09-13T11:30:29+00:00,56.39995803125203,-4.817619798704982,997.2,4135.52,0.0,91,0,
2026-09-13T11:30:35+00:00,56.39995920471847,-4.817616529762745,998.2,4135.74,0.0,93,0,
2026-09-13T11:30:37+00:00,56.3999595399946,-4.817615356296301,998.5999999999999,4135.81,0.0,96,0,
2026-09-13T11:30:41+00:00,56.399960462003946,-4.817612841725349,999.4000000000001,4135.97,0.0,96,0,
2026-09-13T11:30:47+00:00,56.39996171928942,-4.8176089860498905,999.8,4136.22,0.0,93,0,
2026-09-13T11:30:49+00:00,56.39996213838458,-4.817607728764415,1000.0,4136.3,0.0,96,0,
2026-09-13T11:30:51+00:00,56.39996255747974,-4.817606471478939,1000.4000000000001,4136.38,0.0,97,0,
2026-09-13T11:30:58+00:00,56.39996448531747,-4.817601945251226,1001.2,4136.67,0.0,94,0,
2026-09-13T11:30:59+00:00,56.39996465295553,-4.817601358518004,1001.2,4136.71,0.0,97,0,
2026-09-13T11:31:02+00:00,56.39996540732682,-4.817599514499307,1001.4000000000001,4136.83,0.0,101,0,
2026-09-13T11:31:03+00:00,56.39996557496488,-4.817598760128021,1001.5999999999999,4136.88,0.0,100,0,
2026-09-13T11:31:18+00:00,56.399969179183245,-4.817588701844215,1002.8,4137.52,0.0,100,0,
2026-09-13T11:31:38+00:00,56.39997387304902,-4.817574871703982,1004.0,4138.41,0.0,98,0,
2026-09-13T11:31:43+00:00,56.3999751303345,-4.817571435123682,1004.4000000000001,4138.63,0.0,95,0,
2026-09-13T11:31:47+00:00,56.39997613616288,-4.817568585276604,1005.0,4138.81,0.0,94,0,
2026-09-13T11:31:50+00:00,56.39997680671513,-4.817566489800811,1005.4000000000001,4138.94,0.0,97,0,
2026-09-13T11:31:54+00:00,56.39997781254351,-4.817563472315669,1005.5999999999999,4139.14,0.0,100,0,
2026-09-13T11:31:56+00:00,56.39997823163867,-4.817562131211162,1005.5999999999999,4139.22,0.0,103,0,
2026-09-13T11:32:06+00:00,56.39998074620962,-4.817555174231529,1006.0,4139.67,0.0,106,0,
2026-09-13T11:32:07+00:00,56.39998099766672,-4.8175545036792755,1006.0,4139.72,0.0,107,0,
2026-09-13T11:32:13+00:00,56.39998250640929,-4.817550061270595,1006.0,4140.0,0.0,110,0,
2026-09-13T11:32:23+00:00,56.39998502098024,-4.817542769014835,1007.0,4140.47,0.0,112,0,
2026-09-13T11:32:29+00:00,56.39998652972281,-4.817538242787123,1007.5999999999999,4140.76,0.0,115,0,
2026-09-13T11:32:37+00:00,56.3999886251986,-4.817532207816839,1008.2,4141.15,0.0,116,0,
2026-09-13T11:32:47+00:00,56.399991139769554,-4.817524580284953,1009.4000000000001,4141.63,0.0,114,0,
2026-09-13T11:32:54+00:00,56.39999289996922,-4.817519299685955,1010.0,4141.97,0.0,111,0,
2026-09-13T11:32:58+00:00,56.3999939057976,-4.81751611456275,1010.4000000000001,4142.17,0.0,112,0,
2026-09-13T11:33:04+00:00,56.3999954983592,-4.817511336877942,1011.4000000000001,4142.48,0.0,110,0,
2026-09-13T11:33:08+00:00,56.399996588006616,-4.8175083193928,1011.5999999999999,4142.68,0.0,113,0,
2026-09-13T11:33:23+00:00,56.400000527501106,-4.817495997995138,1012.5999999999999,4143.46,0.0,116,0,
2026-09-13T11:33:31+00:00,56.40000253915787,-4.817489627748728,1013.8,4143.87,0.0,116,0,
2026-09-13T11:33:37+00:00,56.40000413171947,-4.817484682425857,1014.8,4144.19,0.0,116,0,
2026-09-13T11:33:43+00:00,56.40000564046204,-4.817479569464922,1015.8,4144.51,0.0,114,0,
2026-09-13T11:33:52+00:00,56.40000815503299,-4.817471774294972,1017.0,4145.01,0.0,117,0,
2026-09-13T11:34:02+00:00,56.40004696324468,-4.817363396286964,1018.2,4152.79,0.0,116,0,
2026-09-13T11:34:05+00:00,56.40016623772681,-4.817033736035228,1018.8,4176.39,0.467,116,0,
2026-09-13T11:34:06+00:00,56.400205632671714,-4.81691705994308,1018.8,4184.82,1.092,117,0,
2026-09-13T11:34:07+00:00,56.40024636872113,-4.816804490983486,1019.2,4193.11,1.138,117,0,
2026-09-13T11:34:08+00:00,56.400285344570875,-4.816691083833575,1019.2,4200.85,1.148,117,51,
2026-09-13T11:34:11+00:00,56.40040285885334,-4.816351616755128,1019.5999999999999,4225.2,1.213,117,51,
2026-09-13T11:34:12+00:00,56.40040688216686,-4.816332841292024,1020.0,4226.44,1.213,117,47,
2026-09-13T11:34:13+00:00,56.40040864236653,-4.816313646733761,1020.2,4227.64,1.213,118,47,
2026-09-13T11:34:14+00:00,56.40040788799524,-4.816296212375164,1020.4000000000001,4228.71,1.185,118,47,
2026-09-13T11:34:16+00:00,56.40040579251945,-4.81626377440989,1020.4000000000001,4230.73,1.036,119,47,
2026-09-13T11:34:22+00:00,56.40038282610476,-4.816179536283016,1021.2,4236.57,1.101,122,51,
2026-09-13T11:34:23+00:00,56.400380646809936,-4.8161714896559715,1021.4000000000001,4237.12,1.129,121,0,
2026-09-13T11:34:30+00:00,56.40034317970276,-4.816132681444287,1022.5999999999999,4242.08,0.0,122,0,
2026-09-13T11:34:36+00:00,56.40033823437989,-4.816079121083021,1023.5999999999999,4245.33,0.0,122,0,
2026-09-13T11:34:37+00:00,56.400335719808936,-4.816069398075342,1023.5999999999999,4245.99,0.0,122,0,
2026-09-13T11:34:42+00:00,56.40031107701361,-4.816067637875676,1024.6,4249.01,0.0,121,0,
2026-09-13T11:34:44+00:00,56.40030420385301,-4.816082222387195,1025.0,4250.18,0.0,121,0,
2026-09-13T11:34:50+00:00,56.400289703160524,-4.8160940408706665,1025.6,4252.51,0.0,119,0,
2026-09-13T11:34:51+00:00,56.400288781151175,-4.816090269014239,1025.8,4252.75,0.0,118,0,
2026-09-13T11:34:57+00:00,56.40025516971946,-4.816065207123756,1027.0,4256.92,0.0,120,0,
2026-09-13T11:35:00+00:00,56.40024452470243,-4.816070822998881,1027.4,4258.15,0.0,119,0,
2026-09-13T11:35:05+00:00,56.40024309977889,-4.816071325913072,1028.0,4258.32,0.0,119,0,
2026-09-13T11:35:12+00:00,56.40024309977889,-4.816069481894374,1029.4,4258.32,0.0,119,0,
2026-09-13T11:35:17+00:00,56.4002391602844,-4.816065207123756,1030.2,4258.74,0.0,122,0,
2026-09-13T11:35:20+00:00,56.400227174162865,-4.8160590045154095,1030.6,4259.94,0.0,123,0,
2026-09-13T11:35:21+00:00,56.40022398903966,-4.816058082506061,1030.6,4260.27,0.0,120,0,
2026-09-13T11:35:23+00:00,56.400215439498425,-4.816056238487363,1031.0,4261.16,0.0,123,0,
2026-09-13T11:35:30+00:00,56.4001926407218,-4.816045677289367,1031.8,4263.47,0.0,121,0,
2026-09-13T11:35:37+00:00,56.400168500840664,-4.816041402518749,1032.8,4266.01,0.0,121,0,
2026-09-13T11:35:46+00:00,56.40014863573015,-4.816038049757481,1034.0,4268.1,0.0,123,0,
2026-09-13T11:35:53+00:00,56.400147043168545,-4.816001923754811,1034.6,4268.11,0.0,120,0,
2026-09-13T11:35:57+00:00,56.400145031511784,-4.815975436940789,1035.0,4268.11,0.0,120,0,
2026-09-13T11:36:03+00:00,56.400134386494756,-4.8159323539584875,1036.0,4268.94,0.0,122,0,
2026-09-13T11:36:09+00:00,56.400112425908446,-4.815928917378187,1037.0,4271.26,0.0,125,0,
2026-09-13T11:36:10+00:00,56.40010999515653,-4.815928414463997,1037.2,4271.52,0.0,126,0,
2026-09-13T11:36:20+00:00,56.40009197406471,-4.81589580886066,1038.4,4273.05,0.0,124,0,
2026-09-13T11:36:25+00:00,56.400077724829316,-4.815867897123098,1039.2,4274.17,0.0,118,0,
2026-09-13T11:36:28+00:00,56.40006925910711,-4.815863203257322,1039.4,4275.01,0.0,120,0,
2026-09-13T11:36:32+00:00,56.40006029047072,-4.815840236842632,1040.0,4275.63,0.0,117,0,
2026-09-13T11:36:36+00:00,56.40004017390311,-4.815834369510412,1040.6,4277.71,0.0,117,0,
2026-09-13T11:36:40+00:00,56.40002265572548,-4.815834118053317,1041.6,4279.59,0.0,119,0,
2026-09-13T11:36:45+00:00,56.40000664629042,-4.815834118053317,1042.4,4281.33,0.0,122,0,
2026-09-13T11:36:47+00:00,56.39999960549176,-4.81583571061492,1042.8,4282.11,0.0,123,0,
2026-09-13T11:36:55+00:00,56.39997370541096,-4.815837470814586,1043.8,4284.93,0.0,123,0,
2026-09-13T11:37:01+00:00,56.3999664131552,-4.815837554633617,1044.8,4285.71,0.0,123,0,
2026-09-13T11:37:09+00:00,56.39996306039393,-4.815806290134788,1046.0,4285.79,0.0,121,0,
2026-09-13T11:37:22+00:00,56.39994663186371,-4.815752143040299,1047.0,4286.75,0.0,119,0,
2026-09-13T11:37:30+00:00,56.399932047352195,-4.815744599327445,1048.2,4288.21,0.0,119,0,
2026-09-13T11:37:36+00:00,56.39992048032582,-4.815740995109081,1049.4,4289.41,0.0,120,67,
2026-09-13T11:37:43+00:00,56.39989919029176,-4.815733451396227,1050.6,4291.59,0.0,121,0,
2026-09-13T11:37:48+00:00,56.39988133683801,-4.815726913511753,1051.2,4293.42,0.0,117,0,
2026-09-13T11:37:51+00:00,56.399872452020645,-4.8157229740172625,1051.6,4294.32,0.0,117,0,
2026-09-13T11:37:57+00:00,56.39985560439527,-4.815718615427613,1052.6,4296.07,0.0,114,0,
2026-09-13T11:37:58+00:00,56.3998525030911,-4.815718196332455,1052.8,4296.4,0.0,113,0,
2026-09-13T11:38:05+00:00,56.39983020722866,-4.815713502466679,1053.8,4298.74,0.0,110,0,
2026-09-13T11:38:06+00:00,56.399827441200614,-4.81571308337152,1054.0,4299.02,0.0,111,0,
2026-09-13T11:38:14+00:00,56.39981411397457,-4.8157064616680145,1055.2,4300.36,0.0,111,0,
2026-09-13T11:38:16+00:00,56.39981252141297,-4.815703444182873,1055.6,4300.49,0.0,114,0,
2026-09-13T11:38:18+00:00,56.399811347946525,-4.815700510516763,1056.0,4300.57,0.0,118,0,
2026-09-13T11:38:20+00:00,56.39981067739427,-4.815698331221938,1056.2,4300.62,0.0,121,19,
2026-09-13T11:38:24+00:00,56.39981025829911,-4.815696906298399,1056.8,4300.64,0.0,125,0,
2026-09-13T11:38:26+00:00,56.39981000684202,-4.815696235746145,1057.2,4300.65,0.0,127,0,
2026-09-13T11:38:32+00:00,56.3998091686517,-4.815694056451321,1058.4,4300.71,0.0,127,0,
2026-09-13T11:38:37+00:00,56.39978025108576,-4.815610572695732,1059.2,4305.81,0.0,124,42,
2026-09-13T11:38:38+00:00,56.39976893551648,-4.815577128902078,1059.4,4308.01,0.411,124,42,
2026-09-13T11:38:40+00:00,56.39974420890212,-4.815514013171196,1060.0,4312.48,1.036,124,42,
2026-09-13T11:38:42+00:00,56.3997140340507,-4.815454501658678,1060.4,4317.38,1.045,124,0,
2026-09-13T11:38:46+00:00,56.39967723749578,-4.815388955175877,1061.0,4323.15,1.082,124,0,
2026-09-13T11:38:48+00:00,56.39967371709645,-4.815382668748498,1061.0,4323.74,0.0,125,0,
2026-09-13T11:38:55+00:00,56.39964999631047,-4.815315613523126,1061.2,4328.71,0.0,124,0,
2026-09-13T11:38:58+00:00,56.39963616617024,-4.815298765897751,1061.6,4330.58,0.0,125,0,
2026-09-13T11:39:05+00:00,56.39960431493819,-4.815243948251009,1062.8,4335.68,0.0,124,0,
2026-09-13T11:39:09+00:00,56.39957967214286,-4.81520832516253,1063.2,4339.12,0.0,121,0,
2026-09-13T11:39:13+00:00,56.399552850052714,-4.815180078148842,1063.6,4342.61,0.252,120,0,
2026-09-13T11:39:16+00:00,56.39954036101699,-4.815143533051014,1063.8,4345.24,0.0,123,0,
2026-09-13T11:39:22+00:00,56.39952518977225,-4.81509986333549,1064.0,4348.44,0.0,122,49,
2026-09-13T11:39:29+00:00,56.39950281009078,-4.815050829201937,1064.8,4352.34,0.625,121,0,
2026-09-13T11:39:30+00:00,56.399497194215655,-4.815043872222304,1065.0,4353.08,0.625,121,0,
2026-09-13T11:39:34+00:00,56.39948185533285,-4.815017133951187,1065.8,4355.47,0.289,120,0,
2026-09-13T11:39:37+00:00,56.39947012066841,-4.815002800896764,1066.2,4357.23,0.0,119,0,
2026-09-13T11:39:42+00:00,56.39944455586374,-4.814979499205947,1067.0,4360.41,0.0,121,0,
2026-09-13T11:39:45+00:00,56.39943156391382,-4.814975224435329,1067.4,4361.88,0.0,124,0,
2026-09-13T11:39:49+00:00,56.39940541237593,-4.814964411780238,1068.0,4364.85,0.0,123,0,
2026-09-13T11:39:54+00:00,56.39939091168344,-4.814954353496432,1068.8,4366.59,0.0,122,0,
2026-09-13T11:39:56+00:00,56.39939082786441,-4.814953682944179,1069.0,4366.62,0.0,120,0,
2026-09-13T11:40:08+00:00,56.39939032495022,-4.8149478156119585,1069.4,4367.03,0.0,119,0,
2026-09-13T11:40:14+00:00,56.399358892813325,-4.814915545284748,1070.0,4371.05,0.0,118,0,
2026-09-13T11:40:16+00:00,56.399337351322174,-4.814897691830993,1070.4,4373.69,0.551,123,0,
2026-09-13T11:40:17+00:00,56.39932888559997,-4.814889477565885,1070.6,4374.74,0.653,124,0,
2026-09-13T11:40:20+00:00,56.39930927194655,-4.814859218895435,1070.8,4377.52,0.0,121,0,
2026-09-13T11:40:21+00:00,56.39930181205273,-4.814846897497773,1070.8,4378.54,0.0,125,0,
2026-09-13T11:40:24+00:00,56.3992961961776,-4.814826110377908,1071.0,4379.99,0.0,124,0,
2026-09-13T11:40:25+00:00,56.39929225668311,-4.8148247692734,1071.2,4380.42,0.0,124,0,
2026-09-13T11:40:30+00:00,56.399276331067085,-4.814800210297108,1072.0,4382.76,0.0,121,0,
2026-09-13T11:40:32+00:00,56.39927222393453,-4.814793672412634,1072.0,4383.37,0.0,122,0,
2026-09-13T11:40:37+00:00,56.399257807061076,-4.81477590277791,1072.8,4385.35,0.0,117,63,
2026-09-13T11:40:38+00:00,56.3992565497756,-4.814772717654705,1073.2,4385.59,0.0,118,63,
2026-09-13T11:40:39+00:00,56.39925554394722,-4.814768191426992,1073.4,4385.89,0.0,117,0,
2026-09-13T11:40:46+00:00,56.39925118535757,-4.814734160900116,1074.2,4388.05,0.0,115,0,
2026-09-13T11:40:48+00:00,56.399244982749224,-4.814727287739515,1074.6,4388.87,0.0,114,0,
2026-09-13T11:40:55+00:00,56.39922436326742,-4.8147184029221535,1074.8,4391.41,0.0,117,0,
2026-09-13T11:41:04+00:00,56.39921438880265,-4.81472066603601,1075.2,4392.57,0.0,117,0,
2026-09-13T11:41:06+00:00,56.39921438880265,-4.81472066603601,1075.2,4392.57,0.0,117,0,
2026-09-13T11:41:09+00:00,56.399215226992965,-4.81472066603601,1075.2,4392.57,0.0,120,0,
2026-09-13T11:41:15+00:00,56.399216232821345,-4.814721085131168,1075.2,4392.57,0.0,117,0,
2026-09-13T11:41:24+00:00,56.399222016334534,-4.814721252769232,1075.0,4392.57,0.0,113,0,
2026-09-13T11:41:41+00:00,56.399225452914834,-4.814721085131168,1074.8,4392.57,0.0,110,0,
2026-09-13T11:41:44+00:00,56.399225955829024,-4.814721252769232,1074.6,4392.57,0.0,107,0,
2026-09-13T11:41:47+00:00,56.39922629110515,-4.814722929149866,1074.6,4392.57,0.0,103,0,
2026-09-13T11:41:55+00:00,56.39922830276191,-4.814726114273071,1074.6,4392.57,0.0,100,0,
2026-09-13T11:42:09+00:00,56.39922922477126,-4.814726365730166,1074.4,4392.57,0.0,97,0,
2026-09-13T11:42:42+00:00,56.399231320247054,-4.814722593873739,1074.4,4392.58,0.0,100,0,
2026-09-13T11:42:47+00:00,56.39923123642802,-4.814721504226327,1074.4,4392.6,0.0,103,0,
2026-09-13T11:43:09+00:00,56.3992322422564,-4.814719073474407,1074.4,4392.61,0.0,100,0,
2026-09-13T11:43:14+00:00,56.399232409894466,-4.814713709056377,1074.4,4392.61,0.0,97,0,
2026-09-13T11:43:57+00:00,56.399229895323515,-4.814721252769232,1074.4,4392.89,0.0,94,0,
2026-09-13T11:43:58+00:00,56.39922981150448,-4.8147213365882635,1074.4,4392.9,0.0,97,0,
2026-09-13T11:44:01+00:00,56.39922964386642,-4.814721588045359,1074.4,4392.92,0.0,94,0,
2026-09-13T11:44:05+00:00,56.39922930859029,-4.81472167186439,1074.4,4392.95,0.0,97,0,
2026-09-13T11:45:02+00:00,56.3992290571332,-4.814722845330834,1074.4,4393.09,0.0,100,0,
2026-09-13T11:45:03+00:00,56.399228973314166,-4.814722761511803,1074.4,4393.1,0.0,97,0,
2026-09-13T11:45:09+00:00,56.39922914095223,-4.814722677692771,1074.4,4393.11,0.0,94,0,
2026-09-13T11:45:11+00:00,56.39922914095223,-4.814722677692771,1074.4,4393.11,0.0,97,0,
2026-09-13T11:45:17+00:00,56.39922922477126,-4.814722593873739,1074.4,4393.12,0.0,94,0,
2026-09-13T11:45:20+00:00,56.39922914095223,-4.814722593873739,1074.4,4393.13,0.0,91,0,
2026-09-13T11:45:38+00:00,56.399228973314166,-4.814723012968898,1077.2,4393.17,0.0,88,0,
2026-09-13T11:45:42+00:00,56.3992288056761,-4.814722761511803,1077.2,4393.2,0.0,91,52,
2026-09-13T11:45:45+00:00,56.39922863803804,-4.814722426235676,1077.4,4393.22,0.0,94,0,
2026-09-13T11:45:48+00:00,56.39922821894288,-4.814722090959549,1077.8,4393.27,0.0,97,0,
2026-09-13T11:45:51+00:00,56.399227883666754,-4.814721839502454,1078.4,4393.3,0.0,100,0,
2026-09-13T11:45:54+00:00,56.39922763220966,-4.814721588045359,1078.8,4393.34,0.0,103,0,
2026-09-13T11:46:01+00:00,56.39922679401934,-4.814720498397946,1079.4,4393.43,0.0,101,64,
2026-09-13T11:46:08+00:00,56.399225955829024,-4.814719660207629,1080.6,4393.53,0.0,102,0,
2026-09-13T11:46:18+00:00,56.399224530905485,-4.8147184029221535,1081.8,4393.69,0.0,103,0,
2026-09-13T11:46:35+00:00,56.399222100153565,-4.814715217798948,1082.8,4393.97,0.0,102,0,
2026-09-13T11:46:53+00:00,56.3992187473923,-4.814712703227997,1083.6,4394.34,0.0,105,0,
2026-09-13T11:46:56+00:00,56.39921824447811,-4.81471236795187,1084.0,4394.4,0.0,105,0,
2026-09-13T11:47:04+00:00,56.39921681955457,-4.814710859209299,1085.0,4394.57,0.0,106,0,
2026-09-13T11:47:10+00:00,56.39921556226909,-4.81470993719995,1085.8,4394.71,0.0,109,0,
2026-09-13T11:47:12+00:00,56.399215226992965,-4.814709518104792,1086.0,4394.75,0.0,110,0,
2026-09-13T11:47:23+00:00,56.39921271242201,-4.814707087352872,1087.0,4395.03,0.0,112,0,
2026-09-13T11:47:27+00:00,56.39921170659363,-4.81470650061965,1087.4,4395.14,0.0,116,0,
2026-09-13T11:47:34+00:00,56.39911917038262,-4.814596530050039,1088.2,4407.35,0.0,118,0,
2026-09-13T11:47:37+00:00,56.3990633469075,-4.814498294144869,1088.6,4414.39,0.0,119,0,
2026-09-13T11:47:40+00:00,56.399010540917516,-4.814401064068079,1089.0,4418.83,0.0,122,45,
2026-09-13T11:47:42+00:00,56.399011043831706,-4.81437717564404,1089.4,4420.3,0.355,123,46,
2026-09-13T11:47:45+00:00,56.399005092680454,-4.814341887831688,1090.0,4422.57,0.896,120,45,
2026-09-13T11:47:47+00:00,56.3989941123873,-4.814321268349886,1090.4,4424.32,0.914,120,45,
2026-09-13T11:47:49+00:00,56.39898338355124,-4.814301319420338,1090.6,4426.05,0.905,119,45,
2026-09-13T11:47:51+00:00,56.39896863140166,-4.814293440431356,1090.8,4427.74,0.914,119,45,
2026-09-13T11:47:53+00:00,56.398948514834046,-4.814285561442375,1091.0,4430.03,0.914,118,44,
2026-09-13T11:47:55+00:00,56.39893443323672,-4.814283130690455,1091.0,4431.6,0.97,117,0,
2026-09-13T11:47:57+00:00,56.39892613515258,-4.814280867576599,1091.2,4432.54,0.989,118,0,
2026-09-13T11:48:03+00:00,56.398911383002996,-4.814272737130523,1091.4,4434.31,0.709,121,0,
2026-09-13T11:48:04+00:00,56.398907443508506,-4.814272988587618,1091.4,4434.71,0.69,121,0,
2026-09-13T11:48:05+00:00,56.398902498185635,-4.814269468188286,1091.6,4435.3,0.662,121,0,
2026-09-13T11:48:11+00:00,56.39888062141836,-4.81424574740231,1092.2,4438.19,0.625,122,0,
2026-09-13T11:48:14+00:00,56.39887433499098,-4.814233090728521,1092.6,4439.4,0.644,123,78,
2026-09-13T11:48:20+00:00,56.39885229058564,-4.814195707440376,1093.6,4442.78,0.644,124,0,
2026-09-13T11:48:22+00:00,56.39884516596794,-4.814182799309492,1093.8,4443.92,0.644,124,0,
2026-09-13T11:48:28+00:00,56.39883971773088,-4.814151367172599,1095.0,4446.01,0.653,124,75,
2026-09-13T11:48:31+00:00,56.398836532607675,-4.814139800146222,1095.6,4446.83,0.672,124,0,
2026-09-13T11:48:34+00:00,56.39883636496961,-4.814118929207325,1096.0,4448.24,0.616,124,0,
2026-09-13T11:48:38+00:00,56.39882412739098,-4.814096298068762,1096.4,4450.19,0.579,125,0,
2026-09-13T11:48:41+00:00,56.39882077462971,-4.814083222299814,1097.2,4451.1,0.56,123,0,
2026-09-13T11:48:44+00:00,56.39881717041135,-4.814077187329531,1097.4,4451.6,0.551,123,0,
2026-09-13T11:48:55+00:00,56.39881717041135,-4.814077187329531,1098.2,4451.6,0.0,122,0,
2026-09-13T11:48:58+00:00,56.39881717041135,-4.814077187329531,1098.8,4451.6,0.0,122,0,
2026-09-13T11:49:03+00:00,56.3988180924207,-4.814069727435708,1099.4,4451.67,0.0,121,0,
2026-09-13T11:49:09+00:00,56.39881675131619,-4.814040306955576,1100.2,4452.15,0.0,118,0,
2026-09-13T11:49:11+00:00,56.398814991116524,-4.814023375511169,1100.4,4452.53,0.0,117,0,
2026-09-13T11:49:17+00:00,56.39880862087011,-4.813988422974944,1101.4,4453.63,0.0,116,0,
2026-09-13T11:49:27+00:00,56.39878012239933,-4.813951458781958,1102.6,4457.16,0.0,116,0,
2026-09-13T11:49:35+00:00,56.3987541384995,-4.813940227031708,1103.6,4460.13,0.0,114,0,
2026-09-13T11:49:44+00:00,56.39874164946377,-4.813931342214346,1104.4,4461.6,0.0,111,0,
2026-09-13T11:49:46+00:00,56.39873846434057,-4.813926396891475,1104.8,4462.0,0.0,112,0,
2026-09-13T11:49:49+00:00,56.39872991479933,-4.813922289758921,1105.2,4462.98,0.0,115,0,
2026-09-13T11:49:52+00:00,56.39871566556394,-4.813909465447068,1105.8,4464.69,0.0,115,0,
2026-09-13T11:49:59+00:00,56.39869395643473,-4.81389194726944,1107.0,4467.27,0.0,114,0,
2026-09-13T11:50:01+00:00,56.398692866787314,-4.813885157927871,1107.6,4467.46,0.0,117,0,
2026-09-13T11:50:05+00:00,56.398687502369285,-4.81386361643672,1108.2,4468.29,0.0,118,78,
2026-09-13T11:50:12+00:00,56.39866227284074,-4.813827155157924,1109.2,4471.47,0.0,116,0,
2026-09-13T11:50:19+00:00,56.39865498058498,-4.813796812668443,1110.4,4472.6,0.0,116,0,
2026-09-13T11:50:26+00:00,56.39864953234792,-4.813740067183971,1111.6,4473.84,0.0,115,0,
2026-09-13T11:50:35+00:00,56.398618184030056,-4.813716262578964,1112.6,4477.54,0.0,113,0,
2026-09-13T11:50:45+00:00,56.39859781600535,-4.813684411346912,1113.8,4480.13,0.0,117,0,
2026-09-13T11:50:53+00:00,56.39858918264508,-4.813664965331554,1114.8,4481.29,0.0,117,0,
2026-09-13T11:51:02+00:00,56.39858859591186,-4.813633030280471,1115.8,4481.72,0.0,121,0,
2026-09-13T11:51:03+00:00,56.39858859591186,-4.813630012795329,1116.2,4481.75,0.0,125,0,
2026-09-13T11:51:04+00:00,56.39858859591186,-4.81362515129149,1116.2,4481.81,0.0,129,0,
2026-09-13T11:51:05+00:00,56.39858859591186,-4.81361978687346,1116.4,4481.87,0.0,129,0,
2026-09-13T11:51:08+00:00,56.3985881768167,-4.8136042803525925,1117.0,4482.09,0.0,125,0,
2026-09-13T11:51:09+00:00,56.39858809299767,-4.813598748296499,1117.2,4482.16,0.0,125,0,
2026-09-13T11:51:14+00:00,56.39858792535961,-4.813562035560608,1117.6,4482.6,0.0,122,0,
2026-09-13T11:51:22+00:00,56.398585913702846,-4.8135309386998415,1118.0,4483.17,0.0,119,0,
2026-09-13T11:51:23+00:00,56.39858381822705,-4.813529262319207,1118.0,4483.42,0.0,118,0,
2026-09-13T11:51:27+00:00,56.39857493340969,-4.813520209863782,1118.2,4484.49,0.0,115,0,
2026-09-13T11:51:32+00:00,56.39856990426779,-4.813514929264784,1118.8,4485.1,0.0,112,0,
2026-09-13T11:51:34+00:00,56.398568730801344,-4.81351375579834,1119.0,4485.24,0.0,112,0,
2026-09-13T11:51:39+00:00,56.39856713823974,-4.813505709171295,1119.6,4485.51,0.0,109,0,
2026-09-13T11:51:40+00:00,56.39856671914458,-4.813503278419375,1119.8,4485.58,0.0,112,0,
2026-09-13T11:51:44+00:00,56.398565378040075,-4.8134953156113625,1120.2,4485.82,0.0,110,0,
2026-09-13T11:51:47+00:00,56.39856453984976,-4.813489280641079,1120.6,4485.98,0.0,114,0,
2026-09-13T11:51:52+00:00,56.398561522364616,-4.813479641452432,1121.0,4486.41,0.0,117,0,
2026-09-13T11:52:00+00:00,56.39855783432722,-4.813470337539911,1121.2,4486.92,0.0,114,0,
2026-09-13T11:52:04+00:00,56.39855733141303,-4.813467990607023,1122.2,4487.0,0.0,113,0,
2026-09-13T11:52:10+00:00,56.39855666086078,-4.813467655330896,1123.4,4487.08,0.0,114,0,
2026-09-13T11:52:16+00:00,56.39855599030852,-4.813467152416706,1124.4,4487.16,0.0,111,0,
2026-09-13T11:52:17+00:00,56.39855582267046,-4.813466984778643,1124.6,4487.18,0.0,111,0,
2026-09-13T11:52:26+00:00,56.39855448156595,-4.813465308398008,1125.6,4487.35,0.0,109,0,
2026-09-13T11:52:35+00:00,56.398552637547255,-4.813463129103184,1126.8,4487.57,0.0,111,0,
2026-09-13T11:52:42+00:00,56.39855129644275,-4.813460530713201,1127.8,4487.75,0.0,113,0,
2026-09-13T11:52:53+00:00,56.398549200966954,-4.813456507399678,1128.8,4488.02,0.0,111,0,
2026-09-13T11:52:55+00:00,56.398548698052764,-4.8134558368474245,1129.0,4488.09,0.0,114,0,
2026-09-13T11:52:57+00:00,56.39854836277664,-4.813455082476139,1129.0,4488.14,0.0,111,0,
2026-09-13T11:52:58+00:00,56.398548195138574,-4.813454747200012,1129.0,4488.16,0.0,115,0,
2026-09-13T11:53:00+00:00,56.39854785986245,-4.8134540766477585,1129.0,4488.2,0.0,118,0,
2026-09-13T11:53:13+00:00,56.39854517765343,-4.813449382781982,1129.6,4488.54,0.0,121,0,
2026-09-13T11:53:35+00:00,56.398540986701846,-4.813442258164287,1129.4,4489.08,0.0,118,0,
2026-09-13T11:53:41+00:00,56.39854014851153,-4.813440581783652,1129.6,4489.19,0.0,115,0,
2026-09-13T11:53:44+00:00,56.39853972941637,-4.813439659774303,1129.4,4489.25,0.0,111,0,
2026-09-13T11:53:48+00:00,56.39853914268315,-4.813438402488828,1129.4,4489.33,0.0,108,0,
2026-09-13T11:53:53+00:00,56.398538555949926,-4.81343655847013,1129.4,4489.41,0.0,111,0,
2026-09-13T11:54:26+00:00,56.39853327535093,-4.813423482701182,1129.6,4490.14,0.0,108,0,
2026-09-13T11:54:46+00:00,56.39853042550385,-4.8134145978838205,1129.6,4490.55,0.0,111,0,
2026-09-13T11:54:52+00:00,56.398529252037406,-4.813412083312869,1129.8,4490.71,0.0,114,0,
2026-09-13T11:54:55+00:00,56.39852891676128,-4.81341065838933,1129.8,4490.77,0.0,116,0,
2026-09-13T11:55:01+00:00,56.39852799475193,-4.813407808542252,1129.8,4490.9,0.0,113,0,
2026-09-13T11:55:15+00:00,56.39852640219033,-4.813401019200683,1129.8,4491.14,0.0,110,0,
2026-09-13T11:55:28+00:00,56.3985242228955,-4.813394648954272,1129.8,4491.46,0.0,107,0,
2026-09-13T11:55:40+00:00,56.39852221123874,-4.8133886978030205,1129.8,4491.75,0.0,110,0,
2026-09-13T11:55:42+00:00,56.39852179214358,-4.81338769197464,1129.8,4491.8,0.0,113,0,
2026-09-13T11:55:45+00:00,56.39852120541036,-4.8133863508701324,1129.8,4491.88,0.0,116,0,
2026-09-13T11:55:49+00:00,56.39852061867714,-4.813384506851435,1129.8,4491.96,0.0,120,0,
2026-09-13T11:55:54+00:00,56.398519864305854,-4.81338232755661,1129.8,4492.07,0.0,117,0,
2026-09-13T11:56:00+00:00,56.39851869083941,-4.813379812985659,1136.0,4492.23,0.0,117,0,
2026-09-13T11:56:10+00:00,56.39851726591587,-4.813375202938914,1136.0,4492.44,0.0,120,0,
2026-09-13T11:56:27+00:00,56.39851475134492,-4.813368581235409,1136.4,4492.79,0.0,117,0,
2026-09-13T11:56:33+00:00,56.39851366169751,-4.813366234302521,1136.8,4492.94,0.0,114,0,
2026-09-13T11:56:36+00:00,56.39851299114525,-4.813364977017045,1137.2,4493.02,0.0,114,0,
2026-09-13T11:56:43+00:00,56.39851173385978,-4.813362127169967,1138.2,4493.19,0.0,114,0,
2026-09-13T11:56:49+00:00,56.39851022511721,-4.813359612599015,1139.2,4493.39,0.0,113,0,
2026-09-13T11:56:54+00:00,56.3985088840127,-4.813357433304191,1140.4,4493.55,0.0,115,0,
2026-09-13T11:57:00+00:00,56.39850745908916,-4.813354499638081,1141.2,4493.74,0.0,112,0,
2026-09-13T11:57:12+00:00,56.398504776880145,-4.813348297029734,1141.2,4494.12,0.0,116,0,
2026-09-13T11:57:16+00:00,56.398503771051764,-4.813346453011036,1141.2,4494.25,0.0,113,0,
2026-09-13T11:57:17+00:00,56.3985036034137,-4.813345950096846,1141.4,4494.27,0.0,113,0,
2026-09-13T11:57:24+00:00,56.3985020108521,-4.813341926783323,1142.8,4494.49,0.0,112,0,
2026-09-13T11:57:31+00:00,56.398500418290496,-4.813337568193674,1144.0,4494.72,0.0,113,0,
2026-09-13T11:57:41+00:00,56.39849781990051,-4.813331114128232,1145.0,4495.08,0.0,115,0,
2026-09-13T11:57:43+00:00,56.39849723316729,-4.813329773023725,1145.4,4495.15,0.0,119,0,
2026-09-13T11:57:48+00:00,56.39841039665043,-4.81309499591589,1146.0,4512.45,0.252,115,0,
2026-09-13T11:57:50+00:00,56.3983482029289,-4.812938757240772,1146.0,4524.2,1.11,117,0,
2026-09-13T11:57:51+00:00,56.398319117724895,-4.812858123332262,1146.2,4530.07,1.11,116,0,
2026-09-13T11:57:54+00:00,56.39824057929218,-4.812610438093543,1146.6,4545.92,1.11,117,0,
2026-09-13T11:57:56+00:00,56.39821132645011,-4.812513962388039,1147.0,4552.46,1.185,118,0,
2026-09-13T11:58:00+00:00,56.39820445328951,-4.812456797808409,1147.6,4556.01,0.0,119,0,
2026-09-13T11:58:04+00:00,56.3981843367219,-4.812404997646809,1148.0,4559.95,0.0,118,59,
2026-09-13T11:58:07+00:00,56.39817142859101,-4.812363842502236,1148.4,4562.85,0.541,118,59,
2026-09-13T11:58:10+00:00,56.398149551823735,-4.812327548861504,1148.6,4566.21,1.054,117,59,
2026-09-13T11:58:19+00:00,56.39808777719736,-4.812243897467852,1149.0,4575.83,1.222,73,59,
2026-09-13T11:58:21+00:00,56.398073779419065,-4.81221791356802,1149.6,4578.04,1.213,,59,
2026-09-13T11:58:24+00:00,56.39806036837399,-4.812173238024116,1150.6,4581.22,1.194,,51,
2026-09-13T11:58:25+00:00,56.39805265702307,-4.812161419540644,1150.8,4582.33,1.166,,58,
2026-09-13T11:58:27+00:00,56.39803882688284,-4.812130574136972,1151.0,4584.77,1.138,,58,
2026-09-13T11:58:32+00:00,56.39802725985646,-4.812065362930298,1151.4,4589.09,1.157,77,51,
2026-09-13T11:58:34+00:00,56.398031283169985,-4.812057735398412,1151.6,4589.82,1.129,79,51,
2026-09-13T11:58:35+00:00,56.39802725985646,-4.812054298818111,1151.8,4590.3,1.082,79,51,
2026-09-13T11:58:37+00:00,56.39802164398134,-4.812041642144322,1152.0,4591.28,0.998,79,51,
2026-09-13T11:58:39+00:00,56.39801887795329,-4.812037535011768,1152.0,4591.68,0.961,80,51,
2026-09-13T11:58:41+00:00,56.39801829122007,-4.812033679336309,1152.0,4591.89,0.877,80,0,
2026-09-13T11:58:42+00:00,56.398019632324576,-4.812033176422119,1152.0,4591.89,0.858,77,0,
2026-09-13T11:58:45+00:00,56.398013681173325,-4.812028566375375,1152.0,4592.65,0.737,80,0,
2026-09-13T11:58:48+00:00,56.39800177887082,-4.812032338231802,1152.2,4594.0,0.653,77,0,
2026-09-13T11:58:49+00:00,56.39799700118601,-4.812030745670199,1152.2,4594.55,0.653,78,0,
2026-09-13T11:58:56+00:00,56.39796070754528,-4.811991350725293,1152.2,4599.26,0.672,81,0,
2026-09-13T11:58:58+00:00,56.39795869588852,-4.811994954943657,1152.2,4599.42,0.653,81,0,
2026-09-13T11:59:05+00:00,56.39796523377299,-4.81202345341444,1152.0,4601.27,0.541,82,0,
2026-09-13T11:59:08+00:00,56.39796523377299,-4.81202345341444,1152.0,4601.27,0.476,79,0,
2026-09-13T11:59:10+00:00,56.39796523377299,-4.81202345341444,1152.0,4601.27,0.0,82,0,
2026-09-13T11:59:11+00:00,56.39796523377299,-4.81202345341444,1152.0,4601.27,0.0,79,0,
2026-09-13T11:59:13+00:00,56.39796523377299,-4.81202345341444,1152.0,4601.27,0.0,82,0,
2026-09-13T11:59:19+00:00,56.39796523377299,-4.81202345341444,1152.2,4601.27,0.0,85,0,
2026-09-13T11:59:29+00:00,56.397967832162976,-4.812031667679548,1152.2,4601.76,0.0,88,0,
2026-09-13T11:59:34+00:00,56.397995157167315,-4.812034014612436,1152.2,4604.53,0.0,92,0,
2026-09-13T11:59:41+00:00,56.398003371432424,-4.812038457021117,1152.2,4605.47,0.0,96,0,
2026-09-13T11:59:42+00:00,56.398003874346614,-4.8120401334017515,1152.2,4605.57,0.0,93,0,
2026-09-13T12:00:11+00:00,56.39800479635596,-4.812053712084889,1152.2,4606.07,0.0,97,0,
2026-09-13T12:00:21+00:00,56.39799423515797,-4.812055137008429,1152.8,4606.08,0.0,94,0,
2026-09-13T12:00:22+00:00,56.39799398370087,-4.812055137008429,1153.0,4606.08,0.0,94,0,
2026-09-13T12:00:31+00:00,56.39799281023443,-4.812058825045824,1153.2,4606.14,0.0,91,0,
2026-09-13T12:00:39+00:00,56.39798954129219,-4.812065195292234,1153.0,4606.14,0.0,87,0,
2026-09-13T12:00:40+00:00,56.39798937365413,-4.812065614387393,1153.2,4606.14,0.0,90,0,
2026-09-13T12:01:05+00:00,56.39797981828451,-4.812081456184387,1153.4,4606.32,0.0,87,0,
2026-09-13T12:01:29+00:00,56.397973615676165,-4.812086401507258,1153.0,4606.32,0.0,90,0,
2026-09-13T12:02:20+00:00,56.39797420240939,-4.812103249132633,1152.4,4606.99,0.0,87,0,
2026-09-13T12:02:33+00:00,56.397975124418736,-4.812102159485221,1152.2,4607.07,0.0,84,0,
2026-09-13T12:02:38+00:00,56.39797495678067,-4.812102243304253,1152.2,4607.09,0.0,87,0,
2026-09-13T12:02:58+00:00,56.397974621504545,-4.81210115365684,1152.0,4607.11,0.0,84,0,
2026-09-13T12:03:03+00:00,56.39797470532358,-4.81210065074265,1152.0,4607.11,0.0,82,0,
2026-09-13T12:03:18+00:00,56.39797495678067,-4.812097968533635,1151.4,4607.13,0.0,85,0,
2026-09-13T12:03:31+00:00,56.397975543513894,-4.812096543610096,1151.0,4607.17,0.0,88,0,
2026-09-13T12:03:36+00:00,56.39797579497099,-4.812095621600747,1151.0,4607.17,0.0,91,0,
2026-09-13T12:03:37+00:00,56.39797587879002,-4.812095537781715,1151.0,4607.17,0.0,91,0,
2026-09-13T12:03:45+00:00,56.397976130247116,-4.812094531953335,1150.6,4607.19,0.0,94,0,
2026-09-13T12:03:53+00:00,56.39797629788518,-4.812093861401081,1150.2,4607.21,0.0,97,0,
2026-09-13T12:04:07+00:00,56.397976633161306,-4.812092687934637,1150.0,4607.24,0.0,99,0,
2026-09-13T12:04:21+00:00,56.3979771360755,-4.812091430649161,1149.4,4607.26,0.0,94,0,
2026-09-13T12:04:23+00:00,56.39797721989453,-4.812091263011098,1149.4,4607.26,0.0,90,0,
2026-09-13T12:04:27+00:00,56.39797721989453,-4.812090843915939,1150.0,4607.28,0.0,87,0,
2026-09-13T12:05:12+00:00,56.397979483008385,-4.812087658792734,1149.2,4607.43,0.0,90,0,
2026-09-13T12:05:18+00:00,56.397979566827416,-4.812087239697576,1149.4,4607.44,0.0,94,0,
2026-09-13T12:05:28+00:00,56.397979985922575,-4.812086820602417,1149.4,4607.47,0.0,91,0,
2026-09-13T12:05:55+00:00,56.397980907931924,-4.812085395678878,1149.4,4607.53,0.0,88,0,
2026-09-13T12:06:25+00:00,56.39798166230321,-4.812084222212434,1149.4,4607.62,0.0,91,0,
2026-09-13T12:06:39+00:00,56.3979821652174,-4.812083300203085,1149.4,4607.65,0.0,94,0,
2026-09-13T12:06:47+00:00,56.3979821652174,-4.812082797288895,1149.4,4607.66,0.0,97,0,
2026-09-13T12:06:51+00:00,56.3979821652174,-4.812082629650831,1149.4,4607.66,0.0,94,0,
2026-09-13T12:06:56+00:00,56.39798224903643,-4.812082462012768,1149.4,4607.66,0.0,97,0,
2026-09-13T12:07:03+00:00,56.39798258431256,-4.812082126736641,1149.4,4607.69,0.0,94,55,
2026-09-13T12:07:18+00:00,56.39798283576965,-4.8120813723653555,1149.4,4607.71,0.0,90,0,
2026-09-13T12:07:36+00:00,56.39798308722675,-4.81208061799407,1149.4,4607.74,0.0,87,0,
2026-09-13T12:07:40+00:00,56.397983338683844,-4.812080701813102,1149.4,4607.77,0.0,84,0,
2026-09-13T12:08:22+00:00,56.39798459596932,-4.8120790254324675,1149.4,4607.87,0.0,87,0,
2026-09-13T12:08:30+00:00,56.39798476360738,-4.812078773975372,1149.4,4607.89,0.0,90,0,
2026-09-13T12:08:35+00:00,56.397984931245446,-4.812078522518277,1149.4,4607.89,0.0,93,0,
2026-09-13T12:08:44+00:00,56.397984847426414,-4.81207818724215,1149.4,4607.9,0.0,96,0,
2026-09-13T12:08:49+00:00,56.39795157127082,-4.812073241919279,1149.4,4611.58,0.0,95,46,
2026-09-13T12:08:58+00:00,56.397867584601045,-4.81202001683414,1149.4,4621.59,0.317,95,52,
2026-09-13T12:09:06+00:00,56.39783657155931,-4.811937874183059,1149.4,4628.32,0.849,95,56,
2026-09-13T12:09:10+00:00,56.39780371449888,-4.811898898333311,1149.4,4632.7,0.933,96,48,
2026-09-13T12:09:14+00:00,56.39778443612158,-4.811854809522629,1149.4,4636.16,0.97,97,0,
2026-09-13T12:09:16+00:00,56.39777781441808,-4.811846259981394,1149.4,4637.07,0.933,97,0,
2026-09-13T12:09:22+00:00,56.39773724600673,-4.811828071251512,1149.2,4641.76,0.868,97,50,
2026-09-13T12:09:30+00:00,56.397712687030435,-4.811811475083232,1149.2,4644.7,0.821,96,48,
2026-09-13T12:09:36+00:00,56.39769181609154,-4.811816504225135,1149.2,4647.27,0.681,97,0,
2026-09-13T12:09:37+00:00,56.39768150635064,-4.811821449548006,1148.8,4648.48,0.0,98,0,
2026-09-13T12:09:41+00:00,56.3976610545069,-4.811822706833482,1148.4,4650.77,0.0,95,0,
2026-09-13T12:09:45+00:00,56.39763540588319,-4.811812732368708,1147.6,4653.74,0.0,95,74,
2026-09-13T12:09:47+00:00,56.39762392267585,-4.811810050159693,1147.4,4655.04,0.0,95,74,
2026-09-13T12:09:52+00:00,56.397601794451475,-4.811819354072213,1147.2,4657.64,1.064,93,0,
2026-09-13T12:09:57+00:00,56.39758452773094,-4.811845002695918,1146.4,4660.16,0.0,91,0,
2026-09-13T12:10:05+00:00,56.397554352879524,-4.811813738197088,1145.4,4664.15,0.0,94,0,
2026-09-13T12:10:06+00:00,56.39755108393729,-4.811807200312614,1145.2,4664.69,0.0,94,0,
2026-09-13T12:10:07+00:00,56.39754773117602,-4.811801081523299,1145.2,4665.22,0.0,95,0,
2026-09-13T12:10:16+00:00,56.397528033703566,-4.8116787895560265,1145.2,4673.2,0.0,94,0,
2026-09-13T12:10:22+00:00,56.39749752357602,-4.811608884483576,1144.4,4678.66,0.0,91,62,
2026-09-13T12:10:23+00:00,56.39749207533896,-4.811598407104611,1144.2,4679.54,0.0,91,62,
2026-09-13T12:10:26+00:00,56.397470366209745,-4.811565717682242,1143.4,4682.69,0.0,91,58,
2026-09-13T12:10:27+00:00,56.39746030792594,-4.811548115685582,1143.2,4684.25,0.0,92,58,
2026-09-13T12:10:35+00:00,56.397391660138965,-4.811487849801779,1142.8,4692.91,0.942,90,53,
2026-09-13T12:10:37+00:00,56.39737028628588,-4.811465889215469,1142.2,4695.64,1.064,90,55,
2026-09-13T12:10:42+00:00,56.39733030460775,-4.811398833990097,1142.2,4701.75,1.232,88,57,
2026-09-13T12:10:46+00:00,56.3973000459373,-4.811348123475909,1142.6,4706.36,1.306,85,57,
2026-09-13T12:10:51+00:00,56.397245647385716,-4.811296407133341,1142.6,4713.21,1.344,84,55,
2026-09-13T12:11:00+00:00,56.397190913558006,-4.81118299998343,1142.4,4722.56,1.353,84,55,
2026-09-13T12:11:01+00:00,56.39718412421644,-4.811183167621493,1142.4,4723.32,1.344,84,53,
2026-09-13T12:11:05+00:00,56.39717306010425,-4.8112270049750805,1142.2,4726.36,1.306,84,53,
2026-09-13T12:11:12+00:00,56.39714330434799,-4.811276961117983,1140.4,4731.04,1.222,85,0,
2026-09-13T12:11:16+00:00,56.397126875817776,-4.811298502609134,1139.4,4733.31,1.11,85,0,
2026-09-13T12:11:17+00:00,56.39712369069457,-4.8113044537603855,1139.4,4733.82,1.073,85,0,
2026-09-13T12:11:22+00:00,56.3971203379333,-4.811341501772404,1138.4,4736.16,0.905,85,0,
2026-09-13T12:11:23+00:00,56.397117571905255,-4.811346614733338,1138.2,4736.61,0.877,85,0,
2026-09-13T12:11:32+00:00,56.397107262164354,-4.811380645260215,1137.4,4739.08,0.606,86,0,
2026-09-13T12:11:45+00:00,56.3971065916121,-4.811380477622151,1137.2,4739.08,0.0,86,0,
2026-09-13T12:12:03+00:00,56.397095611318946,-4.8113857582211494,1135.6,4739.48,0.0,88,0,
2026-09-13T12:12:11+00:00,56.39709234237671,-4.81139020062983,1134.6,4739.77,0.0,90,43,
2026-09-13T12:12:16+00:00,56.39708555303514,-4.811402102932334,1133.6,4740.55,0.0,90,0,
2026-09-13T12:12:30+00:00,56.397054539993405,-4.81146153062582,1132.6,4744.41,0.0,91,0,
2026-09-13T12:12:38+00:00,56.39705101959407,-4.811473935842514,1131.4,4745.2,0.0,91,0,
2026-09-13T12:12:42+00:00,56.397049678489566,-4.811491034924984,1130.4,4746.26,0.0,91,0,
2026-09-13T12:12:52+00:00,56.39702780172229,-4.811524227261543,1130.0,4748.44,0.0,94,41,
2026-09-13T12:12:54+00:00,56.39702587388456,-4.811534704640508,1129.2,4749.1,0.0,94,0,
2026-09-13T12:12:57+00:00,56.39702503569424,-4.8115527257323265,1128.0,4750.22,0.0,96,0,
2026-09-13T12:13:08+00:00,56.39700869098306,-4.811581559479237,1127.0,4752.1,0.0,98,0,
2026-09-13T12:13:16+00:00,56.396992513909936,-4.811628833413124,1126.0,4755.12,0.0,95,50,
2026-09-13T12:13:17+00:00,56.3969908375293,-4.81163252145052,1125.8,4755.35,0.0,95,50,
2026-09-13T12:13:22+00:00,56.39698673039675,-4.811648027971387,1124.6,4756.34,0.0,94,0,
2026-09-13T12:13:29+00:00,56.39697398990393,-4.811678538098931,1123.4,4758.3,0.0,91,0,
2026-09-13T12:13:34+00:00,56.396964685991406,-4.811713742092252,1122.8,4760.53,0.0,88,0,
2026-09-13T12:13:36+00:00,56.39696376398206,-4.8117282427847385,1122.2,4761.43,0.0,88,0,
2026-09-13T12:13:44+00:00,56.39694146811962,-4.811763446778059,1122.0,4763.74,0.0,91,0,
2026-09-13T12:13:47+00:00,56.39693895354867,-4.811786497011781,1120.8,4765.18,0.0,91,0,
2026-09-13T12:13:52+00:00,56.39692931436002,-4.811812145635486,1119.8,4766.82,0.0,93,0,
2026-09-13T12:14:00+00:00,56.39690768904984,-4.811851289123297,1118.6,4769.37,0.0,95,0,
2026-09-13T12:14:08+00:00,56.396892350167036,-4.81188322417438,1117.6,4771.43,0.0,96,0,
2026-09-13T12:14:15+00:00,56.396875753998756,-4.811911471188068,1116.4,4773.28,0.0,96,0,
2026-09-13T12:14:29+00:00,56.396849770098925,-4.811973161995411,1115.0,4777.26,0.0,96,70,
2026-09-13T12:14:34+00:00,56.396843399852514,-4.811990680173039,1114.4,4778.37,0.0,93,0,
2026-09-13T12:14:35+00:00,56.39684222638607,-4.811993110924959,1114.0,4778.54,0.0,93,0,
2026-09-13T12:14:44+00:00,56.39682948589325,-4.81200635433197,1113.0,4779.43,0.0,97,0,
2026-09-13T12:14:46+00:00,56.396826887503266,-4.81200878508389,1113.0,4779.59,0.0,102,0,
2026-09-13T12:14:47+00:00,56.396825797855854,-4.8120097909122705,1113.0,4779.67,0.0,107,0,
2026-09-13T12:14:48+00:00,56.39682470820844,-4.812010712921619,1112.8,4779.73,0.0,106,0,
2026-09-13T12:15:01+00:00,56.396820433437824,-4.8120136465877295,1111.8,4779.94,0.0,104,0,
2026-09-13T12:15:06+00:00,56.39681959524751,-4.812013981863856,1110.8,4779.96,0.0,103,0,
2026-09-13T12:15:16+00:00,56.39681775122881,-4.812014317139983,1109.6,4780.0,0.0,101,0,
2026-09-13T12:15:21+00:00,56.396816577762365,-4.8120148200541735,1108.4,4780.04,0.0,101,0,
2026-09-13T12:15:26+00:00,56.396815152838826,-4.8120154067873955,1107.4,4780.08,0.0,103,0,
2026-09-13T12:15:30+00:00,56.39681397937238,-4.812015909701586,1106.2,4780.12,0.0,103,0,
2026-09-13T12:15:33+00:00,56.396813141182065,-4.812016244977713,1105.8,4780.15,0.0,106,0,
2026-09-13T12:15:34+00:00,56.39681288972497,-4.812016328796744,1105.8,4780.16,0.0,101,0,
2026-09-13T12:15:39+00:00,56.3968113809824,-4.812016664072871,1105.2,4780.19,0.0,99,0,
2026-09-13T12:15:43+00:00,56.39680995605886,-4.812017334625125,1104.0,4780.23,0.0,97,0,
2026-09-13T12:15:46+00:00,56.39680911786854,-4.812017669901252,1102.8,4780.26,0.0,96,0,
2026-09-13T12:15:52+00:00,56.39680702239275,-4.812018675729632,1102.0,4780.34,0.0,93,0,
2026-09-13T12:16:03+00:00,56.39680350199342,-4.812020855024457,1101.6,4780.49,0.0,92,0,
2026-09-13T12:16:12+00:00,56.39680023305118,-4.81202244758606,1100.4,4780.61,0.0,90,0,
2026-09-13T12:16:16+00:00,56.39679855667055,-4.812023369595408,1099.2,4780.68,0.0,91,0,
2026-09-13T12:16:21+00:00,56.39679671265185,-4.812024878337979,1099.0,4780.79,0.0,94,0,
2026-09-13T12:16:28+00:00,56.3967939466238,-4.812027057632804,1097.8,4780.93,0.0,95,0,
2026-09-13T12:16:33+00:00,56.396792186424136,-4.81202881783247,1096.8,4781.06,0.0,94,48,
2026-09-13T12:16:38+00:00,56.39679025858641,-4.812030913308263,1095.4,4781.2,0.0,95,0,
2026-09-13T12:16:47+00:00,56.39678640291095,-4.812034349888563,1094.4,4781.43,0.0,93,0,
2026-09-13T12:16:51+00:00,56.396784810349345,-4.8120360262691975,1093.2,4781.55,0.0,91,0,
2026-09-13T12:16:54+00:00,56.3967836368829,-4.812037451192737,1092.6,4781.64,0.0,88,0,
2026-09-13T12:16:56+00:00,56.39678296633065,-4.812038540840149,1092.2,4781.71,0.0,87,0,
2026-09-13T12:17:02+00:00,56.396780870854855,-4.812041558325291,1091.2,4781.91,0.0,86,0,
2026-09-13T12:17:08+00:00,56.396778607741,-4.812044240534306,1090.4,4782.09,0.0,89,0,
2026-09-13T12:17:09+00:00,56.39677818864584,-4.812044743448496,1090.2,4782.13,0.0,89,0,
2026-09-13T12:17:16+00:00,56.3967751711607,-4.812048263847828,1089.2,4782.36,0.0,92,0,
2026-09-13T12:17:17+00:00,56.39677475206554,-4.81204885058105,1089.0,4782.4,0.0,89,0,
2026-09-13T12:17:23+00:00,56.39677190221846,-4.812052035704255,1087.8,4782.62,0.0,88,0,
2026-09-13T12:17:32+00:00,56.396768130362034,-4.812057064846158,1086.8,4782.95,0.0,88,0,
2026-09-13T12:17:41+00:00,56.396764777600765,-4.812062177807093,1085.8,4783.29,0.0,88,0,
2026-09-13T12:17:49+00:00,56.39676125720143,-4.81206645257771,1084.6,4783.57,0.0,89,0,
2026-09-13T12:17:53+00:00,56.396759413182735,-4.812068799510598,1083.6,4783.73,0.0,91,0,
2026-09-13T12:18:04+00:00,56.39675480313599,-4.81207525357604,1082.6,4784.15,0.0,90,0,
2026-09-13T12:18:07+00:00,56.39675362966955,-4.81207718141377,1082.4,4784.28,0.0,87,0,
2026-09-13T12:18:08+00:00,56.39675321057439,-4.8120778519660234,1082.4,4784.32,0.0,91,0,
2026-09-13T12:18:16+00:00,56.39674977399409,-4.8120825458317995,1081.4,4784.64,0.0,90,0,
2026-09-13T12:18:20+00:00,56.39674792997539,-4.8120848927646875,1080.4,4784.79,0.0,92,45,
2026-09-13T12:18:22+00:00,56.39674700796604,-4.8120860662311316,1080.2,4784.87,0.0,95,0,
2026-09-13T12:18:28+00:00,56.39674432575703,-4.812089586630464,1079.8,4785.11,0.0,92,0,
2026-09-13T12:18:31+00:00,56.39674306847155,-4.812091514468193,1079.4,4785.23,0.0,91,0,
2026-09-13T12:18:42+00:00,56.396738374605775,-4.812098136171699,1078.2,4785.67,0.0,91,0,
2026-09-13T12:18:48+00:00,56.396735440939665,-4.812101824209094,1077.2,4785.91,0.0,91,0,
2026-09-13T12:18:58+00:00,56.39673041179776,-4.812108529731631,1076.4,4786.36,0.0,94,0,
2026-09-13T12:18:59+00:00,56.39672990888357,-4.812109116464853,1076.0,4786.4,0.0,94,0,
2026-09-13T12:19:12+00:00,56.39672429300845,-4.812117414548993,1075.4,4786.94,0.0,97,0,
2026-09-13T12:19:15+00:00,56.39672303572297,-4.812119258567691,1075.0,4787.07,0.0,96,0,
2026-09-13T12:19:20+00:00,56.396720856428146,-4.812122443690896,1073.8,4787.28,0.0,96,0,
2026-09-13T12:19:27+00:00,56.39671758748591,-4.812127137556672,1072.6,4787.59,0.0,94,0,
2026-09-13T12:19:37+00:00,56.3967128098011,-4.812134010717273,1071.4,4788.04,0.0,92,0,
2026-09-13T12:19:45+00:00,56.39670870266855,-4.812139458954334,1070.4,4788.41,0.0,91,0,
2026-09-13T12:19:54+00:00,56.39670426025987,-4.812145913019776,1069.6,4788.83,0.0,88,0,
2026-09-13T12:19:59+00:00,56.39670191332698,-4.812149601057172,1069.6,4789.08,0.0,91,0,
2026-09-13T12:20:03+00:00,56.396699734032154,-4.812152534723282,1069.6,4789.28,0.0,94,0,
2026-09-13T12:20:07+00:00,56.39669763855636,-4.812155719846487,1069.2,4789.49,0.0,92,0,
2026-09-13T12:20:14+00:00,56.396694034338,-4.812160916626453,1068.2,4789.83,0.0,92,0,
2026-09-13T12:20:25+00:00,56.39668892137706,-4.812168460339308,1068.8,4790.33,0.0,89,0,
2026-09-13T12:20:34+00:00,56.396684646606445,-4.812174579128623,1068.2,4790.73,0.0,86,0,
2026-09-13T12:20:38+00:00,56.396682634949684,-4.81217734515667,1067.0,4790.92,0.0,85,0,
2026-09-13T12:20:46+00:00,56.39667861163616,-4.81218321248889,1066.0,4791.3,0.0,84,0,
2026-09-13T12:20:52+00:00,56.39667559415102,-4.81218715198338,1065.0,4791.56,0.0,85,0,
2026-09-13T12:21:03+00:00,56.396669978275895,-4.812194360420108,1063.8,4792.05,0.0,84,0,
2026-09-13T12:21:09+00:00,56.39666696079075,-4.812198635190725,1062.6,4792.33,0.0,84,0,
2026-09-13T12:21:13+00:00,56.39666494913399,-4.812201485037804,1061.6,4792.51,0.0,85,0,
2026-09-13T12:21:17+00:00,56.3966628536582,-4.812204502522945,1061.2,4792.71,0.0,88,0,
2026-09-13T12:21:20+00:00,56.3966612610966,-4.812206765636802,1060.6,4792.87,0.0,87,0,
2026-09-13T12:21:29+00:00,56.396656818687916,-4.812213554978371,1059.6,4793.31,0.0,86,62,
2026-09-13T12:21:34+00:00,56.396654304116964,-4.812217494472861,1058.4,4793.57,0.0,87,0,
2026-09-13T12:21:42+00:00,56.39665019698441,-4.812223529443145,1057.4,4793.97,0.0,88,0,
2026-09-13T12:21:51+00:00,56.3966454192996,-4.812230486422777,1056.2,4794.43,0.0,87,0,
2026-09-13T12:22:02+00:00,56.396639635786414,-4.812239035964012,1055.2,4794.99,0.0,87,0,
2026-09-13T12:22:10+00:00,56.39663561247289,-4.812245490029454,1054.2,4795.41,0.0,93,0,
2026-09-13T12:22:11+00:00,56.3966351095587,-4.812246328219771,1054.2,4795.47,0.0,97,0,
2026-09-13T12:22:12+00:00,56.39663460664451,-4.812247082591057,1054.2,4795.52,0.0,100,0,
2026-09-13T12:22:13+00:00,56.39663410373032,-4.812247836962342,1054.0,4795.57,0.0,100,0,
2026-09-13T12:22:17+00:00,56.39663217589259,-4.812251105904579,1054.0,4795.78,0.0,97,0,
2026-09-13T12:22:31+00:00,56.39662521891296,-4.8122619185596704,1053.0,4796.49,0.0,96,0,
2026-09-13T12:22:36+00:00,56.396622620522976,-4.812265858054161,1052.0,4796.75,0.0,96,0,
2026-09-13T12:22:48+00:00,56.396616753190756,-4.81227507814765,1050.8,4797.36,0.0,95,0,
2026-09-13T12:22:53+00:00,56.39661407098174,-4.812278766185045,1049.6,4797.6,0.0,95,0,
2026-09-13T12:23:04+00:00,56.39660803601146,-4.812287483364344,1049.2,4798.17,0.0,92,0,
2026-09-13T12:23:12+00:00,56.39660384505987,-4.812293685972691,1048.6,4798.59,0.0,91,0,
2026-09-13T12:23:13+00:00,56.39660334214568,-4.812294524163008,1048.4,4798.64,0.0,94,0,
2026-09-13T12:23:18+00:00,56.39660082757473,-4.81229854747653,1047.8,4798.9,0.0,90,0,
2026-09-13T12:23:20+00:00,56.39659982174635,-4.812300223857164,1047.4,4799.01,0.0,92,0,
2026-09-13T12:23:26+00:00,56.39659688808024,-4.812305085361004,1046.4,4799.33,0.0,91,0,
2026-09-13T12:23:32+00:00,56.396593786776066,-4.812310030683875,1045.2,4799.66,0.0,89,0,
2026-09-13T12:23:37+00:00,56.39659152366221,-4.812314389273524,1045.2,4799.94,0.0,92,0,
2026-09-13T12:23:47+00:00,56.396586410701275,-4.812322687357664,1044.2,4800.48,0.0,92,0,
2026-09-13T12:24:02+00:00,56.39657869935036,-4.812336098402739,1043.6,4801.36,0.0,89,0,
2026-09-13T12:24:18+00:00,56.39657098799944,-4.81234934180975,1043.2,4802.22,0.0,86,0,
2026-09-13T12:24:26+00:00,56.39656696468592,-4.812355963513255,1042.6,4802.66,0.0,83,0,
2026-09-13T12:24:29+00:00,56.39656553976238,-4.812358478084207,1042.2,4802.82,0.0,83,0,
2026-09-13T12:24:36+00:00,56.396562019363046,-4.812364261597395,1040.8,4803.2,0.0,84,0,
2026-09-13T12:24:43+00:00,56.396558498963714,-4.812370212748647,1039.8,4803.59,0.0,84,0,
2026-09-13T12:24:51+00:00,56.39655447565019,-4.812376834452152,1038.8,4804.02,0.0,84,0,
2026-09-13T12:25:01+00:00,56.39654944650829,-4.812384629622102,1037.6,4804.54,0.0,85,0,
2026-09-13T12:25:11+00:00,56.39654424972832,-4.812392760068178,1036.4,4805.07,0.0,86,0,
2026-09-13T12:25:22+00:00,56.3965383823961,-4.81240164488554,1035.8,4805.65,0.0,89,0,
2026-09-13T12:25:25+00:00,56.3965367898345,-4.81240407563746,1035.4,4805.82,0.0,87,0,
2026-09-13T12:25:31+00:00,56.396533604711294,-4.812409020960331,1034.8,4806.14,0.0,90,0,
2026-09-13T12:25:32+00:00,56.39653301797807,-4.812409859150648,1034.6,4806.19,0.0,87,0,
2026-09-13T12:25:34+00:00,56.39653192833066,-4.812411367893219,1034.2,4806.3,0.0,88,0,
2026-09-13T12:25:44+00:00,56.39652656391263,-4.812419665977359,1033.0,4806.84,0.0,88,0,
2026-09-13T12:26:00+00:00,56.39651767909527,-4.812433077022433,1031.6,4807.73,0.0,87,0,
2026-09-13T12:26:04+00:00,56.39651533216238,-4.812436681240797,1030.4,4807.96,0.0,88,42,
2026-09-13T12:26:12+00:00,56.396511141210794,-4.812443973496556,1029.4,4808.44,0.0,86,0,
2026-09-13T12:26:13+00:00,56.39651055447757,-4.812444811686873,1029.2,4808.49,0.0,90,0,
2026-09-13T12:26:18+00:00,56.39650787226856,-4.812449337914586,1028.2,4808.79,0.0,90,0,
2026-09-13T12:26:25+00:00,56.39650393277407,-4.812455959618092,1027.2,4809.22,0.0,88,17,
2026-09-13T12:26:31+00:00,56.39650066383183,-4.812461491674185,1026.0,4809.58,0.0,88,0,
2026-09-13T12:26:36+00:00,56.396497981622815,-4.812466353178024,1024.8,4809.9,0.0,88,0,
2026-09-13T12:26:38+00:00,56.3964968919754,-4.8124683648347855,1024.6,4810.03,0.0,91,0,
2026-09-13T12:26:49+00:00,56.39649102464318,-4.8124792613089085,1023.8,4810.74,0.0,89,0,
2026-09-13T12:27:00+00:00,56.3964849896729,-4.812490409240127,1022.5999999999999,4811.46,0.0,91,0,
2026-09-13T12:27:05+00:00,56.39648222364485,-4.812495522201061,1021.5999999999999,4811.8,0.0,94,0,
2026-09-13T12:27:15+00:00,56.39647669158876,-4.812505831941962,1020.4000000000001,4812.47,0.0,94,0,
2026-09-13T12:27:21+00:00,56.396473506465554,-4.812512369826436,1019.4000000000001,4812.89,0.0,92,70,
2026-09-13T12:27:28+00:00,56.39646973460913,-4.812520332634449,1018.2,4813.4,0.0,92,0,
2026-09-13T12:27:34+00:00,56.39646646566689,-4.81252720579505,1017.5999999999999,4813.85,0.0,95,0,
2026-09-13T12:27:46+00:00,56.39631751924753,-4.81288343667984,1017.4000000000001,4837.71,0.0,97,0,
2026-09-13T12:27:47+00:00,56.39624468050897,-4.813070520758629,1017.2,4848.46,8.612,96,56,
2026-09-13T12:27:48+00:00,56.39617410488427,-4.813256179913878,1016.8,4859.05,8.612,97,56,
2026-09-13T12:27:49+00:00,56.396102188155055,-4.81343655847013,1016.5999999999999,4870.16,1.437,97,56,
2026-09-13T12:27:50+00:00,56.396026415750384,-4.813615679740906,1016.4000000000001,4883.24,1.241,100,58,
2026-09-13T12:27:52+00:00,56.39587294310331,-4.813977861776948,1015.8,4910.17,1.306,101,58,
2026-09-13T12:27:54+00:00,56.3957182969898,-4.814347252249718,1015.2,4938.27,1.306,101,58,
2026-09-13T12:27:58+00:00,56.39569801278412,-4.81443140655756,1015.0,4943.92,1.465,98,58,
2026-09-13T12:28:02+00:00,56.395674627274275,-4.814490834251046,1014.5999999999999,4948.6,1.4,98,58,
2026-09-13T12:28:05+00:00,56.39564914628863,-4.81452327221632,1014.4000000000001,4952.0,1.353,97,0,
2026-09-13T12:28:08+00:00,56.39562928117812,-4.814542550593615,1013.4000000000001,4954.55,0.0,96,0,
2026-09-13T12:28:12+00:00,56.39559164643288,-4.814555794000626,1012.4000000000001,4958.84,0.0,96,0,
2026-09-13T12:28:13+00:00,56.395587706938386,-4.814562750980258,1012.2,4959.45,0.0,96,0,
2026-09-13T12:28:17+00:00,56.395568596199155,-4.814598876982927,1011.2,4962.53,0.0,96,0,
2026-09-13T12:28:21+00:00,56.39555811882019,-4.814642630517483,1010.0,4965.46,0.0,96,0,
2026-09-13T12:28:30+00:00,56.39553322456777,-4.814713960513473,1008.5999999999999,4970.76,0.56,97,55,
2026-09-13T12:28:31+00:00,56.39553062617779,-4.814723180606961,1008.0,4971.4,0.952,95,55,
2026-09-13T12:28:34+00:00,56.39552433975041,-4.81475293636322,1007.4000000000001,4973.36,0.0,93,0,
2026-09-13T12:28:37+00:00,56.395523250103,-4.814780009910464,1007.0,4975.04,0.0,96,0,
2026-09-13T12:28:39+00:00,56.39551889151335,-4.814796773716807,1006.8,4976.14,0.0,93,0,
2026-09-13T12:28:42+00:00,56.395517718046904,-4.814823344349861,1006.4000000000001,4977.81,0.0,94,0,
2026-09-13T12:28:48+00:00,56.39549760147929,-4.8148491606116295,1005.4000000000001,4980.64,0.0,95,62,
2026-09-13T12:28:49+00:00,56.395498188212514,-4.814864248037338,1005.2,4981.56,0.0,93,62,
2026-09-13T12:28:54+00:00,56.39547438360751,-4.814892997965217,1004.4000000000001,4984.81,0.7,94,62,
2026-09-13T12:28:56+00:00,56.395467426627874,-4.81490783393383,1004.2,4986.02,1.11,93,54,
2026-09-13T12:28:57+00:00,56.395466420799494,-4.8149145394563675,1004.0,4986.4,1.11,92,54,
2026-09-13T12:28:59+00:00,56.3954627327621,-4.814926441758871,1003.5999999999999,4987.25,1.073,92,54,
2026-09-13T12:29:00+00:00,56.39546097256243,-4.814932476729155,1003.0,4987.67,1.064,94,54,
2026-09-13T12:29:01+00:00,56.39545896090567,-4.814937254413962,1002.5999999999999,4988.03,1.026,91,54,
2026-09-13T12:29:04+00:00,56.39544731006026,-4.814934991300106,1002.4000000000001,4989.33,0.961,91,0,
2026-09-13T12:29:08+00:00,56.395430378615856,-4.814944630488753,1001.8,4991.41,0.896,89,0,
2026-09-13T12:29:12+00:00,56.395423505455256,-4.8149655014276505,1000.8,4992.96,0.821,89,0,
2026-09-13T12:29:13+00:00,56.3954193983227,-4.814974134787917,1000.5999999999999,4993.52,0.802,89,0,
2026-09-13T12:29:16+00:00,56.395421996712685,-4.8150017112493515,999.5999999999999,4995.26,0.784,90,0,
2026-09-13T12:29:22+00:00,56.39543239027262,-4.815031886100769,999.0,4997.76,0.746,91,0,
2026-09-13T12:29:25+00:00,56.39543096534908,-4.815045380964875,998.4000000000001,4998.63,0.728,90,0,
2026-09-13T12:29:30+00:00,56.39543121680617,-4.815064910799265,998.0,4999.85,0.672,89,0,
2026-09-13T12:29:31+00:00,56.395428869873285,-4.815064407885075,998.0,5000.11,0.662,89,0,
2026-09-13T12:29:36+00:00,56.395411686971784,-4.815073041245341,997.4000000000001,5002.28,0.597,92,0,
2026-09-13T12:29:39+00:00,56.39540598727763,-4.815087374299765,996.2,5003.43,0.579,95,0,
2026-09-13T12:29:44+00:00,56.39539978466928,-4.815125847235322,995.0,5005.97,0.579,94,0,
2026-09-13T12:29:48+00:00,56.3954040594399,-4.815146634355187,994.5999999999999,5007.35,0.588,93,55,
2026-09-13T12:29:52+00:00,56.395404394716024,-4.815160883590579,994.2,5008.41,0.588,90,0,
2026-09-13T12:29:53+00:00,56.39540657401085,-4.815163146704435,994.0,5008.69,0.579,89,0,
2026-09-13T12:29:55+00:00,56.39540573582053,-4.8151736240834,994.0,5009.36,0.569,88,0,
2026-09-13T12:29:58+00:00,56.395401041954756,-4.815193489193916,993.8,5010.7,0.56,85,0,
2026-09-13T12:30:02+00:00,56.3953971862793,-4.815224334597588,993.0,5012.68,0.551,82,0,
2026-09-13T12:30:06+00:00,56.39539668336511,-4.815234141424298,992.0,5013.25,0.532,80,0,
2026-09-13T12:30:07+00:00,56.39539668336511,-4.815234141424298,991.8,5013.25,0.523,81,0,
2026-09-13T12:30:12+00:00,56.39539668336511,-4.815234141424298,991.8,5013.25,0.467,84,0,
2026-09-13T12:30:22+00:00,56.39539668336511,-4.815239422023296,990.5999999999999,5013.57,0.0,84,0,
2026-09-13T12:30:27+00:00,56.3953934982419,-4.815254425629973,989.4000000000001,5014.41,0.0,85,0,
2026-09-13T12:30:36+00:00,56.39536810107529,-4.815281750634313,988.4000000000001,5015.67,0.0,85,0,
2026-09-13T12:30:46+00:00,56.395363826304674,-4.815344950184226,987.8,5019.39,0.0,88,0,
2026-09-13T12:30:52+00:00,56.39536156319082,-4.815376466140151,987.2,5021.25,0.0,89,0,
2026-09-13T12:30:55+00:00,56.39535930007696,-4.81538375839591,987.2,5021.63,0.0,93,0,
2026-09-13T12:30:57+00:00,56.395357958972454,-4.815386775881052,986.8,5021.79,0.0,99,0,
2026-09-13T12:30:59+00:00,56.39535770751536,-4.815393481403589,986.4000000000001,5022.19,0.0,103,0,
2026-09-13T12:31:00+00:00,56.395357539877295,-4.815396331250668,986.0,5022.36,0.0,105,0,
2026-09-13T12:31:09+00:00,56.39534563757479,-4.815433295443654,985.0,5024.32,0.0,103,0,
2026-09-13T12:31:18+00:00,56.39534488320351,-4.815494986250997,984.0,5028.03,0.0,103,0,
2026-09-13T12:31:24+00:00,56.3953416980803,-4.815527759492397,984.0,5029.95,0.0,106,0,
2026-09-13T12:31:26+00:00,56.39534102752805,-4.815547624602914,983.4000000000001,5031.13,0.0,110,0,
2026-09-13T12:31:29+00:00,56.395340943709016,-4.81556891463697,982.8,5032.41,0.0,109,0,
2026-09-13T12:31:32+00:00,56.395340943709016,-4.815581822767854,982.2,5033.2,0.0,106,0,
2026-09-13T12:31:34+00:00,56.39533960260451,-4.815586935728788,981.4000000000001,5033.47,0.0,105,0,
2026-09-13T12:31:39+00:00,56.39532996341586,-4.815616691485047,980.5999999999999,5035.06,0.0,102,0,
2026-09-13T12:31:41+00:00,56.39532786794007,-4.815636137500405,980.4000000000001,5036.18,0.0,102,0,
2026-09-13T12:31:46+00:00,56.395320408046246,-4.815682489424944,979.4000000000001,5038.82,0.0,99,0,
2026-09-13T12:31:47+00:00,56.39531998895109,-4.815691541880369,979.2,5039.35,0.0,99,0,
2026-09-13T12:31:53+00:00,56.39531361870468,-4.815778881311417,978.0,5044.37,0.0,98,0,
2026-09-13T12:31:54+00:00,56.395311523228884,-4.81579857878387,977.8,5045.54,0.0,101,0,
2026-09-13T12:31:55+00:00,56.3953089248389,-4.815819198265672,977.5999999999999,5046.83,0.0,100,0,
2026-09-13T12:31:56+00:00,56.39530599117279,-4.815835794433951,977.5999999999999,5047.91,0.0,97,0,
2026-09-13T12:32:04+00:00,56.39530096203089,-4.815963367000222,977.2,5055.75,0.0,98,0,
2026-09-13T12:32:05+00:00,56.39529953710735,-4.81597057543695,976.8,5056.19,0.0,98,56,
2026-09-13T12:32:14+00:00,56.39527355320752,-4.816022543236613,976.0,5061.36,0.0,95,0,
2026-09-13T12:32:15+00:00,56.39526693150401,-4.816026985645294,975.8,5062.14,0.0,95,0,
2026-09-13T12:32:18+00:00,56.39525905251503,-4.816052382811904,974.4000000000001,5063.96,0.0,95,0,
2026-09-13T12:32:22+00:00,56.39526341110468,-4.816081468015909,973.5999999999999,5065.82,0.0,93,53,
2026-09-13T12:32:23+00:00,56.39526282437146,-4.816089011728764,973.4000000000001,5066.29,0.0,93,53,
2026-09-13T12:32:30+00:00,56.39524916186929,-4.816130585968494,972.5999999999999,5069.58,0.0,92,0,
2026-09-13T12:32:31+00:00,56.395248407498,-4.816138381138444,972.2,5070.07,0.0,91,59,
2026-09-13T12:32:36+00:00,56.39524639584124,-4.816183308139443,971.0,5072.86,0.243,91,52,
2026-09-13T12:32:41+00:00,56.39524505473673,-4.816220607608557,970.2,5075.36,0.0,90,0,
2026-09-13T12:32:43+00:00,56.395248575136065,-4.816228905692697,970.0,5076.01,0.0,90,0,
2026-09-13T12:32:49+00:00,56.39524346217513,-4.8162598349153996,969.2,5078.46,0.0,88,0,
2026-09-13T12:32:52+00:00,56.395226530730724,-4.816266288980842,968.8,5080.4,0.0,88,59,
2026-09-13T12:32:57+00:00,56.39519400894642,-4.816289339214563,968.0,5084.3,0.0,91,59,
2026-09-13T12:32:59+00:00,56.39518512412906,-4.816289758309722,967.5999999999999,5085.31,0.252,92,0,
2026-09-13T12:33:06+00:00,56.3951588049531,-4.816302414983511,966.4000000000001,5088.35,0.0,91,0,
2026-09-13T12:33:12+00:00,56.3951482437551,-4.8163532093167305,965.4000000000001,5091.87,0.0,90,0,
2026-09-13T12:33:14+00:00,56.395148327574134,-4.816379863768816,965.0,5093.54,0.0,90,0,
2026-09-13T12:33:16+00:00,56.39514732174575,-4.8164003156125546,964.4000000000001,5094.8,0.0,93,0,
2026-09-13T12:33:17+00:00,56.39514899812639,-4.8164076916873455,964.2,5095.29,0.0,91,0,
2026-09-13T12:33:25+00:00,56.39515385963023,-4.81647633947432,963.2,5099.64,0.0,92,0,
2026-09-13T12:33:30+00:00,56.39514086768031,-4.816508777439594,962.0,5102.26,0.0,92,0,
2026-09-13T12:33:34+00:00,56.39512502588332,-4.816543562337756,961.5999999999999,5105.12,0.0,93,0,
2026-09-13T12:33:37+00:00,56.39510968700051,-4.816561583429575,960.8,5107.09,0.0,92,0,
2026-09-13T12:33:40+00:00,56.39510666951537,-4.816590333357453,959.8,5108.95,0.0,89,0,
2026-09-13T12:33:42+00:00,56.3951067533344,-4.816605672240257,959.4000000000001,5109.89,0.0,92,0,
2026-09-13T12:33:45+00:00,56.395099544897676,-4.816636350005865,959.0,5112.02,0.0,94,0,
2026-09-13T12:33:46+00:00,56.39509929344058,-4.81664783321321,958.8,5112.72,0.0,93,0,
2026-09-13T12:33:55+00:00,56.395100047811866,-4.816750762984157,957.8,5119.16,0.0,94,0,
2026-09-13T12:33:59+00:00,56.39509527012706,-4.816806335002184,957.2,5122.7,0.0,96,0,
2026-09-13T12:34:02+00:00,56.39509476721287,-4.816835001111031,956.5999999999999,5124.48,0.0,97,0,
2026-09-13T12:34:07+00:00,56.39508672058582,-4.816879089921713,955.4000000000001,5127.42,0.0,97,0,
2026-09-13T12:34:09+00:00,56.395080937072635,-4.816891495138407,955.2,5128.43,0.0,97,0,
2026-09-13T12:34:13+00:00,56.39506794512272,-4.816939104348421,954.4000000000001,5131.97,0.0,97,62,
2026-09-13T12:34:19+00:00,56.39505914412439,-4.816995430737734,953.2,5135.62,0.0,97,0,
2026-09-13T12:34:24+00:00,56.39505034312606,-4.8170429561287165,951.8,5138.69,0.0,97,0,
2026-09-13T12:34:30+00:00,56.39505193568766,-4.817082351073623,951.0,5141.31,0.0,99,0,
2026-09-13T12:34:33+00:00,56.39504849910736,-4.817109005525708,950.5999999999999,5143.0,0.0,97,0,
2026-09-13T12:34:37+00:00,56.39503969810903,-4.817148987203836,950.0,5145.84,0.0,97,0,
2026-09-13T12:34:39+00:00,56.39504020102322,-4.817166421562433,949.5999999999999,5146.92,0.0,96,0,
2026-09-13T12:34:47+00:00,56.39505855739117,-4.817256610840559,948.8,5152.9,0.0,97,0,
2026-09-13T12:34:49+00:00,56.39506107196212,-4.817273877561092,948.4000000000001,5154.01,0.0,98,0,
2026-09-13T12:34:55+00:00,56.39506752602756,-4.817338082939386,947.5999999999999,5158.03,0.0,97,0,
2026-09-13T12:34:57+00:00,56.395069286227226,-4.817351745441556,947.2,5158.89,0.0,97,0,
2026-09-13T12:35:03+00:00,56.39504263177514,-4.817398265004158,946.4000000000001,5163.15,0.0,98,54,
2026-09-13T12:35:04+00:00,56.39504011720419,-4.817404467612505,946.0,5163.62,0.261,98,54,
2026-09-13T12:35:09+00:00,56.395027628168464,-4.817425841465592,944.8,5165.55,0.0,98,0,
2026-09-13T12:35:10+00:00,56.395024694502354,-4.817426344379783,944.5999999999999,5165.86,0.0,98,0,
2026-09-13T12:35:16+00:00,56.39500306919217,-4.81745358556509,943.5999999999999,5168.78,0.0,97,0,
2026-09-13T12:35:17+00:00,56.395001728087664,-4.817460877820849,943.5999999999999,5169.24,0.0,96,0,
2026-09-13T12:35:24+00:00,56.39498898759484,-4.817503793165088,942.5999999999999,5172.4,0.0,95,55,
2026-09-13T12:35:25+00:00,56.394988652318716,-4.817505050450563,942.2,5172.48,0.0,98,55,
2026-09-13T12:35:27+00:00,56.394979851320386,-4.817516449838877,941.8,5173.68,0.0,95,0,
2026-09-13T12:35:29+00:00,56.39497331343591,-4.81752835214138,941.4000000000001,5174.72,0.0,94,50,
2026-09-13T12:35:32+00:00,56.39496585354209,-4.817542769014835,940.5999999999999,5175.94,0.0,93,0,
2026-09-13T12:35:34+00:00,56.39496208168566,-4.817560035735369,940.4000000000001,5177.1,0.0,95,0,
2026-09-13T12:35:39+00:00,56.39496652409434,-4.81757378205657,940.2,5178.05,0.0,93,0,
2026-09-13T12:35:46+00:00,56.394948503002524,-4.817627007141709,939.4000000000001,5181.89,0.0,96,0,
2026-09-13T12:35:48+00:00,56.39493894763291,-4.8176284320652485,939.4000000000001,5182.95,0.0,96,0,
2026-09-13T12:35:54+00:00,56.3949119579047,-4.8176658153533936,938.4000000000001,5186.94,0.243,97,0,
2026-09-13T12:35:57+00:00,56.394909024238586,-4.817700264975429,937.8,5189.05,0.215,97,0,
2026-09-13T12:35:59+00:00,56.394902570173144,-4.817729769274592,937.2,5190.94,0.224,98,63,
2026-09-13T12:36:01+00:00,56.39490055851638,-4.817762793973088,936.8,5192.99,1.362,98,0,
2026-09-13T12:36:05+00:00,56.39490030705929,-4.817823730409145,936.2,5196.77,1.446,99,58,
2026-09-13T12:36:06+00:00,56.3949029892683,-4.817833285778761,936.0,5197.42,1.446,99,58,
2026-09-13T12:36:11+00:00,56.39490617439151,-4.81788843870163,935.0,5200.85,1.428,100,58,
2026-09-13T12:36:14+00:00,56.39490676112473,-4.817937556654215,934.2,5203.88,1.428,100,58,
2026-09-13T12:36:15+00:00,56.39490617439151,-4.817953733727336,933.8,5204.87,1.418,100,0,
2026-09-13T12:36:17+00:00,56.394902067258954,-4.8179771192371845,933.2,5206.41,1.409,100,0,
2026-09-13T12:36:19+00:00,56.3948929309845,-4.817993799224496,932.5999999999999,5207.85,1.409,100,0,
2026-09-13T12:36:20+00:00,56.39488630928099,-4.818002935498953,932.4000000000001,5208.73,1.4,100,0,
2026-09-13T12:36:22+00:00,56.39488094486296,-4.8180269077420235,932.0,5210.32,1.39,100,57,
2026-09-13T12:36:24+00:00,56.394875748082995,-4.818054819479585,931.5999999999999,5212.12,1.39,101,59,
2026-09-13T12:36:26+00:00,56.394871305674314,-4.818075522780418,931.2,5213.49,1.381,102,59,
2026-09-13T12:36:27+00:00,56.39487105421722,-4.818084239959717,931.0,5214.02,1.381,103,57,
2026-09-13T12:36:29+00:00,56.39486904256046,-4.818099327385426,930.4000000000001,5214.96,1.353,103,57,
2026-09-13T12:36:32+00:00,56.39486384578049,-4.818127490580082,929.4000000000001,5216.77,1.325,104,57,
2026-09-13T12:36:33+00:00,56.394860073924065,-4.81814450584352,929.4000000000001,5217.89,1.306,104,57,
2026-09-13T12:36:34+00:00,56.394859654828906,-4.818156659603119,929.2,5218.64,1.306,106,57,
2026-09-13T12:36:35+00:00,56.39485848136246,-4.818168981000781,929.2,5219.39,1.297,104,57,
2026-09-13T12:36:38+00:00,56.394857224076986,-4.8182006645947695,928.5999999999999,5221.34,1.26,103,0,
2026-09-13T12:36:39+00:00,56.39486049301922,-4.8182121478021145,928.4000000000001,5222.12,1.232,103,0,
2026-09-13T12:36:40+00:00,56.394861582666636,-4.818223463371396,928.2,5222.83,1.213,103,0,
2026-09-13T12:36:42+00:00,56.394860576838255,-4.81825296767056,928.0,5224.66,1.185,102,0,
2026-09-13T12:36:44+00:00,56.39486242085695,-4.818280376493931,927.5999999999999,5226.32,1.185,101,0,
2026-09-13T12:36:45+00:00,56.394862085580826,-4.818293619900942,927.4000000000001,5227.12,1.176,101,0,
2026-09-13T12:36:46+00:00,56.39486267231405,-4.818308288231492,927.2,5228.03,1.176,101,0,
2026-09-13T12:36:49+00:00,56.39486619271338,-4.818352209404111,926.8,5230.74,1.166,101,0,
2026-09-13T12:36:53+00:00,56.3948633428663,-4.8184047639369965,926.0,5233.97,1.176,101,56,
2026-09-13T12:36:54+00:00,56.39486275613308,-4.818418761715293,926.0,5234.83,1.176,100,56,
2026-09-13T12:36:56+00:00,56.39486074447632,-4.818449858576059,925.4000000000001,5236.76,1.185,100,0,
2026-09-13T12:36:58+00:00,56.394860073924065,-4.818469891324639,924.8,5237.93,1.185,101,0,
2026-09-13T12:36:59+00:00,56.39486568979919,-4.818479111418128,924.5999999999999,5238.75,1.185,101,57,
2026-09-13T12:37:03+00:00,56.394871389493346,-4.818518674001098,924.0,5241.32,1.176,102,0,
2026-09-13T12:37:04+00:00,56.39487155713141,-4.818529738113284,923.8,5242.0,1.166,103,0,
2026-09-13T12:37:05+00:00,56.39487306587398,-4.818543568253517,923.5999999999999,5242.87,1.157,103,0,
2026-09-13T12:37:09+00:00,56.39488169923425,-4.81858916580677,922.5999999999999,5245.84,1.129,102,0,
2026-09-13T12:37:10+00:00,56.39488345943391,-4.81860282830894,922.4000000000001,5246.7,1.12,99,0,
2026-09-13T12:37:11+00:00,56.394883543252945,-4.818613473325968,922.2,5247.36,1.12,102,0,
2026-09-13T12:37:14+00:00,56.39487901702523,-4.818641720339656,921.8,5249.25,1.101,102,0,
2026-09-13T12:37:15+00:00,56.39487650245428,-4.818653371185064,921.4000000000001,5250.02,1.092,101,0,
2026-09-13T12:37:16+00:00,56.39487608335912,-4.818665524944663,921.2,5250.77,1.082,101,0,
2026-09-13T12:37:19+00:00,56.394874239340425,-4.8187098652124405,920.2,5253.54,1.073,99,0,
2026-09-13T12:37:20+00:00,56.39487591572106,-4.818720845505595,920.0,5254.23,1.073,98,0,
2026-09-13T12:37:23+00:00,56.3948807772249,-4.818753534927964,919.4000000000001,5256.38,1.064,98,0,
2026-09-13T12:37:24+00:00,56.39488086104393,-4.818765101954341,919.2,5257.09,1.064,97,0,
2026-09-13T12:37:25+00:00,56.394883124157786,-4.818777674809098,919.2,5257.9,1.064,97,0,
2026-09-13T12:37:29+00:00,56.3948894944042,-4.818809442222118,918.8,5259.98,1.045,94,0,
2026-09-13T12:37:30+00:00,56.39488932676613,-4.818814639002085,918.5999999999999,5260.31,1.036,94,0,
2026-09-13T12:37:33+00:00,56.39488832093775,-4.81882126070559,918.2,5260.74,0.998,92,0,
2026-09-13T12:37:35+00:00,56.39488345943391,-4.8188400361686945,918.2,5262.02,0.942,91,0,
2026-09-13T12:37:37+00:00,56.394877256825566,-4.818867947906256,918.0,5263.89,0.905,91,0,
2026-09-13T12:37:38+00:00,56.39487558044493,-4.818878341466188,917.8,5264.55,0.905,90,53,
2026-09-13T12:37:39+00:00,56.39487189240754,-4.818887393921614,917.2,5265.22,0.896,90,53,
2026-09-13T12:37:47+00:00,56.39486996456981,-4.818949084728956,916.0,5269.05,0.849,86,59,
2026-09-13T12:37:55+00:00,56.39489175751805,-4.819010691717267,914.8,5273.74,0.83,86,0,
2026-09-13T12:38:01+00:00,56.39489100314677,-4.819077244028449,913.5999999999999,5277.91,0.812,85,0,
2026-09-13T12:38:07+00:00,56.3948961161077,-4.819134492427111,912.4000000000001,5281.52,0.793,83,58,
2026-09-13T12:38:10+00:00,56.39490089379251,-4.819171205163002,912.0,5283.84,0.802,80,0,
2026-09-13T12:38:14+00:00,56.39490885660052,-4.819214791059494,911.4000000000001,5286.69,0.793,82,0,
2026-09-13T12:38:18+00:00,56.39490718021989,-4.8192552756518126,910.4000000000001,5289.51,0.793,82,0,
2026-09-13T12:38:19+00:00,56.39490374363959,-4.8192597180604935,910.0,5289.97,0.793,82,0,
2026-09-13T12:38:26+00:00,56.39486317522824,-4.819288551807404,909.0,5294.8,0.784,80,0,
2026-09-13T12:38:32+00:00,56.39484481886029,-4.819306572899222,908.0,5297.33,0.765,82,0,
2026-09-13T12:38:33+00:00,56.39484062790871,-4.819307243451476,907.8,5297.77,0.756,83,0,
2026-09-13T12:38:38+00:00,56.394821433350444,-4.819327695295215,906.8,5300.27,0.728,85,0,
2026-09-13T12:38:44+00:00,56.39480014331639,-4.819362061098218,905.8,5303.54,0.709,83,0,
2026-09-13T12:38:50+00:00,56.394795617088675,-4.819432385265827,904.4000000000001,5308.05,0.7,81,0,
2026-09-13T12:38:53+00:00,56.39480081386864,-4.819453088566661,904.0,5309.46,0.69,81,63,
2026-09-13T12:38:57+00:00,56.394797544926405,-4.81948284432292,903.4000000000001,5311.39,0.7,81,63,
2026-09-13T12:39:00+00:00,56.39479343779385,-4.819514779374003,902.8,5313.41,0.709,81,0,
2026-09-13T12:39:04+00:00,56.394791174679995,-4.81956347823143,902.2,5316.4,0.7,81,0,
2026-09-13T12:39:07+00:00,56.39478513970971,-4.819594994187355,901.0,5318.44,0.7,81,0,
2026-09-13T12:39:10+00:00,56.394779020920396,-4.819623492658138,900.4000000000001,5320.3,0.7,81,0,
2026-09-13T12:39:13+00:00,56.39477432705462,-4.819651572033763,899.8,5322.11,0.69,80,0,
2026-09-13T12:39:16+00:00,56.3947634305805,-4.8196731973439455,899.2,5323.92,0.69,83,0,
2026-09-13T12:39:17+00:00,56.394763346761465,-4.819679148495197,899.2,5324.25,0.69,80,0,
2026-09-13T12:39:19+00:00,56.39475831761956,-4.819687698036432,898.8,5324.95,0.69,80,0,
2026-09-13T12:39:20+00:00,56.394752617925406,-4.81969834305346,898.8,5325.86,0.681,80,0,
2026-09-13T12:39:24+00:00,56.39474046416581,-4.819728937000036,897.4000000000001,5328.21,0.672,80,0,
2026-09-13T12:39:27+00:00,56.39472453854978,-4.819759028032422,896.8,5330.76,0.672,80,0,
2026-09-13T12:39:29+00:00,56.39471917413175,-4.8197804018855095,896.2,5332.12,0.672,80,0,
2026-09-13T12:39:33+00:00,56.394720850512385,-4.8198095709085464,895.2,5333.99,0.662,80,0,
2026-09-13T12:39:34+00:00,56.3947200961411,-4.819815186783671,895.0,5334.35,0.662,80,0,
2026-09-13T12:39:39+00:00,56.39472319744527,-4.8198537435382605,894.0,5336.9,0.644,80,0,
2026-09-13T12:39:44+00:00,56.394726634025574,-4.819880733266473,893.2,5338.64,0.634,82,0,
2026-09-13T12:39:45+00:00,56.39472319744527,-4.819887103512883,893.0,5339.15,0.634,82,0,
2026-09-13T12:39:50+00:00,56.39469989575446,-4.819901688024402,891.8,5341.93,0.606,84,0,
2026-09-13T12:39:53+00:00,56.39468606561422,-4.819916356354952,891.5999999999999,5343.73,0.606,83,0,
2026-09-13T12:40:00+00:00,56.39468095265329,-4.819968156516552,891.0,5347.47,0.597,84,0,
2026-09-13T12:40:01+00:00,56.39468296431005,-4.819974610581994,890.5999999999999,5347.93,0.588,84,0,
2026-09-13T12:40:05+00:00,56.394686652347445,-4.819999588653445,889.4000000000001,5349.53,0.579,85,0,
2026-09-13T12:40:10+00:00,56.394678270444274,-4.82005700469017,888.4000000000001,5353.21,0.56,84,0,
2026-09-13T12:40:17+00:00,56.394692938774824,-4.820111487060785,887.4000000000001,5356.96,0.569,83,62,
2026-09-13T12:40:18+00:00,56.39469176530838,-4.820116851478815,887.2,5357.31,0.579,83,62,
2026-09-13T12:40:22+00:00,56.39468086883426,-4.820144847035408,886.4000000000001,5359.61,0.597,84,0,
2026-09-13T12:40:26+00:00,56.39465228654444,-4.820150546729565,886.0,5362.72,0.588,83,0,
2026-09-13T12:40:32+00:00,56.39463669620454,-4.820209555327892,885.2,5366.98,0.56,83,19,
2026-09-13T12:40:33+00:00,56.39463996514678,-4.820220284163952,885.0,5367.73,0.56,85,19,
2026-09-13T12:40:36+00:00,56.39465471729636,-4.820240652188659,884.0,5369.81,0.0,83,0,
2026-09-13T12:40:40+00:00,56.39466343447566,-4.82028373517096,883.2,5372.69,0.0,86,0,
2026-09-13T12:40:41+00:00,56.394667541608214,-4.82029496692121,883.0,5373.5,0.0,86,0,
2026-09-13T12:40:42+00:00,56.394671062007546,-4.820306366309524,882.5999999999999,5374.31,0.0,87,0,
2026-09-13T12:40:49+00:00,56.39469176530838,-4.820369984954596,881.5999999999999,5378.83,0.0,88,56,
2026-09-13T12:40:52+00:00,56.394690088927746,-4.820403512567282,881.0,5380.9,0.0,89,57,
2026-09-13T12:40:54+00:00,56.394690005108714,-4.820434357970953,880.4000000000001,5382.8,0.0,90,57,
2026-09-13T12:41:01+00:00,56.39466444030404,-4.820503173395991,879.2,5388.47,0.0,91,0,
2026-09-13T12:41:02+00:00,56.394655890762806,-4.820510298013687,879.2,5389.51,0.0,91,0,
2026-09-13T12:41:08+00:00,56.394627979025245,-4.82057249173522,878.2,5394.75,0.0,94,60,
2026-09-13T12:41:11+00:00,56.39461884275079,-4.8206147365272045,877.8,5397.54,0.0,95,60,
2026-09-13T12:41:16+00:00,56.39462688937783,-4.820631667971611,877.4000000000001,5398.88,0.0,97,0,
2026-09-13T12:41:26+00:00,56.39462873339653,-4.82065211981535,877.2,5401.02,0.0,100,0,
2026-09-13T12:41:27+00:00,56.39462722465396,-4.820652035996318,877.2,5401.18,0.0,100,0,
2026-09-13T12:41:33+00:00,56.3946249615401,-4.820657316595316,876.8,5401.67,0.0,101,0,
2026-09-13T12:41:42+00:00,56.3946215249598,-4.820665614679456,877.2,5402.43,0.0,101,0,
2026-09-13T12:41:53+00:00,56.3946215249598,-4.820664105936885,877.2,5402.43,0.0,104,0,
2026-09-13T12:42:11+00:00,56.39461264014244,-4.820663686841726,876.5999999999999,5402.91,0.0,100,70,
2026-09-13T12:42:17+00:00,56.39461264014244,-4.82066435739398,876.8,5402.94,0.0,103,0,
2026-09-13T12:42:22+00:00,56.39461406506598,-4.820664776489139,876.8,5402.95,0.0,106,0,
2026-09-13T12:42:30+00:00,56.3946146517992,-4.8206651117652655,876.4000000000001,5402.97,0.0,109,0,
2026-09-13T12:42:34+00:00,56.394615322351456,-4.820665949955583,876.2,5403.0,0.0,106,0,
2026-09-13T12:42:36+00:00,56.39461557380855,-4.820666620507836,876.2,5403.02,0.0,106,0,
2026-09-13T12:42:41+00:00,56.394617250189185,-4.820667877793312,877.0,5403.06,0.0,103,0,
2026-09-13T12:42:44+00:00,56.39461859129369,-4.820669973269105,877.0,5403.1,0.0,100,0,
2026-09-13T12:43:04+00:00,56.39462194405496,-4.820677097886801,877.0,5403.46,0.0,97,0,
2026-09-13T12:43:23+00:00,56.39463644474745,-4.82067801989615,877.0,5403.49,0.0,94,57,
2026-09-13T12:43:26+00:00,56.39463652856648,-4.8206795286387205,877.0,5403.56,0.0,97,0,
2026-09-13T12:43:59+00:00,56.3946320861578,-4.820692436769605,877.0,5404.5,0.0,94,0,
2026-09-13T12:44:04+00:00,56.3946320861578,-4.820693107321858,877.0,5404.53,0.0,90,0,
2026-09-13T12:44:10+00:00,56.39463200233877,-4.820693777874112,877.0,5404.57,0.0,87,0,
2026-09-13T12:44:58+00:00,56.394638707861304,-4.8207104578614235,877.0,5405.46,0.0,90,0,
2026-09-13T12:45:10+00:00,56.394638288766146,-4.820709116756916,877.0,5405.46,0.0,93,0,
2026-09-13T12:45:28+00:00,56.39463753439486,-4.82070785947144,877.0,5405.49,0.0,90,0,
2026-09-13T12:45:41+00:00,56.39463686384261,-4.820706769824028,877.0,5405.5,0.0,87,0,
2026-09-13T12:47:34+00:00,56.39463317580521,-4.8206983879208565,877.0,5405.59,0.0,84,48,
2026-09-13T12:47:41+00:00,56.39463267289102,-4.82069855555892,877.0,5405.63,0.0,81,54,
2026-09-13T12:47:45+00:00,56.39460677281022,-4.8207661136984825,873.0,5410.28,0.355,81,54,
2026-09-13T12:47:47+00:00,56.3945958763361,-4.8208073526620865,873.0,5412.84,0.877,80,54,
2026-09-13T12:47:50+00:00,56.394574251025915,-4.82085881754756,872.5999999999999,5416.64,1.036,80,0,
2026-09-13T12:47:54+00:00,56.394560085609555,-4.820911455899477,872.0,5420.27,0.98,79,0,
2026-09-13T12:47:56+00:00,56.39455346390605,-4.82092821970582,871.5999999999999,5421.54,0.952,80,0,
2026-09-13T12:48:00+00:00,56.39453527517617,-4.8209628369659185,870.8,5424.55,0.914,79,0,
2026-09-13T12:48:02+00:00,56.394522953778505,-4.820986809208989,870.4000000000001,5426.59,0.905,79,56,
2026-09-13T12:48:04+00:00,56.39451591297984,-4.82101664878428,870.0,5428.59,0.924,78,59,
2026-09-13T12:48:06+00:00,56.39451297931373,-4.821043303236365,869.5999999999999,5430.31,0.961,78,59,
2026-09-13T12:48:13+00:00,56.39449185691774,-4.82112804427743,868.5999999999999,5436.05,1.017,78,60,
2026-09-13T12:48:17+00:00,56.39447492547333,-4.821159979328513,867.8,5439.01,1.008,78,0,
2026-09-13T12:48:20+00:00,56.39445665292442,-4.82117154635489,867.4000000000001,5441.17,0.98,79,0,
2026-09-13T12:48:23+00:00,56.39445145614445,-4.821188896894455,867.2,5442.39,0.952,79,0,
2026-09-13T12:48:25+00:00,56.394445672631264,-4.8212002124637365,866.5999999999999,5443.35,0.924,78,0,
2026-09-13T12:48:27+00:00,56.39443955384195,-4.821212450042367,866.4000000000001,5444.44,0.896,78,0,
2026-09-13T12:48:32+00:00,56.39444458298385,-4.821246899664402,865.5999999999999,5446.75,0.84,78,0,
2026-09-13T12:48:35+00:00,56.39444743283093,-4.821261316537857,865.4000000000001,5447.7,0.802,78,0,
2026-09-13T12:48:41+00:00,56.394439889118075,-4.821297274902463,864.8,5450.29,0.728,76,0,
2026-09-13T12:48:46+00:00,56.39442052692175,-4.82132401317358,864.2,5452.99,0.681,76,0,
2026-09-13T12:48:50+00:00,56.39441415667534,-4.821341363713145,863.0,5454.33,0.662,76,44,
2026-09-13T12:48:52+00:00,56.394409043714404,-4.821352092549205,862.8,5455.19,0.653,75,44,
2026-09-13T12:48:57+00:00,56.39439915306866,-4.8213881347328424,862.0,5457.8,0.616,76,0,
2026-09-13T12:49:00+00:00,56.39439797960222,-4.821419734507799,861.2,5459.76,0.606,76,0,
2026-09-13T12:49:01+00:00,56.39439756050706,-4.821427529677749,861.0,5460.25,0.606,77,0,
2026-09-13T12:49:06+00:00,56.39439177699387,-4.8214685171842575,859.8,5462.86,0.569,80,45,
2026-09-13T12:49:10+00:00,56.394384233281016,-4.821494584903121,859.2,5464.84,0.0,79,0,
2026-09-13T12:49:13+00:00,56.39437551610172,-4.8215144500136375,858.8,5466.43,0.0,78,0,
2026-09-13T12:49:18+00:00,56.394377779215574,-4.821558874100447,857.8,5469.55,0.0,79,57,
2026-09-13T12:49:19+00:00,56.39437643811107,-4.8215689323842525,857.5999999999999,5470.17,0.0,80,57,
2026-09-13T12:49:24+00:00,56.3943693973124,-4.821614613756537,856.8,5473.12,0.0,82,0,
2026-09-13T12:49:28+00:00,56.394357243552804,-4.821627354249358,856.2,5474.84,0.0,86,0,
2026-09-13T12:49:31+00:00,56.39434835873544,-4.821638334542513,855.5999999999999,5476.04,0.0,84,0,
2026-09-13T12:49:34+00:00,56.394337713718414,-4.821649398654699,855.0,5477.43,0.0,84,0,
2026-09-13T12:49:38+00:00,56.394325057044625,-4.821679489687085,854.4000000000001,5479.77,0.0,86,0,
2026-09-13T12:49:46+00:00,56.39431365765631,-4.821732128039002,853.4000000000001,5483.29,0.0,88,0,
2026-09-13T12:49:49+00:00,56.39430762268603,-4.821752579882741,852.5999999999999,5484.75,0.0,90,0,
2026-09-13T12:49:51+00:00,56.39431349001825,-4.821766326203942,852.2,5485.8,0.0,92,0,
2026-09-13T12:49:56+00:00,56.39429463073611,-4.821786107495427,851.0,5488.59,0.0,92,0,
2026-09-13T12:50:02+00:00,56.39425984583795,-4.821796668693423,850.0,5492.51,0.0,91,0,
2026-09-13T12:50:04+00:00,56.39425724744797,-4.821813181042671,849.8,5493.44,0.0,91,0,
2026-09-13T12:50:08+00:00,56.39424961991608,-4.82184880413115,848.5999999999999,5495.77,0.0,94,0,
2026-09-13T12:50:13+00:00,56.39425439760089,-4.821880403906107,847.8,5497.85,0.0,91,0,
2026-09-13T12:50:14+00:00,56.39425330795348,-4.8218859359622,847.5999999999999,5498.21,0.0,92,0,
2026-09-13T12:50:22+00:00,56.394238974899054,-4.821935556828976,846.4000000000001,5501.75,0.0,91,0,
2026-09-13T12:50:25+00:00,56.394234113395214,-4.821947794407606,846.0,5502.69,0.0,91,0,
2026-09-13T12:50:29+00:00,56.39422120526433,-4.821970509365201,845.4000000000001,5504.7,0.0,92,0,
2026-09-13T12:50:33+00:00,56.394206285476685,-4.821977382525802,844.5999999999999,5506.41,0.0,95,0,
2026-09-13T12:50:36+00:00,56.394196981564164,-4.822002612054348,844.2,5508.3,0.0,96,0,
2026-09-13T12:50:41+00:00,56.394199496135116,-4.8220436833798885,843.2,5510.89,0.0,96,74,
2026-09-13T12:50:46+00:00,56.39419572427869,-4.822080144658685,842.0,5513.14,0.541,96,42,
2026-09-13T12:50:47+00:00,56.39419488608837,-4.8220860958099365,841.8,5513.52,0.849,96,42,
2026-09-13T12:50:53+00:00,56.39418901875615,-4.822121132165194,841.0,5515.81,0.0,95,0,
2026-09-13T12:50:57+00:00,56.394179463386536,-4.822160108014941,840.2,5518.49,0.0,95,0,
2026-09-13T12:50:58+00:00,56.394177954643965,-4.822166981175542,840.0,5518.95,0.0,95,0,
2026-09-13T12:51:02+00:00,56.3941812235862,-4.822192545980215,838.8,5520.64,0.0,96,0,
2026-09-13T12:51:07+00:00,56.394179379567504,-4.822217775508761,838.0,5522.41,0.0,95,0,
2026-09-13T12:51:09+00:00,56.394176948815584,-4.822229761630297,837.8,5523.22,0.0,95,0,
2026-09-13T12:51:14+00:00,56.39418851584196,-4.822264043614268,837.0,5525.71,0.0,96,0,
2026-09-13T12:51:16+00:00,56.394185246899724,-4.822279969230294,836.8,5526.76,0.0,97,0,
2026-09-13T12:51:24+00:00,56.394163286313415,-4.822336630895734,835.5999999999999,5531.3,0.0,98,0,
2026-09-13T12:51:25+00:00,56.39416395686567,-4.822349287569523,835.4000000000001,5532.07,0.0,98,0,
2026-09-13T12:51:31+00:00,56.39417921192944,-4.822417851537466,834.4000000000001,5536.67,0.0,99,58,
2026-09-13T12:51:34+00:00,56.3941880967468,-4.822441069409251,834.0,5538.46,0.0,99,61,
2026-09-13T12:51:38+00:00,56.394188264384866,-4.822460766881704,833.4000000000001,5539.88,0.0,98,0,
2026-09-13T12:51:41+00:00,56.39417686499655,-4.822497898712754,833.0,5542.48,0.0,98,0,
2026-09-13T12:51:45+00:00,56.394159430637956,-4.822550369426608,832.4000000000001,5546.3,0.0,101,0,
2026-09-13T12:51:46+00:00,56.39415440149605,-4.822559589520097,832.2,5547.08,0.0,104,60,
2026-09-13T12:51:48+00:00,56.39414258301258,-4.822576604783535,832.0,5548.75,0.0,109,60,
2026-09-13T12:51:49+00:00,56.39413570985198,-4.822587165981531,831.5999999999999,5549.76,0.0,111,60,
2026-09-13T12:51:51+00:00,56.39412405900657,-4.822606109082699,831.4000000000001,5551.51,0.0,114,0,
2026-09-13T12:51:52+00:00,56.39412011951208,-4.822612060233951,831.0,5552.08,0.0,116,0,
2026-09-13T12:51:54+00:00,56.394119868054986,-4.822626980021596,830.5999999999999,5552.96,0.0,119,0,
2026-09-13T12:51:57+00:00,56.394127663224936,-4.822644833475351,830.2,5554.35,0.0,120,0,
2026-09-13T12:52:00+00:00,56.39413084834814,-4.822679869830608,830.0,5556.5,0.0,121,0,
2026-09-13T12:52:03+00:00,56.39413780532777,-4.822707697749138,829.2,5558.37,0.0,118,0,
2026-09-13T12:52:05+00:00,56.394143756479025,-4.8227237071841955,828.8,5559.56,0.0,118,0,
2026-09-13T12:52:06+00:00,56.394141828641295,-4.822732927277684,828.8,5560.14,0.0,118,0,
2026-09-13T12:52:09+00:00,56.39414065517485,-4.822763605043292,828.0,5562.03,0.0,115,0,
2026-09-13T12:52:10+00:00,56.39413713477552,-4.822773663327098,827.8,5562.75,0.0,115,0,
2026-09-13T12:52:16+00:00,56.39411014504731,-4.822836359962821,826.8,5567.64,0.0,112,0,
2026-09-13T12:52:22+00:00,56.394073432311416,-4.822873827069998,825.5999999999999,5572.36,0.0,110,0,
2026-09-13T12:52:25+00:00,56.39406278729439,-4.822888495400548,825.0,5573.89,0.0,109,0,
2026-09-13T12:52:27+00:00,56.39405759051442,-4.822907019406557,824.4000000000001,5575.15,0.0,111,0,
2026-09-13T12:52:32+00:00,56.39405549503863,-4.822942139580846,823.5999999999999,5577.35,0.0,108,0,
2026-09-13T12:52:33+00:00,56.39405474066734,-4.822950353845954,823.4000000000001,5577.86,0.0,108,0,
2026-09-13T12:52:34+00:00,56.394051890820265,-4.822954628616571,823.4000000000001,5578.25,0.0,108,0,
2026-09-13T12:52:39+00:00,56.394035713747144,-4.823004584759474,822.2,5581.98,0.0,106,0,
2026-09-13T12:52:43+00:00,56.39404468238354,-4.823034172877669,821.8,5584.07,0.0,105,0,
2026-09-13T12:52:48+00:00,56.39406178146601,-4.823072645813227,821.0,5587.23,0.0,105,0,
2026-09-13T12:52:51+00:00,56.39405817724764,-4.8231142200529575,820.4000000000001,5589.82,0.0,105,0,
2026-09-13T12:52:53+00:00,56.39405373483896,-4.823142299428582,820.0,5591.61,0.0,104,0,
2026-09-13T12:52:57+00:00,56.39404962770641,-4.823189824819565,818.8,5594.56,0.0,105,0,
2026-09-13T12:53:01+00:00,56.39404434710741,-4.823207845911384,818.4000000000001,5596.04,0.0,103,0,
2026-09-13T12:53:06+00:00,56.39402615837753,-4.823229135945439,817.8,5598.52,0.0,102,0,
2026-09-13T12:53:08+00:00,56.39402196742594,-4.823236428201199,817.5999999999999,5599.16,0.0,102,0,
2026-09-13T12:53:12+00:00,56.394006880000234,-4.82323064468801,817.2,5600.72,0.0,105,0,
2026-09-13T12:53:15+00:00,56.39398919418454,-4.823236092925072,817.0,5602.79,0.0,105,67,
2026-09-13T12:53:18+00:00,56.39396220445633,-4.823246486485004,816.5999999999999,5605.86,0.896,102,67,
2026-09-13T12:53:23+00:00,56.39393202960491,-4.823277164250612,816.2,5609.78,1.521,102,67,
2026-09-13T12:53:25+00:00,56.393925407901406,-4.823304321616888,815.8,5611.61,1.512,102,0,
2026-09-13T12:53:27+00:00,56.39391233213246,-4.82333080843091,815.5999999999999,5613.81,1.502,103,0,
2026-09-13T12:53:30+00:00,56.393890203908086,-4.8233831115067005,815.2,5617.86,1.586,103,55,
2026-09-13T12:53:37+00:00,56.3938841689378,-4.823464499786496,815.0,5623.03,1.54,102,0,
2026-09-13T12:53:38+00:00,56.39388266019523,-4.823476737365127,815.0,5623.8,1.456,102,0,
2026-09-13T12:53:39+00:00,56.393881905823946,-4.823489394038916,815.0,5624.59,1.39,101,0,
2026-09-13T12:53:44+00:00,56.39388006180525,-4.823546977713704,814.5999999999999,5628.25,1.334,100,0,
2026-09-13T12:53:46+00:00,56.39387721195817,-4.8235665913671255,814.2,5629.5,1.297,100,0,
2026-09-13T12:53:49+00:00,56.393867153674364,-4.823596011847258,813.2,5631.64,1.269,100,0,
2026-09-13T12:53:52+00:00,56.39385189861059,-4.823614954948425,812.5999999999999,5633.72,1.232,100,0,
2026-09-13T12:53:55+00:00,56.393835470080376,-4.823646135628223,812.0,5636.36,1.194,100,0,
2026-09-13T12:53:56+00:00,56.393829099833965,-4.823653344064951,811.8,5637.18,1.194,101,0,
2026-09-13T12:53:59+00:00,56.39381325803697,-4.823683938011527,811.2,5639.78,1.185,101,0,
2026-09-13T12:54:01+00:00,56.39379942789674,-4.82369776815176,811.0,5641.54,1.185,101,57,
2026-09-13T12:54:02+00:00,56.39379020780325,-4.8237029649317265,811.0,5642.62,1.194,102,57,
2026-09-13T12:54:03+00:00,56.393781742081046,-4.82370849698782,810.8,5643.62,1.204,102,40,
2026-09-13T12:54:07+00:00,56.39376279897988,-4.823750238865614,809.8,5646.92,1.213,103,40,
2026-09-13T12:54:11+00:00,56.39375793747604,-4.82378963381052,808.8,5649.42,1.185,102,0,
2026-09-13T12:54:12+00:00,56.393754752352834,-4.823795584961772,808.5999999999999,5649.9,1.176,101,0,
2026-09-13T12:54:15+00:00,56.39374528080225,-4.823822323232889,808.0,5651.89,1.129,101,0,
2026-09-13T12:54:18+00:00,56.393740084022284,-4.823846882209182,807.4000000000001,5653.53,1.101,101,0,
2026-09-13T12:54:19+00:00,56.39373647980392,-4.823854006826878,807.2,5654.13,1.092,101,0,
2026-09-13T12:54:20+00:00,56.393731785938144,-4.823859874159098,806.8,5654.76,1.073,101,0,
2026-09-13T12:54:22+00:00,56.39372248202562,-4.823866076767445,806.4000000000001,5655.84,1.045,102,0,
2026-09-13T12:54:27+00:00,56.39369834214449,-4.823890468105674,805.4000000000001,5658.9,0.998,103,0,
2026-09-13T12:54:28+00:00,56.393692223355174,-4.823902202770114,805.2,5659.89,0.998,103,56,
2026-09-13T12:54:30+00:00,56.393684009090066,-4.823922235518694,805.0,5661.42,1.017,103,56,
2026-09-13T12:54:33+00:00,56.3936753757298,-4.823958529159427,804.2,5663.86,1.064,102,56,
2026-09-13T12:54:36+00:00,56.39365098439157,-4.8239777237176895,803.8,5666.82,1.082,103,56,
2026-09-13T12:54:41+00:00,56.39361594803631,-4.824017621576786,803.2,5671.46,1.092,102,59,
2026-09-13T12:54:45+00:00,56.393588623031974,-4.824069505557418,801.8,5675.89,1.129,101,0,
2026-09-13T12:54:55+00:00,56.39352240599692,-4.82422255910933,800.8,5687.98,1.213,101,57,
2026-09-13T12:54:58+00:00,56.3935025408864,-4.824276203289628,800.5999999999999,5691.95,1.25,101,56,
2026-09-13T12:55:05+00:00,56.39347982592881,-4.824381060898304,799.8,5698.92,1.278,102,53,
2026-09-13T12:55:08+00:00,56.39347211457789,-4.824423640966415,799.2,5701.66,1.269,102,53,
2026-09-13T12:55:12+00:00,56.39346490614116,-4.824481559917331,798.5999999999999,5705.38,1.232,103,56,
2026-09-13T12:55:17+00:00,56.39344621449709,-4.824545681476593,797.5999999999999,5710.01,1.194,104,59,
2026-09-13T12:55:18+00:00,56.393437162041664,-4.824555907398462,797.5999999999999,5711.21,1.185,104,59,
2026-09-13T12:55:23+00:00,56.393388295546174,-4.82458658516407,796.5999999999999,5717.13,1.213,103,0,
2026-09-13T12:55:24+00:00,56.39337882399559,-4.824579795822501,796.5999999999999,5718.27,1.232,102,0,
2026-09-13T12:55:25+00:00,56.393368849530816,-4.824577951803803,796.4000000000001,5719.35,1.232,102,0,
2026-09-13T12:55:30+00:00,56.393332136794925,-4.824619861319661,796.0,5724.33,1.241,99,57,
2026-09-13T12:55:32+00:00,56.393327275291085,-4.824629668146372,796.0,5725.14,1.232,99,57,
2026-09-13T12:55:33+00:00,56.39332761056721,-4.824634278193116,796.2,5725.43,1.204,99,57,
2026-09-13T12:55:38+00:00,56.39333054423332,-4.82462665066123,796.2,5726.3,0.933,97,0,
2026-09-13T12:55:48+00:00,56.39333423227072,-4.824626566842198,795.5999999999999,5726.45,0.0,94,0,
2026-09-13T12:55:49+00:00,56.39333423227072,-4.824626566842198,795.5999999999999,5726.45,0.0,93,0,
2026-09-13T12:55:50+00:00,56.39333423227072,-4.824626566842198,795.4000000000001,5726.45,0.0,91,0,
2026-09-13T12:55:52+00:00,56.39333423227072,-4.824626566842198,795.4000000000001,5726.45,0.0,88,0,
2026-09-13T12:56:33+00:00,56.393339512869716,-4.824640229344368,796.0,5726.54,0.0,91,0,
2026-09-13T12:56:50+00:00,56.39335376210511,-4.824662357568741,796.0,5726.63,0.0,94,0,
2026-09-13T12:57:05+00:00,56.39335384592414,-4.824662860482931,796.2,5726.65,0.0,97,0,
2026-09-13T12:57:13+00:00,56.39335384592414,-4.824662441387773,796.2,5726.67,0.0,94,0,
2026-09-13T12:57:16+00:00,56.393355103209615,-4.824662106111646,796.2,5726.74,0.0,91,0,
2026-09-13T12:57:19+00:00,56.393355606123805,-4.824661687016487,796.2,5726.78,0.0,88,0,
2026-09-13T12:57:31+00:00,56.39335728250444,-4.82465841807425,795.8,5727.03,0.0,91,0,
2026-09-13T12:57:33+00:00,56.39335912652314,-4.824658082798123,795.8,5727.12,0.0,94,0,
2026-09-13T12:57:35+00:00,56.39336013235152,-4.8246577475219965,795.8,5727.18,0.0,97,0,
2026-09-13T12:57:43+00:00,56.393361473456025,-4.824656406417489,795.2,5727.31,0.0,94,0,
2026-09-13T12:57:52+00:00,56.39336952008307,-4.824657998979092,794.4000000000001,5727.53,0.0,92,57,
2026-09-13T12:57:59+00:00,56.39335099607706,-4.824782554060221,794.0,5735.46,0.457,90,53,
2026-09-13T12:58:09+00:00,56.3932987768203,-4.824979277327657,793.4000000000001,5749.33,1.148,89,57,
2026-09-13T12:58:11+00:00,56.39329232275486,-4.825011128559709,793.4000000000001,5751.42,1.148,89,57,
2026-09-13T12:58:19+00:00,56.39326122589409,-4.825139371678233,793.2,5760.13,1.204,89,58,
2026-09-13T12:58:28+00:00,56.39323306269944,-4.825305249541998,793.0,5770.95,1.204,86,58,
2026-09-13T12:58:31+00:00,56.393222166225314,-4.825353529304266,793.4000000000001,5774.37,1.194,83,0,
2026-09-13T12:58:39+00:00,56.39316969551146,-4.825444305315614,792.5999999999999,5782.58,1.157,86,52,
2026-09-13T12:58:41+00:00,56.39315402135253,-4.825473474338651,792.4000000000001,5785.08,1.157,87,0,
2026-09-13T12:58:43+00:00,56.39314035885036,-4.825501386076212,792.2,5787.37,1.176,90,0,
2026-09-13T12:58:47+00:00,56.393110770732164,-4.825561232864857,792.0,5792.3,1.166,93,62,
2026-09-13T12:58:52+00:00,56.39307975769043,-4.825631137937307,791.5999999999999,5797.84,1.176,94,61,
2026-09-13T12:58:55+00:00,56.39306257478893,-4.825693080201745,791.0,5802.1,1.185,94,59,
2026-09-13T12:59:03+00:00,56.393015971407294,-4.825846301391721,790.4000000000001,5813.13,1.204,96,60,
2026-09-13T12:59:13+00:00,56.39294598251581,-4.825993152335286,790.5999999999999,5825.09,1.241,97,58,
2026-09-13T12:59:23+00:00,56.39290248043835,-4.8261326272040606,791.5999999999999,5835.17,1.166,99,50,
2026-09-13T12:59:24+00:00,56.392895858734846,-4.826145535334945,791.5999999999999,5836.26,1.166,102,50,
2026-09-13T12:59:25+00:00,56.39288957230747,-4.82615802437067,791.8,5837.3,1.157,102,53,
2026-09-13T12:59:30+00:00,56.39285059645772,-4.826215272769332,791.8,5843.06,1.148,104,0,
2026-09-13T12:59:32+00:00,56.392842046916485,-4.82624888420105,791.8,5845.33,1.138,105,53,
2026-09-13T12:59:37+00:00,56.39282612130046,-4.826309569180012,792.2,5849.57,1.148,107,0,
2026-09-13T12:59:39+00:00,56.39281933195889,-4.826328428462148,792.2,5850.96,1.129,109,0,
2026-09-13T12:59:40+00:00,56.3928135484457,-4.826337480917573,792.4000000000001,5851.81,1.11,110,0,
2026-09-13T12:59:45+00:00,56.39279066585004,-4.826382994651794,793.2,5855.87,1.073,112,0,
2026-09-13T12:59:48+00:00,56.39279158785939,-4.826420461758971,793.8,5858.12,1.045,114,0,
2026-09-13T12:59:50+00:00,56.39279326424003,-4.8264427576214075,794.4000000000001,5859.52,1.026,115,0,
2026-09-13T12:59:53+00:00,56.39278714545071,-4.826461365446448,794.8,5860.85,0.998,118,0,
2026-09-13T12:59:55+00:00,56.392780020833015,-4.8264754470437765,795.0,5862.03,0.97,119,0,
2026-09-13T12:59:57+00:00,56.39277616515756,-4.82650101184845,795.4000000000001,5863.67,0.952,120,0,
2026-09-13T13:00:00+00:00,56.39277926646173,-4.826531270518899,795.8,5865.57,0.924,121,0,
2026-09-13T13:00:02+00:00,56.39278270304203,-4.826556332409382,796.0,5867.12,0.905,122,0,
2026-09-13T13:00:04+00:00,56.392778595909476,-4.826588267460465,796.2,5869.11,0.896,125,0,
2026-09-13T13:00:05+00:00,56.392778009176254,-4.826605450361967,796.2,5870.18,0.896,127,0,
2026-09-13T13:00:07+00:00,56.39277675189078,-4.826633697375655,796.4000000000001,5871.93,0.886,128,45,
2026-09-13T13:00:15+00:00,56.3927739020437,-4.8267455119639635,797.2,5878.87,0.877,129,48,
2026-09-13T13:00:17+00:00,56.392778009176254,-4.826770406216383,797.4000000000001,5880.44,0.886,128,48,
2026-09-13T13:00:23+00:00,56.39277884736657,-4.826790187507868,798.0,5881.71,0.802,126,0,
2026-09-13T13:00:33+00:00,56.39277935028076,-4.82679613865912,798.4000000000001,5882.08,0.0,123,0,
2026-09-13T13:00:35+00:00,56.39277935028076,-4.82679613865912,798.4000000000001,5882.08,0.0,122,0,
2026-09-13T13:00:37+00:00,56.39277935028076,-4.82679613865912,798.4000000000001,5882.08,0.0,121,0,
2026-09-13T13:00:41+00:00,56.39277935028076,-4.82679613865912,799.4000000000001,5882.08,0.0,118,0,
2026-09-13T13:00:43+00:00,56.39277909882367,-4.82679613865912,799.8,5882.08,0.0,119,0,
2026-09-13T13:00:47+00:00,56.39277876354754,-4.82679907232523,800.4000000000001,5882.26,0.0,122,0,
2026-09-13T13:00:50+00:00,56.39277767390013,-4.826815836131573,801.0,5883.3,0.0,124,0,
2026-09-13T13:00:54+00:00,56.39277633279562,-4.8268606793135405,801.5999999999999,5886.07,0.0,120,0,
2026-09-13T13:00:56+00:00,56.392775662243366,-4.826883561909199,802.2,5887.48,0.0,118,0,
2026-09-13T13:01:01+00:00,56.39277189038694,-4.826909964904189,803.0,5889.13,0.0,115,0,
2026-09-13T13:01:02+00:00,56.39277180656791,-4.826917173340917,803.2,5889.57,0.0,115,54,
2026-09-13T13:01:09+00:00,56.39277180656791,-4.826969476416707,804.2,5892.8,0.0,113,0,
2026-09-13T13:01:15+00:00,56.392770214006305,-4.827000489458442,805.2,5894.72,0.0,116,0,
2026-09-13T13:01:16+00:00,56.3927704654634,-4.827006356790662,805.8,5895.08,0.0,119,0,
2026-09-13T13:01:20+00:00,56.39277180656791,-4.82702923938632,806.2,5896.49,0.0,117,0,
2026-09-13T13:01:27+00:00,56.39277423731983,-4.8270597495138645,807.0,5898.37,0.0,120,0,
2026-09-13T13:01:32+00:00,56.39277306385338,-4.827086236327887,807.4000000000001,5900.01,0.0,121,0,
2026-09-13T13:01:37+00:00,56.392772644758224,-4.827110292389989,808.5999999999999,5901.49,0.0,120,0,
2026-09-13T13:01:43+00:00,56.39277331531048,-4.827141808345914,809.5999999999999,5903.44,0.0,119,0,
2026-09-13T13:01:52+00:00,56.392774069681764,-4.827206265181303,810.5999999999999,5907.41,0.0,122,0,
2026-09-13T13:01:54+00:00,56.3927754946053,-4.827217664569616,811.0,5908.11,0.0,125,0,
2026-09-13T13:01:58+00:00,56.39278513379395,-4.827237529680133,811.8,5909.31,0.0,127,0,
2026-09-13T13:02:05+00:00,56.39279183931649,-4.827280025929213,813.0,5911.92,0.0,124,0,
2026-09-13T13:02:13+00:00,56.392795108258724,-4.8273268807679415,814.0,5914.8,0.0,123,48,
2026-09-13T13:02:20+00:00,56.392795192077756,-4.82738102786243,815.0,5918.14,0.0,126,0,
2026-09-13T13:02:21+00:00,56.3927947729826,-4.827385134994984,815.0,5918.39,0.0,127,0,
2026-09-13T13:02:32+00:00,56.39276602305472,-4.82739963568747,816.0,5919.37,0.0,124,0,
2026-09-13T13:02:33+00:00,56.392761915922165,-4.827400641515851,816.2,5919.45,0.0,123,0,
2026-09-13T13:02:38+00:00,56.392744816839695,-4.827429810538888,816.5999999999999,5920.99,0.0,120,0,
2026-09-13T13:02:42+00:00,56.39272755011916,-4.827500721439719,817.0,5925.44,0.0,120,0,
2026-09-13T13:02:44+00:00,56.39271774329245,-4.82751295901835,817.2,5926.75,0.0,120,0,
2026-09-13T13:02:50+00:00,56.392674995586276,-4.827550342306495,818.4000000000001,5931.67,0.0,119,0,
2026-09-13T13:02:52+00:00,56.39266703277826,-4.827554114162922,818.4000000000001,5932.59,0.0,120,0,
2026-09-13T13:02:57+00:00,56.39264473691583,-4.8275574669241905,819.0,5935.18,0.0,123,0,
2026-09-13T13:03:00+00:00,56.39263174496591,-4.827571967616677,819.4000000000001,5936.86,0.0,123,0,
2026-09-13T13:03:07+00:00,56.392604084685445,-4.827567860484123,820.5999999999999,5940.09,0.0,122,0,
2026-09-13T13:03:09+00:00,56.392593774944544,-4.827570961788297,820.5999999999999,5941.27,0.0,123,0,
2026-09-13T13:03:15+00:00,56.39257441274822,-4.8275951854884624,821.5999999999999,5944.13,0.0,122,0,
2026-09-13T13:03:21+00:00,56.39257491566241,-4.827626785263419,822.4000000000001,5946.1,0.0,122,0,
2026-09-13T13:03:23+00:00,56.392572820186615,-4.827633239328861,822.5999999999999,5946.58,0.0,122,0,
2026-09-13T13:03:30+00:00,56.3925788551569,-4.827684201300144,823.5999999999999,5949.84,0.0,121,0,
2026-09-13T13:03:33+00:00,56.39258631505072,-4.827708508819342,823.8,5951.62,0.0,120,0,
2026-09-13T13:03:38+00:00,56.39259402640164,-4.827729295939207,824.4000000000001,5953.16,0.0,117,0,
2026-09-13T13:03:42+00:00,56.392594361677766,-4.827746897935867,824.5999999999999,5954.35,0.0,115,0,
2026-09-13T13:03:44+00:00,56.39259369112551,-4.8277574591338634,824.8,5955.01,0.0,116,0,
2026-09-13T13:03:52+00:00,56.392605509608984,-4.827798530459404,825.5999999999999,5957.87,0.0,118,0,
2026-09-13T13:03:55+00:00,56.392605090513825,-4.827818563207984,825.8,5959.12,0.0,119,0,
2026-09-13T13:04:01+00:00,56.39259939081967,-4.827859131619334,826.5999999999999,5961.75,0.0,119,0,
2026-09-13T13:04:03+00:00,56.392595786601305,-4.827876063063741,826.8,5962.85,0.0,119,0,
2026-09-13T13:04:10+00:00,56.392597714439034,-4.827912105247378,827.8,5965.15,0.0,119,0,
2026-09-13T13:04:16+00:00,56.39259687624872,-4.827928952872753,828.2,5966.3,0.0,122,0,
2026-09-13T13:04:23+00:00,56.39259302057326,-4.827978825196624,829.0,5969.74,0.0,122,0,
2026-09-13T13:04:24+00:00,56.39259159564972,-4.827984692528844,829.2,5970.13,0.0,123,0,
2026-09-13T13:04:29+00:00,56.39257533475757,-4.828010844066739,830.2,5972.58,0.0,123,0,
2026-09-13T13:04:34+00:00,56.39256443828344,-4.828033642843366,830.8,5974.46,0.0,122,0,
2026-09-13T13:04:37+00:00,56.39255739748478,-4.82805292122066,831.2,5975.89,0.0,121,0,
2026-09-13T13:04:42+00:00,56.3925339281559,-4.828067421913147,831.8,5978.8,0.0,121,0,
2026-09-13T13:04:46+00:00,56.392524875700474,-4.8280896339565516,832.4000000000001,5980.5,0.0,122,0,
2026-09-13T13:04:50+00:00,56.392511297017336,-4.828111007809639,832.5999999999999,5982.52,0.215,125,0,
2026-09-13T13:04:53+00:00,56.39249738305807,-4.8281285259872675,833.2,5984.39,0.233,124,0,
2026-09-13T13:04:57+00:00,56.392486821860075,-4.828149229288101,833.4000000000001,5986.13,0.243,122,0,
2026-09-13T13:05:04+00:00,56.39246117323637,-4.828184600919485,834.2,5989.75,0.252,119,0,
2026-09-13T13:05:05+00:00,56.39245740137994,-4.8281909711658955,834.2,5990.32,0.252,119,0,
2026-09-13T13:05:07+00:00,56.392450192943215,-4.8282030411064625,834.4000000000001,5991.44,0.252,119,44,
2026-09-13T13:05:09+00:00,56.39244357123971,-4.828218212351203,834.8,5992.63,1.092,117,0,
2026-09-13T13:05:14+00:00,56.39242974109948,-4.828271521255374,835.5999999999999,5996.26,0.252,115,0,
2026-09-13T13:05:17+00:00,56.39241716824472,-4.828292643651366,836.0,5998.19,0.243,115,0,
2026-09-13T13:05:19+00:00,56.39240191318095,-4.8283034563064575,836.0,6000.0,0.243,116,0,
2026-09-13T13:05:23+00:00,56.39238581992686,-4.828329021111131,836.8,6002.41,0.252,118,0,
2026-09-13T13:05:25+00:00,56.39238598756492,-4.828330026939511,837.2,6002.51,0.252,119,0,
2026-09-13T13:05:35+00:00,56.392390010878444,-4.828328434377909,837.5999999999999,6003.01,0.224,119,0,
2026-09-13T13:05:41+00:00,56.392390010878444,-4.828328434377909,837.2,6003.01,0.224,122,0,
2026-09-13T13:06:03+00:00,56.39239076524973,-4.828326506540179,837.0,6003.13,0.0,119,0,
2026-09-13T13:06:08+00:00,56.39239076524973,-4.828326506540179,837.2,6003.13,0.0,116,0,
2026-09-13T13:06:14+00:00,56.392390513792634,-4.828326506540179,837.8,6003.13,0.0,112,0,
2026-09-13T13:06:16+00:00,56.39239017851651,-4.828326674178243,838.0,6003.13,0.0,109,0,
2026-09-13T13:06:24+00:00,56.392378360033035,-4.828341258689761,838.8,6003.13,0.0,108,0,
2026-09-13T13:06:34+00:00,56.39234877191484,-4.828401859849691,840.0,6003.13,0.0,110,0,
2026-09-13T13:06:43+00:00,56.392323123291135,-4.828475872054696,841.0,6003.13,0.0,112,0,
2026-09-13T13:06:50+00:00,56.39230736531317,-4.8285178653895855,841.8,6003.13,0.0,115,0,
2026-09-13T13:06:53+00:00,56.39230275526643,-4.828538065776229,842.2,6003.13,0.0,117,0,
2026-09-13T13:06:58+00:00,56.39229060150683,-4.828573856502771,842.5999999999999,6003.13,0.0,120,0,
2026-09-13T13:07:06+00:00,56.392278112471104,-4.828630266711116,842.8,6003.13,0.0,117,0,
2026-09-13T13:07:09+00:00,56.39227442443371,-4.828641163185239,842.8,6003.13,0.0,114,0,
2026-09-13T13:07:18+00:00,56.392263025045395,-4.828662956133485,843.0,6003.13,0.0,111,0,
2026-09-13T13:07:19+00:00,56.39226285740733,-4.82866320759058,843.2,6003.13,0.0,112,0,
2026-09-13T13:07:23+00:00,56.39226218685508,-4.82866371050477,843.8,6003.13,0.0,109,0,
2026-09-13T13:07:27+00:00,56.392261516302824,-4.828667817637324,844.4000000000001,6003.13,0.0,107,42,
2026-09-13T13:07:30+00:00,56.3922609295696,-4.8286830727010965,845.0,6003.13,0.224,110,42,
2026-09-13T13:07:33+00:00,56.39225833117962,-4.828710565343499,845.2,6003.13,0.271,113,41,
2026-09-13T13:07:35+00:00,56.39225154183805,-4.828728754073381,845.5999999999999,6003.13,0.299,114,45,
2026-09-13T13:07:38+00:00,56.392242070287466,-4.828750127926469,845.8,6003.13,0.336,118,0,
2026-09-13T13:07:44+00:00,56.39222564175725,-4.828800922259688,846.5999999999999,6003.13,0.0,119,0,
2026-09-13T13:07:48+00:00,56.392219522967935,-4.828824643045664,847.5999999999999,6003.13,0.0,123,0,
2026-09-13T13:07:50+00:00,56.39221206307411,-4.828831683844328,847.8,6003.13,0.0,126,0,
2026-09-13T13:07:54+00:00,56.39219303615391,-4.828845765441656,848.5999999999999,6003.13,0.0,127,0,
2026-09-13T13:08:03+00:00,56.39216361567378,-4.828886920586228,849.8,6003.13,0.0,125,0,
2026-09-13T13:08:11+00:00,56.392149198800325,-4.8289325181394815,850.8,6003.13,0.0,124,0,
2026-09-13T13:08:20+00:00,56.39213318936527,-4.828983647748828,852.0,6003.13,0.0,121,45,
2026-09-13T13:08:25+00:00,56.39212933368981,-4.829015163704753,852.4000000000001,6003.13,0.0,118,0,
2026-09-13T13:08:29+00:00,56.3921227119863,-4.829038046300411,853.2,6003.13,0.0,117,0,
2026-09-13T13:08:34+00:00,56.39211072586477,-4.829066460952163,854.5999999999999,6003.13,0.0,117,41,
2026-09-13T13:08:40+00:00,56.39209605753422,-4.829093869775534,855.5999999999999,6003.13,0.0,117,0,
2026-09-13T13:08:45+00:00,56.39208532869816,-4.829112645238638,856.5999999999999,6003.13,0.0,119,0,
2026-09-13T13:08:54+00:00,56.392077365890145,-4.829130247235298,857.5999999999999,6003.13,0.0,120,0,
2026-09-13T13:08:58+00:00,56.392077282071114,-4.829131672158837,858.4000000000001,6003.13,0.0,123,0,
2026-09-13T13:09:01+00:00,56.39207703061402,-4.829132845625281,858.5999999999999,6003.13,0.0,123,0,
2026-09-13T13:09:08+00:00,56.392076443880796,-4.829136533662677,859.4000000000001,6003.13,0.0,126,0,
2026-09-13T13:09:10+00:00,56.39207627624273,-4.829137371852994,860.0,6003.13,0.0,127,0,
2026-09-13T13:09:20+00:00,56.39207476750016,-4.829141981899738,861.0,6003.13,0.0,127,0,
2026-09-13T13:09:28+00:00,56.392073426395655,-4.829145586118102,862.0,6003.13,0.0,126,0,
2026-09-13T13:09:35+00:00,56.392072001472116,-4.8291486874222755,863.2,6003.13,0.0,128,0,
2026-09-13T13:09:43+00:00,56.392070073634386,-4.829152626916766,864.2,6003.13,0.0,125,0,
2026-09-13T13:09:46+00:00,56.39206923544407,-4.829154135659337,864.5999999999999,6003.13,0.0,122,0,
2026-09-13T13:09:51+00:00,56.392068061977625,-4.829157069325447,865.2,6003.13,0.0,123,0,
2026-09-13T13:09:54+00:00,56.392067139968276,-4.829158494248986,866.0,6003.13,0.0,126,0,
2026-09-13T13:10:00+00:00,56.39206546358764,-4.829161763191223,866.4000000000001,6003.13,0.0,127,0,
2026-09-13T13:10:12+00:00,56.392061188817024,-4.82916796579957,867.4000000000001,6003.13,0.0,129,0,
2026-09-13T13:10:17+00:00,56.392059260979295,-4.829170983284712,868.4000000000001,6003.13,0.0,130,0,
2026-09-13T13:10:24+00:00,56.39205674640834,-4.829175090417266,869.5999999999999,6003.13,0.0,128,0,
2026-09-13T13:10:31+00:00,56.392053896561265,-4.829180119559169,870.5999999999999,6003.13,0.0,127,0,
2026-09-13T13:10:37+00:00,56.39205171726644,-4.829183975234628,871.2,6003.13,0.0,130,0,
2026-09-13T13:10:40+00:00,56.39205062761903,-4.829186070710421,871.4000000000001,6003.13,0.0,133,0,
2026-09-13T13:10:42+00:00,56.392050040885806,-4.829187244176865,871.5999999999999,6003.13,0.0,131,0,
2026-09-13T13:10:46+00:00,56.39204886741936,-4.829190010204911,872.0,6003.13,0.0,128,0,
2026-09-13T13:10:58+00:00,56.392044592648745,-4.829198978841305,872.8,6003.13,0.0,128,0,
2026-09-13T13:11:05+00:00,56.39204249717295,-4.829204678535461,873.5999999999999,6003.13,0.0,125,0,
2026-09-13T13:11:06+00:00,56.392042161896825,-4.829205432906747,873.8,6003.13,0.0,125,0,
2026-09-13T13:11:11+00:00,56.39204056933522,-4.829209456220269,874.4000000000001,6003.13,0.0,122,0,
2026-09-13T13:11:13+00:00,56.39203989878297,-4.829211048781872,874.8,6003.13,0.0,121,0,
2026-09-13T13:11:22+00:00,56.39203662984073,-4.829218843951821,875.8,6003.13,0.0,120,0,
2026-09-13T13:11:28+00:00,56.392034282907844,-4.829223873093724,876.8,6003.13,0.0,123,0,
2026-09-13T13:11:30+00:00,56.39203352853656,-4.829225800931454,876.8,6003.13,0.0,124,0,
2026-09-13T13:11:38+00:00,56.392030427232385,-4.829233596101403,878.0,6003.13,0.0,124,0,
2026-09-13T13:11:48+00:00,56.39202632009983,-4.829243570566177,879.0,6003.13,0.0,124,0,
2026-09-13T13:12:00+00:00,56.392021626234055,-4.829255556687713,880.0,6003.13,0.0,124,61,
2026-09-13T13:12:07+00:00,56.39201852492988,-4.829262513667345,881.2,6003.13,0.0,125,0,
2026-09-13T13:12:14+00:00,56.3920156750828,-4.829270057380199,882.4000000000001,6003.13,0.0,126,0,
2026-09-13T13:12:20+00:00,56.39201324433088,-4.829276259988546,883.5999999999999,6003.13,0.0,125,0,
2026-09-13T13:12:26+00:00,56.3920106459409,-4.829283049330115,883.8,6003.13,0.0,128,0,
2026-09-13T13:12:37+00:00,56.39200578443706,-4.829296125099063,884.5999999999999,6003.13,0.0,130,0,
2026-09-13T13:12:40+00:00,56.39200444333255,-4.829299729317427,885.0,6003.13,0.0,133,0,
2026-09-13T13:12:43+00:00,56.392003018409014,-4.829303417354822,885.5999999999999,6003.13,0.0,133,0,
2026-09-13T13:12:48+00:00,56.39200050383806,-4.829310039058328,886.2,6003.13,0.0,130,0,
2026-09-13T13:12:51+00:00,56.39199907891452,-4.829313894733787,886.8,6003.13,0.0,129,42,
2026-09-13T13:12:55+00:00,56.39199706725776,-4.829319259151816,887.2,6003.13,0.0,132,0,
2026-09-13T13:13:00+00:00,56.39199438504875,-4.829326048493385,887.8,6003.13,0.0,130,78,
2026-09-13T13:13:05+00:00,56.39183999039233,-4.829660234972835,888.4000000000001,6019.3,1.008,128,78,
2026-09-13T13:13:08+00:00,56.39168098568916,-4.829986458644271,888.5999999999999,6036.75,1.269,128,0,
2026-09-13T13:13:11+00:00,56.39152994379401,-4.830318801105022,888.8,6058.91,1.241,129,0,
2026-09-13T13:13:12+00:00,56.3914804905653,-4.830426508560777,888.8,6061.35,0.812,129,0,
2026-09-13T13:13:14+00:00,56.39147462323308,-4.83042424544692,888.8,6062.02,0.579,130,76,
2026-09-13T13:13:17+00:00,56.391445538029075,-4.830426424741745,888.8,6065.3,1.138,131,76,
2026-09-13T13:13:21+00:00,56.39142039231956,-4.830452324822545,889.0,6068.5,1.26,131,76,
2026-09-13T13:13:25+00:00,56.39139608480036,-4.830470681190491,889.2,6071.44,1.138,128,76,
2026-09-13T13:13:31+00:00,56.39135342091322,-4.830499263480306,889.8,6076.51,1.036,130,0,
2026-09-13T13:13:35+00:00,56.3913234975189,-4.830518290400505,890.5999999999999,6080.07,0.97,131,53,
2026-09-13T13:13:38+00:00,56.391309751197696,-4.830539328977466,890.8,6082.06,0.952,130,44,
2026-09-13T13:13:44+00:00,56.391284270212054,-4.830597918480635,891.5999999999999,6086.77,0.896,131,43,
2026-09-13T13:13:45+00:00,56.39128292910755,-4.830609066411853,891.8,6087.47,0.896,131,43,
2026-09-13T13:13:46+00:00,56.39128158800304,-4.830616693943739,892.0,6087.97,0.868,130,43,
2026-09-13T13:13:49+00:00,56.391279408708215,-4.830622477456927,892.4000000000001,6088.37,0.812,127,0,
2026-09-13T13:13:50+00:00,56.39127966016531,-4.830622812733054,892.4000000000001,6088.37,0.765,126,0,
2026-09-13T13:13:54+00:00,56.391279911622405,-4.830626165494323,892.5999999999999,6088.49,0.569,123,0,
2026-09-13T13:14:02+00:00,56.391279911622405,-4.830627590417862,892.8,6088.58,0.0,120,0,
2026-09-13T13:14:04+00:00,56.391279911622405,-4.830627590417862,893.0,6088.58,0.0,120,0,
2026-09-13T13:14:10+00:00,56.39124604873359,-4.830696238204837,894.2,6094.27,0.0,120,0,
2026-09-13T13:14:21+00:00,56.39116935431957,-4.830871084704995,895.2,6108.11,0.634,121,45,
2026-09-13T13:14:22+00:00,56.39116859994829,-4.830884747207165,895.5999999999999,6108.96,0.7,121,45,
2026-09-13T13:14:26+00:00,56.39116331934929,-4.830922381952405,896.2,6111.41,0.793,121,0,
2026-09-13T13:14:30+00:00,56.39115116558969,-4.830955239012837,897.2,6113.83,0.756,121,0,
2026-09-13T13:14:32+00:00,56.39114638790488,-4.8309731762856245,897.4000000000001,6115.07,0.728,122,0,
2026-09-13T13:14:41+00:00,56.39112090691924,-4.831046015024185,898.2,6120.42,0.69,122,0,
2026-09-13T13:14:45+00:00,56.391095677390695,-4.831055738031864,898.4000000000001,6123.27,0.709,123,0,
2026-09-13T13:14:49+00:00,56.391071286052465,-4.831074597314,898.8,6126.23,0.718,123,0,
2026-09-13T13:14:57+00:00,56.391041446477175,-4.831141317263246,899.4000000000001,6131.56,0.737,123,0,
2026-09-13T13:15:00+00:00,56.39102510176599,-4.831164535135031,900.0,6133.87,0.728,124,0,
2026-09-13T13:15:06+00:00,56.39100121334195,-4.831206779927015,900.5999999999999,6137.62,0.737,124,45,
2026-09-13T13:15:10+00:00,56.39098503626883,-4.831243911758065,901.4000000000001,6140.55,0.737,126,0,
2026-09-13T13:15:11+00:00,56.39098268933594,-4.831246007233858,901.5999999999999,6140.83,0.746,127,0,
2026-09-13T13:15:19+00:00,56.390955951064825,-4.831324210390449,902.5999999999999,6146.83,0.746,128,0,
2026-09-13T13:15:25+00:00,56.390943797305226,-4.83138925395906,903.8,6151.16,0.746,127,40,
2026-09-13T13:15:28+00:00,56.39092837460339,-4.831404760479927,904.2,6153.17,0.746,128,0,
2026-09-13T13:15:31+00:00,56.39092292636633,-4.83142982237041,905.0,6154.84,0.737,130,0,
2026-09-13T13:15:35+00:00,56.390903647989035,-4.831444909796119,905.8,6157.17,0.718,130,0,
2026-09-13T13:15:37+00:00,56.390895852819085,-4.831463098526001,906.0,6158.61,0.718,129,0,
2026-09-13T13:15:43+00:00,56.390856290236115,-4.831535769626498,906.5999999999999,6164.9,0.746,126,0,
2026-09-13T13:15:44+00:00,56.390848495066166,-4.831548174843192,906.8,6166.06,0.746,123,0,
2026-09-13T13:15:45+00:00,56.39084044843912,-4.83155881986022,906.8,6167.17,0.756,123,46,
2026-09-13T13:15:47+00:00,56.390826953575015,-4.831583295017481,907.0,6169.3,0.784,122,46,
2026-09-13T13:15:51+00:00,56.390814715996385,-4.831652110442519,907.0,6173.77,0.858,121,50,
2026-09-13T13:15:59+00:00,56.39080901630223,-4.831792423501611,907.4000000000001,6182.54,0.97,120,53,
2026-09-13T13:16:03+00:00,56.390794180333614,-4.831852773204446,908.2,6186.72,0.97,119,0,
2026-09-13T13:16:06+00:00,56.390781020745635,-4.831896862015128,908.8,6189.82,0.97,119,51,
2026-09-13T13:16:08+00:00,56.390776662155986,-4.831924689933658,909.2,6191.62,0.97,118,0,
2026-09-13T13:16:12+00:00,56.39077984727919,-4.831988895311952,909.8,6195.59,0.97,118,48,
2026-09-13T13:16:16+00:00,56.39079007320106,-4.832043293863535,910.0,6199.13,0.97,119,0,
2026-09-13T13:16:17+00:00,56.39079208485782,-4.832059722393751,910.2,6200.15,0.97,121,0,
2026-09-13T13:16:24+00:00,56.390797113999724,-4.832157203927636,911.2,6206.32,0.942,118,0,
2026-09-13T13:16:25+00:00,56.39079292304814,-4.832164915278554,911.4000000000001,6206.97,0.942,122,0,
2026-09-13T13:16:26+00:00,56.390785882249475,-4.832177571952343,911.4000000000001,6208.08,0.933,122,0,
2026-09-13T13:16:29+00:00,56.39077674597502,-4.832224091514945,911.4000000000001,6211.12,0.933,122,0,
2026-09-13T13:16:32+00:00,56.39075973071158,-4.832254266366363,911.2,6213.96,0.933,121,0,
2026-09-13T13:16:33+00:00,56.390749756246805,-4.832254936918616,911.2,6215.08,0.933,121,0,
2026-09-13T13:16:35+00:00,56.39073433354497,-4.8322799149900675,911.2,6217.42,0.933,121,55,
2026-09-13T13:16:38+00:00,56.39073492027819,-4.832339761778712,911.2,6221.2,0.952,121,55,
2026-09-13T13:16:40+00:00,56.390732657164335,-4.8323717806488276,911.2,6223.23,0.961,121,55,
2026-09-13T13:16:44+00:00,56.39071228913963,-4.832428358495235,911.4000000000001,6227.41,0.989,120,56,
2026-09-13T13:16:55+00:00,56.39065260998905,-4.832612508907914,911.8,6240.78,1.073,119,55,
2026-09-13T13:17:01+00:00,56.39063458889723,-4.832709319889545,912.2,6247.05,1.101,117,0,
2026-09-13T13:17:02+00:00,56.39062939211726,-4.832725413143635,912.4000000000001,6248.19,1.101,117,0,
2026-09-13T13:17:03+00:00,56.39062478207052,-4.8327381536364555,912.4000000000001,6249.13,1.101,117,0,
2026-09-13T13:17:12+00:00,56.39058127999306,-4.832894140854478,912.8,6259.95,1.101,114,53,
2026-09-13T13:17:13+00:00,56.39057666994631,-4.8329157661646605,913.0,6261.38,1.11,114,54,
2026-09-13T13:17:18+00:00,56.390550937503576,-4.833012409508228,913.4000000000001,6267.99,1.12,113,54,
2026-09-13T13:17:22+00:00,56.39053995721042,-4.833093378692865,913.5999999999999,6273.1,1.138,113,56,
2026-09-13T13:17:31+00:00,56.39053367078304,-4.8332582507282495,914.4000000000001,6283.29,1.166,113,56,
2026-09-13T13:17:35+00:00,56.39053660444915,-4.833333101123571,914.8,6287.94,1.157,112,52,
2026-09-13T13:17:46+00:00,56.39051305130124,-4.8335442412644625,915.4000000000001,6301.25,1.157,113,55,
2026-09-13T13:17:47+00:00,56.390512296929955,-4.833560669794679,915.5999999999999,6302.25,1.157,113,0,
2026-09-13T13:17:49+00:00,56.39051305130124,-4.833593359217048,915.5999999999999,6304.26,1.166,114,0,
2026-09-13T13:17:51+00:00,56.390509279444814,-4.83362328261137,915.5999999999999,6306.14,1.166,114,53,
2026-09-13T13:17:53+00:00,56.390503495931625,-4.833653876557946,915.8,6308.1,1.157,114,53,
2026-09-13T13:17:58+00:00,56.39048706740141,-4.8337174113839865,916.5999999999999,6312.43,1.129,114,52,
2026-09-13T13:18:02+00:00,56.39046376571059,-4.833798464387655,917.0,6318.1,1.12,114,51,
2026-09-13T13:18:08+00:00,56.390447756275535,-4.833914553746581,917.5999999999999,6325.51,1.12,116,0,
2026-09-13T13:18:13+00:00,56.39043292030692,-4.834011113271117,917.8,6331.73,1.138,116,54,
2026-09-13T13:18:20+00:00,56.390417413786054,-4.834142876788974,918.5999999999999,6340.25,1.148,119,52,
2026-09-13T13:18:22+00:00,56.39040534384549,-4.834176572039723,918.8,6342.73,1.157,116,55,
2026-09-13T13:18:25+00:00,56.39039562083781,-4.834229210391641,918.4000000000001,6346.25,1.166,119,55,
2026-09-13T13:18:26+00:00,56.39039461500943,-4.834251590073109,918.4000000000001,6347.64,1.166,115,55,
2026-09-13T13:18:30+00:00,56.390397381037474,-4.8343240935355425,918.4000000000001,6352.12,1.176,112,55,
2026-09-13T13:18:31+00:00,56.390396039932966,-4.834342198446393,918.4000000000001,6353.25,1.176,115,55,
2026-09-13T13:18:37+00:00,56.39039319008589,-4.8344463016837835,919.2,6359.66,1.166,111,52,
2026-09-13T13:18:40+00:00,56.390391513705254,-4.834508243948221,919.8,6363.48,1.157,111,53,
2026-09-13T13:18:42+00:00,56.390389166772366,-4.834551913663745,920.0,6366.2,1.157,112,0,
2026-09-13T13:18:49+00:00,56.39037265442312,-4.834682755172253,920.2,6374.54,1.166,109,56,
2026-09-13T13:18:51+00:00,56.3903702236712,-4.834721144288778,920.5999999999999,6376.92,1.166,111,55,
2026-09-13T13:18:53+00:00,56.39036586508155,-4.8347581923007965,921.0,6379.26,1.166,112,55,
2026-09-13T13:19:01+00:00,56.390349604189396,-4.834916107356548,921.5999999999999,6389.21,1.176,109,55,
2026-09-13T13:19:03+00:00,56.39033862389624,-4.834952233359218,921.5999999999999,6391.75,1.185,112,55,
2026-09-13T13:19:06+00:00,56.390325548127294,-4.835011409595609,921.5999999999999,6395.7,1.194,111,55,
2026-09-13T13:19:12+00:00,56.390312472358346,-4.83511995524168,921.8,6402.54,1.204,114,56,
2026-09-13T13:19:16+00:00,56.390301156789064,-4.835196984931827,921.5999999999999,6407.49,1.204,113,0,
2026-09-13T13:19:21+00:00,56.390286488458514,-4.835265297442675,922.0,6412.03,1.185,114,50,
2026-09-13T13:19:27+00:00,56.39028045348823,-4.835341824218631,922.5999999999999,6416.91,1.138,115,47,
2026-09-13T13:19:31+00:00,56.390273831784725,-4.835405023768544,923.2,6420.91,1.073,114,48,
2026-09-13T13:19:35+00:00,56.39026033692062,-4.835481382906437,923.8,6425.83,1.054,115,0,
2026-09-13T13:19:40+00:00,56.390254218131304,-4.835577355697751,924.4000000000001,6431.8,1.064,116,0,
2026-09-13T13:19:43+00:00,56.39024826698005,-4.835619432851672,924.8,6434.48,1.073,116,52,
2026-09-13T13:19:47+00:00,56.390244495123625,-4.835665030404925,925.8,6437.34,1.073,117,0,
2026-09-13T13:19:49+00:00,56.39023602940142,-4.835679614916444,926.2,6438.63,1.045,117,0,
2026-09-13T13:19:50+00:00,56.39023493975401,-4.835687410086393,926.2,6439.11,1.045,117,0,
2026-09-13T13:19:54+00:00,56.39023510739207,-4.835693445056677,926.4000000000001,6439.46,0.933,118,0,
2026-09-13T13:19:56+00:00,56.3902320060879,-4.835691768676043,926.5999999999999,6439.54,0.84,119,0,
2026-09-13T13:20:02+00:00,56.3902320060879,-4.835690427571535,925.5999999999999,6439.6,0.0,122,0,
2026-09-13T13:20:05+00:00,56.3902320060879,-4.835690427571535,925.5999999999999,6439.6,0.0,121,0,
2026-09-13T13:20:12+00:00,56.3902320060879,-4.835691517218947,926.2,6439.66,0.0,117,0,
2026-09-13T13:20:15+00:00,56.39023158699274,-4.83569260686636,926.2,6439.74,0.0,114,0,
2026-09-13T13:20:21+00:00,56.39022965915501,-4.835695875808597,926.8,6440.01,0.0,112,0,
2026-09-13T13:20:31+00:00,56.3902251329273,-4.835791429504752,926.8,6445.98,0.485,110,55,
2026-09-13T13:20:35+00:00,56.390227898955345,-4.83587927184999,926.2,6451.36,1.073,107,55,
2026-09-13T13:20:36+00:00,56.39023108407855,-4.8358997236937284,925.8,6452.65,1.073,106,58,
2026-09-13T13:20:38+00:00,56.39024097472429,-4.835920762270689,925.0,6454.35,1.073,103,58,
2026-09-13T13:20:39+00:00,56.39024927280843,-4.835932496935129,924.5999999999999,6455.52,1.073,103,58,
2026-09-13T13:20:40+00:00,56.3902579061687,-4.835947919636965,924.5999999999999,6456.87,1.064,102,58,
2026-09-13T13:20:45+00:00,56.390286572277546,-4.836028469726443,924.5999999999999,6462.68,1.129,99,54,
2026-09-13T13:20:47+00:00,56.39028791338205,-4.836055878549814,924.5999999999999,6464.36,1.129,100,54,
2026-09-13T13:20:49+00:00,56.39028321951628,-4.836087645962834,924.5999999999999,6466.37,1.12,98,54,
2026-09-13T13:20:52+00:00,56.390257151797414,-4.836123352870345,924.5999999999999,6469.99,1.11,97,56,
2026-09-13T13:20:54+00:00,56.39025832526386,-4.83614606782794,924.5999999999999,6471.42,1.11,97,55,
2026-09-13T13:20:55+00:00,56.390257151797414,-4.836154114454985,924.8,6471.93,1.11,94,55,
2026-09-13T13:20:56+00:00,56.39025840908289,-4.836164675652981,924.8,6472.51,1.101,98,55,
2026-09-13T13:20:58+00:00,56.390267042443156,-4.83617196790874,925.0,6473.58,1.054,97,55,
2026-09-13T13:21:01+00:00,56.390269389376044,-4.836173057556152,925.2,6473.84,0.998,98,0,
2026-09-13T13:21:05+00:00,56.390265533700585,-4.836177080869675,925.4000000000001,6474.22,0.793,98,0,
2026-09-13T13:21:18+00:00,56.39026385731995,-4.83617783524096,925.4000000000001,6474.54,0.0,97,41,
2026-09-13T13:21:35+00:00,56.39026469551027,-4.836173728108406,925.8,6474.59,0.0,98,0,
2026-09-13T13:21:58+00:00,56.390265952795744,-4.836168698966503,925.8,6474.6,0.0,95,0,
2026-09-13T13:22:13+00:00,56.39027274213731,-4.836163083091378,924.8,6474.6,0.0,98,0,
2026-09-13T13:22:14+00:00,56.39027341268957,-4.836162831634283,924.5999999999999,6474.6,0.0,98,0,
2026-09-13T13:22:21+00:00,56.39027810655534,-4.836160568520427,925.4000000000001,6474.6,0.0,101,0,
2026-09-13T13:22:35+00:00,56.390288919210434,-4.836160819977522,925.2,6474.6,0.0,97,48,
2026-09-13T13:22:58+00:00,56.39028774574399,-4.836165262386203,924.5999999999999,6474.88,0.0,94,0,
2026-09-13T13:23:05+00:00,56.39028791338205,-4.836163837462664,924.5999999999999,6474.88,0.0,91,0,
2026-09-13T13:23:17+00:00,56.390288919210434,-4.836151096969843,924.2,6474.88,0.0,94,0,
2026-09-13T13:23:53+00:00,56.39028045348823,-4.836168698966503,924.4000000000001,6476.31,0.0,90,0,
2026-09-13T13:24:31+00:00,56.390279196202755,-4.836158892139792,924.4000000000001,6476.4,0.0,94,0,
2026-09-13T13:24:40+00:00,56.39027902856469,-4.836158975958824,925.2,6476.43,0.0,91,0,
2026-09-13T13:24:55+00:00,56.39027886092663,-4.836158892139792,925.2,6476.47,0.0,88,0,
2026-09-13T13:25:00+00:00,56.39027886092663,-4.836159059777856,925.4000000000001,6476.48,0.0,85,0,
2026-09-13T13:25:14+00:00,56.39027902856469,-4.836158808320761,925.5999999999999,6476.5,0.0,85,0,
2026-09-13T13:25:22+00:00,56.39027886092663,-4.836159059777856,926.4000000000001,6476.52,0.0,82,0,
2026-09-13T13:25:44+00:00,56.39027860946953,-4.836159059777856,926.4000000000001,6476.57,0.0,85,0,
2026-09-13T13:26:10+00:00,56.39027835801244,-4.836158892139792,926.4000000000001,6476.61,0.0,82,0,
2026-09-13T13:26:26+00:00,56.390277771279216,-4.8361594788730145,925.5999999999999,6476.71,0.0,79,0,
2026-09-13T13:26:49+00:00,56.39027760364115,-4.83615973033011,925.5999999999999,6476.78,0.0,76,0,
2026-09-13T13:27:01+00:00,56.39027701690793,-4.8361600656062365,925.5999999999999,6476.87,0.0,79,0,
2026-09-13T13:27:07+00:00,56.39027643017471,-4.8361602332443,925.5999999999999,6476.93,0.0,84,0,
2026-09-13T13:27:09+00:00,56.39027643017471,-4.836160149425268,925.5999999999999,6476.93,0.0,88,0,
2026-09-13T13:27:31+00:00,56.390275759622455,-4.836161322891712,925.5999999999999,6477.04,0.0,85,0,
2026-09-13T13:27:42+00:00,56.39027592726052,-4.836161658167839,925.5999999999999,6477.07,0.0,82,0,
2026-09-13T13:27:46+00:00,56.39027567580342,-4.836162077262998,925.5999999999999,6477.11,0.0,79,0,
2026-09-13T13:28:05+00:00,56.3902750890702,-4.836162244901061,925.5999999999999,6477.19,0.0,76,0,
2026-09-13T13:29:03+00:00,56.39027408324182,-4.836162328720093,925.5999999999999,6477.37,0.0,73,0,
2026-09-13T13:29:36+00:00,56.39027391560376,-4.836162580177188,925.5999999999999,6477.42,0.0,76,0,
2026-09-13T13:29:56+00:00,56.39027358032763,-4.836162328720093,925.5999999999999,6477.45,0.0,73,0,
2026-09-13T13:30:12+00:00,56.39027366414666,-4.8361624125391245,925.5999999999999,6477.46,0.0,76,0,
2026-09-13T13:30:15+00:00,56.39027358032763,-4.836162496358156,925.5999999999999,6477.47,0.0,79,0,
2026-09-13T13:30:18+00:00,56.3902734965086,-4.8361624125391245,925.5999999999999,6477.48,0.0,82,0,
2026-09-13T13:30:33+00:00,56.39027358032763,-4.836162580177188,925.5999999999999,6477.49,0.0,78,0,
2026-09-13T13:30:39+00:00,56.39027358032763,-4.83616266399622,925.5999999999999,6477.51,0.0,81,0,
2026-09-13T13:30:59+00:00,56.3902734965086,-4.8361629992723465,925.5999999999999,6477.53,0.0,84,0,
2026-09-13T13:31:19+00:00,56.3902732450515,-4.836163334548473,925.5999999999999,6477.58,0.0,81,0,
2026-09-13T13:32:18+00:00,56.39027341268957,-4.836163753643632,925.5999999999999,6477.63,0.0,84,0,
2026-09-13T13:33:13+00:00,56.390273328870535,-4.836163921281695,925.5999999999999,6477.68,0.0,81,0,
2026-09-13T13:33:20+00:00,56.3902734965086,-4.836163837462664,925.5999999999999,6477.69,0.0,78,0,
2026-09-13T13:33:27+00:00,56.3902732450515,-4.836163921281695,925.5999999999999,6477.71,0.0,81,0,
2026-09-13T13:33:43+00:00,56.39027299359441,-4.8361641727387905,925.5999999999999,6477.74,0.0,84,0,
2026-09-13T13:33:50+00:00,56.390272825956345,-4.836164340376854,925.5999999999999,6477.76,0.0,87,0,
2026-09-13T13:34:12+00:00,56.39028045348823,-4.836076833307743,925.5999999999999,6483.14,0.0,89,0,
2026-09-13T13:34:20+00:00,56.39029889367521,-4.835905423387885,925.5999999999999,6494.1,0.0,89,0,
2026-09-13T13:34:29+00:00,56.39029989950359,-4.835729235783219,925.5999999999999,6505.11,0.7,88,56,
2026-09-13T13:34:38+00:00,56.39029964804649,-4.8355660401284695,925.5999999999999,6515.16,1.008,86,57,
2026-09-13T13:34:40+00:00,56.39030576683581,-4.8355277348309755,925.5999999999999,6517.61,1.045,86,58,
2026-09-13T13:34:47+00:00,56.3903165794909,-4.835385829210281,924.5999999999999,6526.51,1.138,85,61,
2026-09-13T13:34:49+00:00,56.39031951315701,-4.835342830047011,924.4000000000001,6529.17,1.148,85,64,
2026-09-13T13:34:52+00:00,56.39032286591828,-4.83528021723032,923.4000000000001,6533.03,1.185,86,63,
2026-09-13T13:35:02+00:00,56.3903443235904,-4.835083410143852,922.4000000000001,6545.43,1.241,86,63,
2026-09-13T13:35:03+00:00,56.39034625142813,-4.835066646337509,922.4000000000001,6546.49,1.241,86,63,
2026-09-13T13:35:12+00:00,56.39036888256669,-4.83488149009645,923.4000000000001,6558.2,1.241,88,57,
2026-09-13T13:35:16+00:00,56.3903734087944,-4.834799515083432,923.2,6563.28,1.25,88,57,
2026-09-13T13:35:24+00:00,56.39039629139006,-4.834652915596962,922.2,6572.79,1.26,89,56,
2026-09-13T13:35:25+00:00,56.390398889780045,-4.8346383310854435,922.2,6573.74,1.26,89,56,
2026-09-13T13:35:31+00:00,56.39041339047253,-4.834515955299139,921.4000000000001,6581.5,1.241,86,0,
2026-09-13T13:35:36+00:00,56.3904286455363,-4.834407074376941,922.0,6588.5,1.241,85,58,
2026-09-13T13:35:41+00:00,56.39043685980141,-4.834286794066429,921.2,6596.0,1.269,85,60,
2026-09-13T13:35:47+00:00,56.390450187027454,-4.834141116589308,920.2,6605.22,1.306,83,62,
2026-09-13T13:35:48+00:00,56.39045010320842,-4.834123933687806,920.2,6606.26,1.316,83,62,
2026-09-13T13:35:56+00:00,56.39045496471226,-4.833979429677129,919.8,6615.23,1.306,82,55,
2026-09-13T13:36:00+00:00,56.3904563896358,-4.833901561796665,919.0,6620.04,1.288,83,60,
2026-09-13T13:36:06+00:00,56.39047876931727,-4.833784298971295,918.4000000000001,6627.74,1.278,82,66,
2026-09-13T13:36:08+00:00,56.39049042016268,-4.8337501008063555,917.8,6630.22,1.297,82,66,
2026-09-13T13:36:16+00:00,56.390524450689554,-4.833583971485496,917.2,6641.19,1.316,85,58,
2026-09-13T13:36:17+00:00,56.39052579179406,-4.833559580147266,917.4000000000001,6642.7,1.316,86,58,
2026-09-13T13:36:24+00:00,56.390540627762675,-4.833392780274153,916.4000000000001,6653.17,1.372,87,59,
2026-09-13T13:36:29+00:00,56.390549428761005,-4.8332903534173965,916.0,6659.57,1.4,86,58,
2026-09-13T13:36:36+00:00,56.39057599939406,-4.833154734224081,915.8,6668.51,1.39,89,59,
2026-09-13T13:36:38+00:00,56.39057951979339,-4.833111232146621,915.5999999999999,6671.21,1.381,90,0,
2026-09-13T13:36:45+00:00,56.390599803999066,-4.83296999707818,916.2,6680.27,1.353,94,0,
2026-09-13T13:36:48+00:00,56.39061355032027,-4.832915430888534,915.8,6683.96,1.353,97,59,
2026-09-13T13:36:50+00:00,56.39062251895666,-4.8328798078000546,915.5999999999999,6686.38,1.344,96,58,
2026-09-13T13:36:51+00:00,56.390628051012754,-4.83286052942276,915.4000000000001,6687.7,1.344,96,58,
2026-09-13T13:36:58+00:00,56.390662835910916,-4.832740668207407,914.4000000000001,6696.02,1.316,97,60,
2026-09-13T13:37:05+00:00,56.390710109844804,-4.832603456452489,913.4000000000001,6706.23,1.297,96,57,
2026-09-13T13:37:08+00:00,56.39071438461542,-4.832538748160005,913.4000000000001,6710.27,1.297,93,0,
2026-09-13T13:37:09+00:00,56.39072100631893,-4.832517709583044,913.2,6711.76,1.297,92,0,
2026-09-13T13:37:12+00:00,56.39074028469622,-4.832456689327955,913.2,6716.1,1.316,89,59,
2026-09-13T13:37:14+00:00,56.3907552883029,-4.8324239160865545,913.2,6718.73,1.334,88,60,
2026-09-13T13:37:23+00:00,56.39080457389355,-4.832273796200752,913.2,6729.78,1.344,87,55,
2026-09-13T13:37:28+00:00,56.390822511166334,-4.8322198167443275,913.0,6733.77,1.288,83,0,
2026-09-13T13:37:30+00:00,56.39082686975598,-4.832189055159688,913.4000000000001,6735.74,1.26,85,0,
2026-09-13T13:37:37+00:00,56.39082326553762,-4.832066847011447,913.4000000000001,6743.27,1.176,85,0,
2026-09-13T13:37:41+00:00,56.39083055779338,-4.831997361034155,912.2,6747.76,1.148,87,0,
2026-09-13T13:37:43+00:00,56.3908364251256,-4.83195997774601,912.0,6750.17,1.148,87,0,
2026-09-13T13:37:46+00:00,56.39084287919104,-4.831913877278566,912.2,6753.1,1.148,90,0,
2026-09-13T13:37:53+00:00,56.39085310511291,-4.831790998578072,912.0,6760.77,1.138,90,0,
2026-09-13T13:37:56+00:00,56.390854781493545,-4.831753196194768,911.2,6763.16,1.129,92,0,
2026-09-13T13:37:58+00:00,56.39085645787418,-4.831729894503951,910.5999999999999,6764.61,1.12,92,0,
2026-09-13T13:38:00+00:00,56.390859726816416,-4.831709023565054,909.8,6765.94,1.11,91,19,
2026-09-13T13:38:08+00:00,56.390886548906565,-4.831572230905294,909.2,6774.94,0.774,89,0,
2026-09-13T13:38:11+00:00,56.39089593663812,-4.831511462107301,908.8,6778.84,0.989,91,59,
2026-09-13T13:38:16+00:00,56.39092158526182,-4.8314405512064695,908.5999999999999,6784.27,1.157,86,59,
2026-09-13T13:38:18+00:00,56.39093876816332,-4.831426469609141,908.8,6786.35,1.185,90,59,
2026-09-13T13:38:20+00:00,56.39094756916165,-4.831402078270912,908.8,6788.21,1.185,90,59,
2026-09-13T13:38:22+00:00,56.390955448150635,-4.831382967531681,908.5999999999999,6789.71,1.185,95,61,
2026-09-13T13:38:23+00:00,56.390962237492204,-4.83137559145689,908.0,6790.58,1.166,90,61,
2026-09-13T13:38:24+00:00,56.39096743427217,-4.831366874277592,907.8,6791.35,1.148,90,61,
2026-09-13T13:38:29+00:00,56.39097715727985,-4.831295628100634,906.5999999999999,6795.92,1.12,91,58,
2026-09-13T13:38:33+00:00,56.39099542982876,-4.831252712756395,905.4000000000001,6799.38,1.082,90,0,
2026-09-13T13:38:36+00:00,56.391011187806726,-4.8312346916645765,905.0,6801.44,1.064,85,57,
2026-09-13T13:38:37+00:00,56.3910158816725,-4.831225052475929,905.0,6802.23,1.054,89,57,
2026-09-13T13:38:40+00:00,56.39103742316365,-4.831199403852224,904.4000000000001,6805.07,1.026,90,57,
2026-09-13T13:38:43+00:00,56.391058042645454,-4.831176018342376,903.0,6807.78,1.017,89,0,
2026-09-13T13:38:44+00:00,56.3910644967109,-4.831166798248887,902.8,6808.69,1.017,89,0,
2026-09-13T13:38:47+00:00,56.39107547700405,-4.831144083291292,903.0,6810.57,0.998,88,0,
2026-09-13T13:38:52+00:00,56.39109877869487,-4.831092534586787,901.8,6814.71,0.97,88,0,
2026-09-13T13:38:56+00:00,56.391118727624416,-4.831052552908659,900.8,6818.04,0.942,88,0,
2026-09-13T13:39:04+00:00,56.391174886375666,-4.83098616823554,900.2,6825.61,0.933,86,55,
2026-09-13T13:39:10+00:00,56.39120045118034,-4.830940654501319,899.5999999999999,6829.66,0.924,86,0,
2026-09-13T13:39:12+00:00,56.39120539650321,-4.830920035019517,898.5999999999999,6831.03,0.905,85,0,
2026-09-13T13:39:19+00:00,56.39121847227216,-4.830832779407501,897.4000000000001,6836.63,0.0,85,0,
2026-09-13T13:39:23+00:00,56.39124009758234,-4.830783242359757,896.4000000000001,6840.56,0.0,83,0,
2026-09-13T13:39:29+00:00,56.3912835996598,-4.83071643859148,895.4000000000001,6846.93,0.0,84,0,
2026-09-13T13:39:33+00:00,56.39128393493593,-4.830677043646574,894.5999999999999,6849.33,0.0,85,0,
2026-09-13T13:39:40+00:00,56.3913129363209,-4.830623399466276,894.8,6853.97,0.0,87,0,
2026-09-13T13:39:42+00:00,56.391323413699865,-4.830607306212187,894.0,6855.49,0.0,88,0,
2026-09-13T13:39:47+00:00,56.391340428963304,-4.830557098612189,893.0,6859.14,0.0,88,0,
2026-09-13T13:39:49+00:00,56.39135300181806,-4.830539915710688,892.5999999999999,6860.89,0.0,88,0,
2026-09-13T13:39:53+00:00,56.39138468541205,-4.830511836335063,891.4000000000001,6864.82,0.0,89,0,
2026-09-13T13:39:55+00:00,56.391403041779995,-4.830502113327384,890.2,6866.94,0.0,88,63,
2026-09-13T13:40:02+00:00,56.39146288856864,-4.830443523824215,889.4000000000001,6874.57,0.271,90,59,
2026-09-13T13:40:12+00:00,56.391538325697184,-4.830411588773131,889.0,6883.33,0.98,90,63,
2026-09-13T13:40:16+00:00,56.39156799763441,-4.830390801653266,888.0,6886.9,0.998,91,63,
2026-09-13T13:40:21+00:00,56.391600016504526,-4.830350484699011,886.5999999999999,6891.25,0.998,90,63,
2026-09-13T13:40:25+00:00,56.39162650331855,-4.830330284312367,886.2,6894.46,0.998,94,0,
2026-09-13T13:40:26+00:00,56.39163094572723,-4.830325087532401,886.2,6895.05,0.998,89,0,
2026-09-13T13:40:31+00:00,56.39165642671287,-4.830289464443922,885.4000000000001,6898.76,0.98,88,59,
2026-09-13T13:40:36+00:00,56.39165726490319,-4.830223750323057,884.8,6902.82,0.97,88,62,
2026-09-13T13:40:39+00:00,56.39165852218866,-4.830195168033242,884.2,6904.65,0.97,88,60,
2026-09-13T13:40:42+00:00,56.39166455715895,-4.83016574755311,883.5999999999999,6906.57,0.942,88,60,
2026-09-13T13:40:44+00:00,56.39167201705277,-4.830158790573478,883.4000000000001,6907.52,0.933,87,60,
2026-09-13T13:40:45+00:00,56.39167830348015,-4.830157533288002,883.2,6908.21,0.924,87,60,
2026-09-13T13:40:47+00:00,56.39169364236295,-4.830151665955782,883.0,6909.94,0.905,89,60,
2026-09-13T13:40:48+00:00,56.39169900678098,-4.830150157213211,882.0,6910.54,0.905,87,0,
2026-09-13T13:40:52+00:00,56.39171736314893,-4.830130040645599,881.0,6913.12,0.868,87,0,
2026-09-13T13:40:54+00:00,56.39171903952956,-4.830114869400859,880.8,6914.08,0.858,86,59,
2026-09-13T13:40:58+00:00,56.39171535149217,-4.830074720084667,879.8,6916.66,0.849,86,61,
2026-09-13T13:41:04+00:00,56.3917067181319,-4.830022417008877,878.5999999999999,6920.02,0.821,88,0,
2026-09-13T13:41:05+00:00,56.39170956797898,-4.8300142865628,878.8,6920.61,0.812,88,0,
2026-09-13T13:41:11+00:00,56.39173706062138,-4.82998251914978,877.8,6924.29,0.765,85,0,
2026-09-13T13:41:12+00:00,56.391745023429394,-4.82997564598918,877.4000000000001,6925.28,0.765,85,0,
2026-09-13T13:41:14+00:00,56.391760278493166,-4.829967096447945,877.0,6927.05,0.756,83,0,
2026-09-13T13:41:20+00:00,56.39176840893924,-4.82990431599319,876.2,6931.27,0.756,84,0,
2026-09-13T13:41:22+00:00,56.39176245778799,-4.829889899119735,875.8,6932.36,0.756,83,0,
2026-09-13T13:41:25+00:00,56.39175399206579,-4.829870369285345,875.0,6933.92,0.746,85,0,
2026-09-13T13:41:31+00:00,56.39175952412188,-4.82983885332942,874.4000000000001,6936.34,0.709,84,0,
2026-09-13T13:41:36+00:00,56.39178341254592,-4.829834494739771,874.0,6939.12,0.672,82,0,
2026-09-13T13:41:39+00:00,56.39178701676428,-4.829828543588519,873.4000000000001,6939.66,0.653,82,0,
2026-09-13T13:41:47+00:00,56.391797913238406,-4.829785795882344,873.0,6942.96,0.588,80,0,
2026-09-13T13:41:48+00:00,56.39180285856128,-4.829783029854298,872.8,6943.53,0.579,81,0,
2026-09-13T13:41:52+00:00,56.391813503578305,-4.829781437292695,871.8,6944.77,0.56,81,0,
2026-09-13T13:41:55+00:00,56.391814509406686,-4.82978168874979,871.5999999999999,6944.84,0.532,81,0,
2026-09-13T13:41:56+00:00,56.391814509406686,-4.82978168874979,871.5999999999999,6944.84,0.523,84,0,
2026-09-13T13:41:57+00:00,56.391814509406686,-4.82978168874979,871.5999999999999,6944.84,0.513,81,0,
2026-09-13T13:42:01+00:00,56.391814509406686,-4.82978168874979,870.5999999999999,6944.84,0.0,81,0,
2026-09-13T13:42:06+00:00,56.391814509406686,-4.82978168874979,869.5999999999999,6944.84,0.0,79,0,
2026-09-13T13:42:14+00:00,56.391813503578305,-4.829747993499041,869.2,6946.24,0.0,82,48,
2026-09-13T13:42:21+00:00,56.39181953854859,-4.829693008214235,868.2,6949.02,0.0,83,0,
2026-09-13T13:42:24+00:00,56.39182012528181,-4.829683285206556,867.2,6949.47,0.0,84,0,
2026-09-13T13:42:28+00:00,56.391828591004014,-4.829662833362818,866.2,6951.01,0.0,86,0,
2026-09-13T13:42:34+00:00,56.39183026738465,-4.829614888876677,864.8,6953.15,0.0,89,50,
2026-09-13T13:42:41+00:00,56.39183470979333,-4.829570213332772,863.8,6955.38,0.0,90,0,
2026-09-13T13:42:47+00:00,56.39183772727847,-4.829539032652974,862.5999999999999,6956.92,0.0,90,0,
2026-09-13T13:42:53+00:00,56.39185281470418,-4.829529644921422,862.0,6958.55,0.0,87,0,
2026-09-13T13:42:55+00:00,56.391863375902176,-4.829528219997883,861.4000000000001,6959.48,0.0,89,0,
2026-09-13T13:43:01+00:00,56.39188500121236,-4.829516569152474,860.4000000000001,6961.74,0.0,88,0,
2026-09-13T13:43:02+00:00,56.39188885688782,-4.829512964934111,860.2,6962.21,0.0,91,0,
2026-09-13T13:43:08+00:00,56.391903944313526,-4.829486813396215,859.2,6964.54,0.0,91,0,
2026-09-13T13:43:15+00:00,56.39192322269082,-4.829468289390206,858.2,6966.9,0.0,91,0,
2026-09-13T13:43:19+00:00,56.3919414114207,-4.829466277733445,857.0,6968.48,0.0,92,0,
2026-09-13T13:43:27+00:00,56.39197024516761,-4.829459320753813,855.8,6971.14,0.0,91,0,
2026-09-13T13:43:32+00:00,56.391992289572954,-4.8294490948319435,854.8,6973.38,0.0,91,0,
2026-09-13T13:43:36+00:00,56.39200670644641,-4.829433001577854,853.8,6975.24,0.0,91,0,
2026-09-13T13:43:44+00:00,56.39202715829015,-4.82939075678587,852.5999999999999,6978.68,0.0,87,0,
2026-09-13T13:43:47+00:00,56.392029421404004,-4.829364940524101,851.8,6979.94,0.0,90,46,
2026-09-13T13:43:49+00:00,56.39203118160367,-4.829347003251314,851.4000000000001,6980.83,0.0,89,46,
2026-09-13T13:43:54+00:00,56.39203512109816,-4.829296628013253,850.2,6983.25,0.0,91,0,
2026-09-13T13:44:00+00:00,56.39203947968781,-4.8292500246316195,849.0,6985.55,0.0,93,0,
2026-09-13T13:44:08+00:00,56.39205222018063,-4.829183304682374,848.0,6989.37,0.0,94,0,
2026-09-13T13:44:16+00:00,56.392067139968276,-4.829128487035632,846.8,6992.88,0.0,96,59,
2026-09-13T13:44:21+00:00,56.39211374334991,-4.829048439860344,845.5999999999999,6999.18,0.0,98,59,
2026-09-13T13:44:22+00:00,56.39212346635759,-4.829026646912098,845.2,7000.43,0.0,98,59,
2026-09-13T13:44:24+00:00,56.39213914051652,-4.82898423448205,844.5999999999999,7002.63,0.737,98,59,
2026-09-13T13:44:27+00:00,56.392168728634715,-4.828920112922788,844.4000000000001,7007.3,1.278,98,59,
2026-09-13T13:44:30+00:00,56.39217870309949,-4.828899074345827,844.2,7009.0,1.26,99,59,
2026-09-13T13:44:34+00:00,56.39219546690583,-4.828873509541154,843.4000000000001,7011.44,1.101,99,19,
2026-09-13T13:44:36+00:00,56.392204938456416,-4.828869234770536,842.8,7012.53,1.026,98,0,
2026-09-13T13:44:38+00:00,56.3922194391489,-4.828862948343158,842.8,7014.19,0.0,98,0,
2026-09-13T13:44:42+00:00,56.39223536476493,-4.8288350366055965,842.2,7016.83,0.0,97,0,
2026-09-13T13:44:45+00:00,56.39224852435291,-4.828808885067701,841.4000000000001,7019.02,0.0,96,0,
2026-09-13T13:44:47+00:00,56.392258666455746,-4.828790193423629,841.0,7020.62,0.0,95,54,
2026-09-13T13:44:53+00:00,56.39227258041501,-4.828730011358857,839.8,7024.65,0.28,97,54,
2026-09-13T13:44:54+00:00,56.392275681719184,-4.82871986925602,839.4000000000001,7025.37,0.364,96,41,
2026-09-13T13:44:56+00:00,56.39228188432753,-4.8286951426416636,838.5999999999999,7027.1,0.625,96,41,
2026-09-13T13:44:58+00:00,56.392288003116846,-4.828675864264369,838.2,7028.46,0.905,96,41,
2026-09-13T13:45:01+00:00,56.3922939542681,-4.82864024117589,837.5999999999999,7030.79,1.026,97,59,
2026-09-13T13:45:04+00:00,56.39229806140065,-4.828600091859698,837.5999999999999,7033.29,1.148,97,0,
2026-09-13T13:45:07+00:00,56.392307449132204,-4.828562121838331,836.4000000000001,7035.85,1.166,96,0,
2026-09-13T13:45:10+00:00,56.39231859706342,-4.828529683873057,835.5999999999999,7038.24,1.157,95,0,
2026-09-13T13:45:12+00:00,56.39232823625207,-4.828501353040338,835.2,7040.29,1.157,93,0,
2026-09-13T13:45:15+00:00,56.39233653433621,-4.828462125733495,835.0,7042.89,1.157,94,0,
2026-09-13T13:45:17+00:00,56.39234525151551,-4.8284394107759,834.5999999999999,7044.58,1.157,93,0,
2026-09-13T13:45:19+00:00,56.3923507835716,-4.828419294208288,834.0,7045.96,1.157,92,0,
2026-09-13T13:45:21+00:00,56.39235916547477,-4.828400602564216,833.5999999999999,7047.46,1.157,92,0,
2026-09-13T13:45:24+00:00,56.39237307943404,-4.828367829322815,833.4000000000001,7050.02,1.157,90,0,
2026-09-13T13:45:26+00:00,56.392382299527526,-4.828353160992265,833.0,7051.45,1.157,89,0,
2026-09-13T13:45:28+00:00,56.39239520765841,-4.828346204012632,833.0,7052.95,1.138,88,0,
2026-09-13T13:45:29+00:00,56.39240090735257,-4.828340671956539,832.8,7053.66,1.138,88,0,
2026-09-13T13:45:32+00:00,56.39241490513086,-4.828310078009963,831.8,7056.2,1.129,93,0,
2026-09-13T13:45:33+00:00,56.392421275377274,-4.8283005226403475,831.5999999999999,7057.13,1.12,92,0,
2026-09-13T13:45:34+00:00,56.392425214871764,-4.8282907996326685,831.5999999999999,7057.85,1.12,87,0,
2026-09-13T13:45:35+00:00,56.39243091456592,-4.82828208245337,831.0,7058.69,1.12,88,0,
2026-09-13T13:45:37+00:00,56.39244155958295,-4.82825861312449,830.5999999999999,7060.56,1.11,88,0,
2026-09-13T13:45:38+00:00,56.39244457706809,-4.828248135745525,830.4000000000001,7061.29,1.11,88,0,
2026-09-13T13:45:42+00:00,56.39246368780732,-4.8282036278396845,829.5999999999999,7064.87,1.101,87,0,
2026-09-13T13:45:46+00:00,56.39248866587877,-4.8281697649508715,829.2,7068.4,1.101,86,61,
2026-09-13T13:45:47+00:00,56.392496125772595,-4.828164651989937,829.0,7069.29,1.101,86,61,
2026-09-13T13:45:53+00:00,56.39252915047109,-4.828097429126501,827.8,7074.83,1.12,85,59,
2026-09-13T13:45:54+00:00,56.39253200031817,-4.828086448833346,827.4000000000001,7075.58,1.12,82,59,
2026-09-13T13:45:56+00:00,56.39253828674555,-4.828059375286102,826.8,7077.39,1.12,84,57,
2026-09-13T13:45:57+00:00,56.39254021458328,-4.828048897907138,826.5999999999999,7078.06,1.12,84,57,
2026-09-13T13:46:07+00:00,56.39258874580264,-4.8279845248907804,825.4000000000001,7084.81,1.082,83,0,
2026-09-13T13:46:10+00:00,56.392602659761906,-4.827969688922167,825.0,7086.59,1.064,83,0,
2026-09-13T13:46:14+00:00,56.39260928146541,-4.8279438726603985,824.2,7088.44,1.026,83,0,
2026-09-13T13:46:16+00:00,56.39260886237025,-4.8279335629194975,823.8,7089.08,0.989,83,0,
2026-09-13T13:46:20+00:00,56.392608946189284,-4.82788871973753,822.8,7091.86,0.886,83,0,
2026-09-13T13:46:22+00:00,56.39261062256992,-4.827863406389952,822.4000000000001,7093.44,0.849,83,0,
2026-09-13T13:46:26+00:00,56.39260986819863,-4.827836835756898,821.8,7095.08,0.84,83,0,
2026-09-13T13:46:30+00:00,56.39261171221733,-4.8278234247118235,821.5999999999999,7095.9,0.597,83,0,
2026-09-13T13:46:34+00:00,56.39261699281633,-4.827791070565581,820.8,7097.98,0.569,85,0,
2026-09-13T13:46:38+00:00,56.39262252487242,-4.827751340344548,819.8,7100.51,0.569,87,0,
2026-09-13T13:46:41+00:00,56.39261992648244,-4.827719321474433,819.0,7102.52,0.597,87,0,
2026-09-13T13:46:44+00:00,56.392613807693124,-4.827691493555903,818.8,7104.38,0.625,88,54,
2026-09-13T13:46:52+00:00,56.392597714439034,-4.827625192701817,817.8,7108.92,0.7,85,0,
2026-09-13T13:46:54+00:00,56.392595367506146,-4.827608680352569,817.4000000000001,7109.97,0.69,84,0,
2026-09-13T13:46:58+00:00,56.39259402640164,-4.827580014243722,816.5999999999999,7111.75,0.681,81,0,
2026-09-13T13:47:01+00:00,56.392595283687115,-4.827552102506161,816.2,7113.48,0.672,81,0,
2026-09-13T13:47:05+00:00,56.392588913440704,-4.8275374341756105,815.5999999999999,7114.61,0.644,81,0,
2026-09-13T13:47:09+00:00,56.39259402640164,-4.827515725046396,814.8,7116.15,0.625,82,0,
2026-09-13T13:47:12+00:00,56.39260785654187,-4.827509438619018,814.4000000000001,7117.77,0.616,79,0,
2026-09-13T13:47:13+00:00,56.39261263422668,-4.82750759460032,814.2,7118.31,0.606,83,0,
2026-09-13T13:47:16+00:00,56.392628056928515,-4.8275132942944765,814.2,7120.11,0.597,85,0,
2026-09-13T13:47:19+00:00,56.39264448545873,-4.827519580721855,813.5999999999999,7122.0,0.597,88,0,
2026-09-13T13:47:21+00:00,56.392651442438364,-4.827515808865428,813.0,7122.81,0.597,91,0,
2026-09-13T13:47:26+00:00,56.39266921207309,-4.827501894906163,812.8,7124.97,0.597,92,0,
2026-09-13T13:47:27+00:00,56.39267357066274,-4.827502565458417,812.4000000000001,7125.43,0.579,91,0,
2026-09-13T13:47:35+00:00,56.3927065115422,-4.827508851885796,811.5999999999999,7129.15,0.569,90,0,
2026-09-13T13:47:37+00:00,56.39271673746407,-4.827510779723525,811.4000000000001,7130.29,0.56,88,0,
2026-09-13T13:47:41+00:00,56.39273190870881,-4.827486472204328,810.5999999999999,7132.67,0.56,85,0,
2026-09-13T13:47:44+00:00,56.39273710548878,-4.82745872810483,810.2,7134.48,0.56,84,49,
2026-09-13T13:47:45+00:00,56.392737021669745,-4.827446490526199,810.2,7135.23,0.56,83,49,
2026-09-13T13:47:52+00:00,56.39274364337325,-4.82737859711051,809.0,7139.59,0.606,84,48,
2026-09-13T13:47:54+00:00,56.39274355955422,-4.827365688979626,808.5999999999999,7140.38,0.625,84,0,
2026-09-13T13:47:59+00:00,56.392771722748876,-4.827373651787639,808.0,7143.6,0.588,84,0,
2026-09-13T13:48:01+00:00,56.39278303831816,-4.8273716401308775,807.5999999999999,7144.88,0.588,84,0,
2026-09-13T13:48:07+00:00,56.392804412171245,-4.827342638745904,807.4000000000001,7147.86,0.579,84,0,
2026-09-13T13:48:10+00:00,56.39281103387475,-4.827333251014352,807.0,7148.97,0.579,85,0,
2026-09-13T13:48:13+00:00,56.392806926742196,-4.827302908524871,805.8,7150.9,0.569,84,0,
2026-09-13T13:48:14+00:00,56.39280558563769,-4.827293269336224,805.5999999999999,7151.51,0.56,85,50,
2026-09-13T13:48:19+00:00,56.392789743840694,-4.827251108363271,805.5999999999999,7154.65,0.569,88,0,
2026-09-13T13:48:24+00:00,56.39277381822467,-4.827204085886478,804.4000000000001,7158.07,0.569,89,0,
2026-09-13T13:48:32+00:00,56.392770214006305,-4.827157482504845,803.0,7161.42,0.551,89,0,
2026-09-13T13:48:33+00:00,56.392771722748876,-4.8271463345736265,803.0,7162.11,0.551,88,0,
2026-09-13T13:48:37+00:00,56.39276937581599,-4.827112387865782,801.8,7164.21,0.541,88,51,
2026-09-13T13:48:42+00:00,56.392772644758224,-4.827089086174965,800.8,7165.69,0.541,90,0,
2026-09-13T13:48:43+00:00,56.39277339912951,-4.827082883566618,800.8,7166.09,0.532,88,0,
2026-09-13T13:48:52+00:00,56.39276007190347,-4.827030245214701,799.8,7170.44,0.495,90,0,
2026-09-13T13:48:53+00:00,56.39275789260864,-4.8270233720541,799.5999999999999,7170.93,0.495,89,0,
2026-09-13T13:48:55+00:00,56.39275227673352,-4.82701163738966,799.2,7171.89,0.485,93,0,
2026-09-13T13:48:56+00:00,56.39274850487709,-4.827004848048091,799.0,7172.48,0.485,90,0,
2026-09-13T13:49:00+00:00,56.39274062588811,-4.826989257708192,798.5999999999999,7173.78,0.467,90,0,
2026-09-13T13:49:02+00:00,56.39274263754487,-4.8269817139953375,798.2,7174.35,0.467,91,0,
2026-09-13T13:49:07+00:00,56.39275956898928,-4.826960423961282,797.4000000000001,7176.66,0.476,92,0,
2026-09-13T13:49:12+00:00,56.39275395311415,-4.82692857272923,796.5999999999999,7178.78,0.467,93,0,
2026-09-13T13:49:15+00:00,56.39275060035288,-4.8269089590758085,796.2,7180.04,0.467,94,0,
2026-09-13T13:49:22+00:00,56.392768789082766,-4.8268854059278965,795.0,7182.8,0.448,95,45,
2026-09-13T13:49:24+00:00,56.39277088455856,-4.82688263989985,794.5999999999999,7183.08,0.439,96,0,
2026-09-13T13:49:30+00:00,56.39277130365372,-4.8268824722617865,794.4000000000001,7183.13,0.0,99,0,
2026-09-13T13:49:34+00:00,56.39277130365372,-4.8268824722617865,794.0,7183.13,0.271,101,56,
2026-09-13T13:49:40+00:00,56.39277792535722,-4.826841149479151,793.0,7185.78,0.261,100,56,
2026-09-13T13:49:44+00:00,56.39281069859862,-4.826756156980991,792.0,7192.03,0.681,100,57,
2026-09-13T13:49:50+00:00,56.392863504588604,-4.82665691524744,791.2,7200.12,0.774,97,57,
2026-09-13T13:49:54+00:00,56.39288881793618,-4.8266067914664745,790.5999999999999,7204.3,0.821,98,57,
2026-09-13T13:49:57+00:00,56.39290541410446,-4.826563540846109,790.2,7207.58,0.868,97,57,
2026-09-13T13:50:04+00:00,56.3929343316704,-4.82649028301239,789.8,7213.14,0.924,98,57,
2026-09-13T13:50:05+00:00,56.39293768443167,-4.82648391276598,789.5999999999999,7213.68,0.905,96,54,
2026-09-13T13:50:11+00:00,56.39295746572316,-4.8264386504888535,788.4000000000001,7217.24,0.812,96,51,
2026-09-13T13:50:13+00:00,56.39296157285571,-4.826429011300206,788.0,7217.98,0.774,97,55,
2026-09-13T13:50:17+00:00,56.39297515153885,-4.826408978551626,787.4000000000001,7219.94,0.746,97,58,
2026-09-13T13:50:24+00:00,56.393013037741184,-4.826386347413063,786.2,7224.48,0.709,95,54,
2026-09-13T13:50:30+00:00,56.393036590889096,-4.826327171176672,785.0,7229.03,0.709,93,57,
2026-09-13T13:50:32+00:00,56.39303918927908,-4.826298085972667,784.4000000000001,7230.86,0.718,93,57,
2026-09-13T13:50:35+00:00,56.39304606243968,-4.8262586910277605,784.0,7233.46,0.756,92,55,
2026-09-13T13:50:38+00:00,56.39306550845504,-4.826241256669164,783.8,7235.85,0.765,92,55,
2026-09-13T13:50:48+00:00,56.393120996654034,-4.8262666538357735,783.0,7242.91,0.756,92,0,
2026-09-13T13:50:49+00:00,56.39312636107206,-4.826274868100882,782.8,7243.69,0.746,92,0,
2026-09-13T13:50:53+00:00,56.393142119050026,-4.826310994103551,781.8,7246.51,0.718,92,59,
2026-09-13T13:50:56+00:00,56.39315360225737,-4.826333457604051,781.4000000000001,7248.39,0.728,91,57,
2026-09-13T13:51:02+00:00,56.39317665249109,-4.826363967731595,780.5999999999999,7251.7,0.644,92,0,
2026-09-13T13:51:05+00:00,56.3931883033365,-4.826368493959308,780.0,7253.03,0.0,92,0,
2026-09-13T13:51:08+00:00,56.39319274574518,-4.826372768729925,779.4000000000001,7253.49,0.0,92,0,
2026-09-13T13:51:14+00:00,56.393210934475064,-4.8263912089169025,778.4000000000001,7255.87,0.0,94,0,
2026-09-13T13:51:17+00:00,56.393219735473394,-4.8263968247920275,778.2,7256.92,0.0,97,0,
2026-09-13T13:51:20+00:00,56.39322786591947,-4.826398333534598,777.4000000000001,7257.84,0.0,100,0,
2026-09-13T13:51:21+00:00,56.39323071576655,-4.826400429010391,777.2,7258.18,0.0,102,0,
2026-09-13T13:51:23+00:00,56.39323465526104,-4.826404871419072,777.0,7258.69,0.0,104,0,
2026-09-13T13:51:28+00:00,56.39324605464935,-4.826411996036768,776.8,7260.17,0.0,107,0,
2026-09-13T13:51:34+00:00,56.39326248317957,-4.826408475637436,776.0,7262.09,0.0,106,0,
2026-09-13T13:51:36+00:00,56.39326876960695,-4.826415264979005,775.8,7262.9,0.0,106,0,
2026-09-13T13:51:42+00:00,56.393270529806614,-4.826443009078503,775.0,7264.69,0.0,105,0,
2026-09-13T13:51:44+00:00,56.39327966608107,-4.826451474800706,774.8,7265.83,0.0,104,0,
2026-09-13T13:51:49+00:00,56.393287712708116,-4.826440326869488,774.0,7266.56,0.0,104,57,
2026-09-13T13:51:50+00:00,56.39328947290778,-4.826438901945949,773.8,7266.77,0.0,104,57,
2026-09-13T13:51:55+00:00,56.39329819008708,-4.826435130089521,773.4000000000001,7267.76,0.0,103,0,
2026-09-13T13:52:03+00:00,56.39329819008708,-4.826435130089521,773.2,7267.76,0.0,100,0,
2026-09-13T13:52:07+00:00,56.39329819008708,-4.826436303555965,773.0,7267.76,0.0,97,0,
2026-09-13T13:52:10+00:00,56.39329819008708,-4.826437309384346,772.8,7267.76,0.0,96,0,
2026-09-13T13:52:14+00:00,56.39329827390611,-4.826439404860139,771.5999999999999,7267.76,0.0,96,0,
2026-09-13T13:52:27+00:00,56.39331688173115,-4.826437728479505,771.0,7269.72,0.0,99,0,
2026-09-13T13:52:30+00:00,56.39332886785269,-4.826436722651124,770.5999999999999,7270.98,0.0,99,0,
2026-09-13T13:52:46+00:00,56.393349235877395,-4.826427502557635,769.5999999999999,7273.3,0.0,98,0,
2026-09-13T13:52:52+00:00,56.39336549676955,-4.826424401253462,768.4000000000001,7275.05,0.0,98,0,
2026-09-13T13:52:59+00:00,56.39337094500661,-4.826410571113229,768.5999999999999,7275.93,0.0,103,0,
2026-09-13T13:53:07+00:00,56.39338267967105,-4.8264026921242476,767.4000000000001,7277.32,0.0,103,0,
2026-09-13T13:53:16+00:00,56.39340044930577,-4.826391376554966,766.2,7279.42,0.0,102,0,
2026-09-13T13:53:25+00:00,56.39342366717756,-4.826369751244783,765.0,7282.32,0.0,102,0,
2026-09-13T13:53:34+00:00,56.393460128456354,-4.826341839507222,763.8,7286.73,0.0,103,0,
2026-09-13T13:53:43+00:00,56.39349558390677,-4.82632608152926,762.8,7290.75,0.261,104,55,
2026-09-13T13:53:47+00:00,56.39350480400026,-4.826324405148625,761.8,7291.75,0.495,104,52,
2026-09-13T13:53:54+00:00,56.39352207072079,-4.826319878920913,760.5999999999999,7293.63,0.532,104,40,
2026-09-13T13:54:00+00:00,56.39355132356286,-4.82630361802876,759.5999999999999,7297.02,0.485,101,40,
2026-09-13T13:54:11+00:00,56.39360019005835,-4.826270425692201,758.4000000000001,7302.84,0.0,99,55,
2026-09-13T13:55:31+00:00,56.39365668408573,-4.826206052675843,757.5999999999999,7310.17,0.0,96,0,
2026-09-13T13:55:52+00:00,56.393658611923456,-4.826204627752304,757.5999999999999,7310.41,0.0,99,0,
2026-09-13T13:56:01+00:00,56.393659533932805,-4.826204041019082,757.5999999999999,7310.51,0.0,102,0,
2026-09-13T13:56:12+00:00,56.39366087503731,-4.82620295137167,752.4000000000001,7310.68,0.0,101,0,
2026-09-13T13:56:22+00:00,56.39366238377988,-4.8262018617242575,751.4000000000001,7310.86,0.0,102,45,
2026-09-13T13:56:28+00:00,56.39366364106536,-4.826200939714909,750.2,7311.01,0.0,103,45,
2026-09-13T13:56:36+00:00,56.39366556890309,-4.826199766248465,749.0,7311.23,0.243,104,45,
2026-09-13T13:56:48+00:00,56.39366892166436,-4.826197754591703,747.8,7311.63,0.0,105,0,
2026-09-13T13:56:56+00:00,56.39367143623531,-4.826196748763323,746.8,7311.91,0.0,104,0,
2026-09-13T13:57:04+00:00,56.39367395080626,-4.826195491477847,745.5999999999999,7312.2,0.0,103,0,
2026-09-13T13:57:12+00:00,56.39367654919624,-4.826193982735276,744.5999999999999,7312.5,0.0,101,0,
2026-09-13T13:57:21+00:00,56.39367948286235,-4.826192893087864,743.5999999999999,7312.83,0.0,100,0,
2026-09-13T13:57:25+00:00,56.39368074014783,-4.8261921387165785,742.4000000000001,7312.98,0.0,99,0,
2026-09-13T13:57:30+00:00,56.393682500347495,-4.826191049069166,741.4000000000001,7313.19,0.0,99,0,
2026-09-13T13:58:09+00:00,56.39369842596352,-4.826181493699551,740.4000000000001,7315.05,0.0,97,0,
2026-09-13T13:58:12+00:00,56.393699683249,-4.826180823147297,739.2,7315.19,0.0,96,47,
2026-09-13T13:58:18+00:00,56.39370219781995,-4.826179649680853,738.2,7315.48,0.0,98,0,
2026-09-13T13:58:25+00:00,56.393705466762185,-4.826178560033441,737.0,7315.84,0.0,98,57,
2026-09-13T13:58:36+00:00,56.39371091499925,-4.826176380738616,735.8,7316.46,0.0,98,0,
2026-09-13T13:58:40+00:00,56.39371301047504,-4.826175794005394,734.5999999999999,7316.69,0.0,99,0,
2026-09-13T13:58:46+00:00,56.393716195598245,-4.826174704357982,733.4000000000001,7317.04,0.0,96,57,
2026-09-13T13:58:51+00:00,56.39371904544532,-4.826173782348633,732.4000000000001,7317.35,0.0,96,57,
2026-09-13T13:58:57+00:00,56.39372264966369,-4.8261726927012205,731.4000000000001,7317.75,0.0,97,0,
2026-09-13T13:59:05+00:00,56.393727511167526,-4.826171016320586,730.2,7318.29,0.0,98,0,
2026-09-13T13:59:10+00:00,56.39373069629073,-4.826170010492206,729.2,7318.64,0.0,100,78,
2026-09-13T13:59:16+00:00,56.39373463578522,-4.826168920844793,727.8,7319.08,0.383,103,0,
2026-09-13T13:59:25+00:00,56.393740586936474,-4.826167160645127,726.8,7319.74,0.0,103,0,
2026-09-13T13:59:32+00:00,56.39374544844031,-4.826165735721588,725.8,7320.27,0.0,102,0,
2026-09-13T13:59:39+00:00,56.39375056140125,-4.826164394617081,724.5999999999999,7320.83,0.0,101,0,
2026-09-13T13:59:46+00:00,56.39375592581928,-4.826163137331605,723.5999999999999,7321.41,0.0,100,79,
2026-09-13T13:59:52+00:00,56.3939068838954,-4.826129442080855,722.4000000000001,7338.24,0.588,99,49,
2026-09-13T13:59:54+00:00,56.39406102709472,-4.8260981775820255,722.0,7354.16,1.138,100,49,
2026-09-13T13:59:56+00:00,56.394211230799556,-4.826073199510574,721.8,7366.87,1.082,100,49,
2026-09-13T13:59:58+00:00,56.39435866847634,-4.826041096821427,721.8,7381.38,1.082,100,49,
2026-09-13T14:00:04+00:00,56.3945007417351,-4.826001701876521,721.5999999999999,7395.22,0.0,100,0,
2026-09-13T14:00:05+00:00,56.394500406458974,-4.825999438762665,721.2,7395.32,0.0,100,0,
2026-09-13T14:00:10+00:00,56.39450057409704,-4.825998516753316,720.5999999999999,7395.32,0.0,97,0,
2026-09-13T14:00:21+00:00,56.39449981972575,-4.825998516753316,720.8,7395.39,0.0,98,0,
2026-09-13T14:00:31+00:00,56.39449873007834,-4.82599625363946,721.2,7395.56,0.0,95,17,
2026-09-13T14:00:38+00:00,56.39449814334512,-4.825995750725269,721.0,7395.63,0.0,92,0,
2026-09-13T14:01:24+00:00,56.39449713751674,-4.8259995225816965,720.0,7396.01,0.0,95,0,
2026-09-13T14:01:48+00:00,56.394495544955134,-4.826007317751646,720.8,7396.12,0.0,98,0,
2026-09-13T14:01:51+00:00,56.394495544955134,-4.826008155941963,720.5999999999999,7396.12,0.0,95,0,
2026-09-13T14:01:56+00:00,56.394495544955134,-4.826008323580027,720.5999999999999,7396.12,0.0,98,0,
2026-09-13T14:02:32+00:00,56.39450543560088,-4.8260098323225975,720.4000000000001,7396.12,0.0,101,0,
2026-09-13T14:03:06+00:00,56.39461129903793,-4.825990805402398,720.4000000000001,7396.12,0.0,98,0,
2026-09-13T14:03:10+00:00,56.394624123349786,-4.825987787917256,720.4000000000001,7396.12,0.0,95,0,
2026-09-13T14:03:19+00:00,56.3946408033371,-4.825983429327607,715.0,7396.12,0.0,93,0,
2026-09-13T14:03:28+00:00,56.394645078107715,-4.825982172042131,714.2,7396.12,0.0,96,0,
2026-09-13T14:03:32+00:00,56.39464566484094,-4.825981669127941,714.0,7396.12,0.0,97,0,
2026-09-13T14:03:39+00:00,56.39464692212641,-4.825980411842465,712.8,7396.12,0.0,97,0,
2026-09-13T14:03:45+00:00,56.39464817941189,-4.825979238376021,712.0,7396.12,0.0,94,0,
2026-09-13T14:03:47+00:00,56.39464876614511,-4.8259789030998945,711.8,7396.12,0.0,94,0,
2026-09-13T14:03:58+00:00,56.39465161599219,-4.8259759694337845,710.8,7396.12,0.0,96,0,
2026-09-13T14:04:07+00:00,56.39465421438217,-4.825973371043801,709.8,7396.12,0.0,97,0,
2026-09-13T14:04:12+00:00,56.394655806943774,-4.825972197577357,708.5999999999999,7396.12,0.0,97,0,
2026-09-13T14:04:21+00:00,56.39465907588601,-4.825969850644469,707.2,7396.12,0.0,99,0,
2026-09-13T14:04:30+00:00,56.39466234482825,-4.82596792280674,706.0,7396.12,0.0,99,0,
2026-09-13T14:04:43+00:00,56.394667038694024,-4.825965324416757,705.0,7396.12,0.0,100,0,
2026-09-13T14:04:50+00:00,56.39466980472207,-4.8259638994932175,703.8,7396.12,0.0,100,0,
2026-09-13T14:05:08+00:00,56.39467718079686,-4.825961301103234,702.8,7396.12,0.0,101,0,
2026-09-13T14:05:32+00:00,56.394687658175826,-4.825956774875522,701.8,7396.12,0.0,100,0,
2026-09-13T14:05:37+00:00,56.39468992128968,-4.825955685228109,700.5999999999999,7396.12,0.0,98,0,
2026-09-13T14:05:44+00:00,56.39469310641289,-4.825955014675856,699.5999999999999,7396.12,0.0,99,0,
2026-09-13T14:05:52+00:00,56.394696878269315,-4.825954679399729,698.4000000000001,7396.12,0.0,101,0,
2026-09-13T14:05:58+00:00,56.39469972811639,-4.8259547632187605,697.4000000000001,7396.12,0.0,101,56,
2026-09-13T14:06:06+00:00,56.394703751429915,-4.825955098494887,696.4000000000001,7396.12,0.0,102,0,
2026-09-13T14:06:19+00:00,56.39471070840955,-4.825955769047141,695.2,7396.12,0.0,101,0,
2026-09-13T14:06:25+00:00,56.394713977351785,-4.8259561881423,694.2,7396.12,0.0,100,0,
2026-09-13T14:06:32+00:00,56.39471808448434,-4.825956271961331,693.2,7396.12,0.0,101,0,
2026-09-13T14:06:41+00:00,56.39472311362624,-4.825957361608744,692.2,7396.12,0.0,101,0,
2026-09-13T14:06:49+00:00,56.394727723672986,-4.825958786532283,691.0,7396.12,0.0,101,0,
2026-09-13T14:06:54+00:00,56.394730573520064,-4.825959540903568,689.8,7396.12,0.0,100,54,
2026-09-13T14:06:59+00:00,56.394733591005206,-4.825960546731949,688.8,7396.12,0.0,99,0,
2026-09-13T14:07:04+00:00,56.39473669230938,-4.825961804017425,687.5999999999999,7396.12,0.0,97,0,
2026-09-13T14:07:10+00:00,56.39474054798484,-4.825963396579027,686.5999999999999,7396.12,0.0,98,54,
2026-09-13T14:07:17+00:00,56.39474490657449,-4.825965575873852,685.4000000000001,7396.12,0.0,99,0,
2026-09-13T14:07:24+00:00,56.394749181345105,-4.82596842572093,684.2,7396.12,0.0,100,0,
2026-09-13T14:07:31+00:00,56.39475320465863,-4.825971527025104,683.2,7396.12,0.0,100,0,
2026-09-13T14:07:38+00:00,56.39475714415312,-4.825974963605404,682.4000000000001,7396.12,0.0,97,49,
2026-09-13T14:07:39+00:00,56.39475773088634,-4.825975550338626,682.2,7396.12,0.0,99,49,
2026-09-13T14:07:45+00:00,56.39492779970169,-4.82613455504179,681.4000000000001,7417.17,0.401,102,0,
2026-09-13T14:07:47+00:00,56.395043302327394,-4.826242849230766,681.4000000000001,7431.66,1.148,103,0,
2026-09-13T14:07:49+00:00,56.39515981078148,-4.826338151469827,681.2,7443.53,1.148,105,0,
2026-09-13T14:07:57+00:00,56.39532686211169,-4.826495731249452,681.2,7460.46,0.0,105,0,
2026-09-13T14:08:05+00:00,56.395370699465275,-4.82653378508985,679.8,7465.93,0.0,103,0,
2026-09-13T14:08:07+00:00,56.395385786890984,-4.826534204185009,679.4000000000001,7467.63,0.0,102,0,
2026-09-13T14:08:10+00:00,56.395405819639564,-4.826534874737263,678.8,7469.9,0.0,102,0,
2026-09-13T14:08:15+00:00,56.39543456956744,-4.826541664078832,677.5999999999999,7473.13,0.0,102,0,
2026-09-13T14:08:19+00:00,56.395457619801164,-4.826557422056794,676.8,7475.85,0.0,106,0,
2026-09-13T14:08:20+00:00,56.39546080492437,-4.8265637923032045,676.5999999999999,7476.39,0.0,109,0,
2026-09-13T14:08:21+00:00,56.395464576780796,-4.826567731797695,676.4000000000001,7476.87,0.0,109,0,
2026-09-13T14:08:27+00:00,56.39547195285559,-4.8265620321035385,676.2,7477.94,0.0,107,0,
2026-09-13T14:08:34+00:00,56.395488465204835,-4.826562367379665,676.2,7479.73,0.0,108,0,
2026-09-13T14:08:43+00:00,56.395487459376454,-4.826562367379665,676.0,7479.73,0.0,105,0,
2026-09-13T14:08:48+00:00,56.3954867888242,-4.826562283560634,676.0,7479.73,0.0,102,0,
2026-09-13T14:08:55+00:00,56.39552735723555,-4.826580975204706,676.4000000000001,7484.4,0.0,101,56,
2026-09-13T14:08:58+00:00,56.39555124565959,-4.826637804508209,676.0,7488.69,1.036,101,54,
2026-09-13T14:09:01+00:00,56.39557228423655,-4.826705614104867,675.4000000000001,7493.36,1.241,102,57,
2026-09-13T14:09:03+00:00,56.39558066613972,-4.8267414048314095,675.2,7495.76,1.278,102,57,
2026-09-13T14:09:04+00:00,56.39558888040483,-4.826752049848437,674.8,7496.88,1.288,102,57,
2026-09-13T14:09:07+00:00,56.39561075717211,-4.82676881365478,674.2,7499.51,1.297,101,62,
2026-09-13T14:09:08+00:00,56.395618384703994,-4.826768729835749,674.0,7500.33,1.297,101,62,
2026-09-13T14:09:12+00:00,56.39564805664122,-4.826783230528235,673.2,7503.74,1.241,101,62,
2026-09-13T14:09:14+00:00,56.39566163532436,-4.826780883595347,672.5999999999999,7505.27,1.204,101,62,
2026-09-13T14:09:16+00:00,56.3956752140075,-4.826790187507868,672.2,7506.91,1.166,101,0,
2026-09-13T14:09:22+00:00,56.39570061117411,-4.826839892193675,670.8,7511.18,1.082,99,0,
2026-09-13T14:09:25+00:00,56.39572558924556,-4.826857410371304,669.8,7514.17,1.054,99,0,
2026-09-13T14:09:31+00:00,56.39577898196876,-4.826892027631402,668.8,7520.52,1.054,97,58,
2026-09-13T14:09:32+00:00,56.39578778296709,-4.826893620193005,668.8,7521.47,1.054,97,58,
2026-09-13T14:09:39+00:00,56.39582918956876,-4.8269204422831535,668.0,7526.69,1.054,97,54,
2026-09-13T14:09:41+00:00,56.39584494754672,-4.826925890520215,667.5999999999999,7528.49,1.045,97,54,
2026-09-13T14:09:46+00:00,56.39586950652301,-4.826982049271464,667.0,7533.08,1.026,98,0,
2026-09-13T14:09:48+00:00,56.395879816263914,-4.827002165839076,666.5999999999999,7534.74,1.017,97,0,
2026-09-13T14:09:54+00:00,56.39591376297176,-4.8270465061068535,665.5999999999999,7539.39,1.017,99,60,
2026-09-13T14:09:55+00:00,56.39591719955206,-4.827054971829057,665.4000000000001,7540.03,1.008,99,58,
2026-09-13T14:09:56+00:00,56.395922815427184,-4.827062515541911,665.4000000000001,7540.8,1.008,99,58,
2026-09-13T14:09:58+00:00,56.39593136496842,-4.827079530805349,665.0,7542.2,0.998,98,57,
2026-09-13T14:09:59+00:00,56.395933544263244,-4.827090343460441,664.5999999999999,7542.91,0.989,98,57,
2026-09-13T14:10:00+00:00,56.395935053005815,-4.827098557725549,664.2,7543.44,0.989,98,0,
2026-09-13T14:10:03+00:00,56.39593522064388,-4.827130911871791,663.2,7545.46,0.961,98,0,
2026-09-13T14:10:04+00:00,56.39594150707126,-4.827136946842074,663.0,7546.25,0.952,98,0,
2026-09-13T14:10:06+00:00,56.39595475047827,-4.827135354280472,662.4000000000001,7547.79,0.933,98,0,
2026-09-13T14:10:07+00:00,56.3959651440382,-4.827132085338235,662.2,7548.96,0.924,98,0,
2026-09-13T14:10:09+00:00,56.3959823269397,-4.82713527046144,661.8,7550.88,0.914,97,57,
2026-09-13T14:10:12+00:00,56.396012753248215,-4.82714356854558,661.0,7554.3,0.914,97,57,
2026-09-13T14:10:18+00:00,56.39605265110731,-4.827178604900837,660.2,7559.23,0.952,96,0,
2026-09-13T14:10:19+00:00,56.39605935662985,-4.8271801974624395,660.0,7559.95,0.933,95,0,
2026-09-13T14:10:21+00:00,56.39607603661716,-4.827170725911856,659.5999999999999,7561.91,0.933,95,0,
2026-09-13T14:10:24+00:00,56.396085089072585,-4.827163852751255,659.4000000000001,7563.05,0.942,96,0,
2026-09-13T14:10:26+00:00,56.39609313569963,-4.827176006510854,659.4000000000001,7564.19,0.914,97,0,
2026-09-13T14:10:29+00:00,56.39610302634537,-4.827180281281471,659.0,7565.33,0.886,98,0,
2026-09-13T14:10:36+00:00,56.396128088235855,-4.827227555215359,658.0,7569.66,0.774,98,0,
2026-09-13T14:10:37+00:00,56.39612968079746,-4.827236691489816,657.8,7570.25,0.756,97,0,
2026-09-13T14:10:44+00:00,56.3961533177644,-4.8272661957889795,656.8,7573.47,0.634,97,52,
2026-09-13T14:10:47+00:00,56.396165220066905,-4.8272856418043375,656.2,7575.25,0.644,94,0,
2026-09-13T14:10:48+00:00,56.396171590313315,-4.827287569642067,656.0,7575.97,0.644,97,47,
2026-09-13T14:10:49+00:00,56.39617720618844,-4.827295616269112,655.8,7576.74,0.644,94,47,
2026-09-13T14:10:50+00:00,56.39618114568293,-4.827301651239395,655.8,7577.31,0.644,96,47,
2026-09-13T14:10:54+00:00,56.396200424060225,-4.827322941273451,655.2,7579.8,0.672,96,0,
2026-09-13T14:10:58+00:00,56.39621333219111,-4.827334927394986,654.5999999999999,7581.44,0.653,94,0,
2026-09-13T14:11:01+00:00,56.396211152896285,-4.827330904081464,654.4000000000001,7581.44,0.56,95,0,
2026-09-13T14:11:10+00:00,56.39623981900513,-4.827373316511512,653.5999999999999,7585.88,0.495,94,53,
2026-09-13T14:11:17+00:00,56.39625591225922,-4.827432995662093,652.4000000000001,7590.15,0.523,95,0,
2026-09-13T14:11:18+00:00,56.39625725336373,-4.82744263485074,652.2,7590.76,0.523,95,52,
2026-09-13T14:11:24+00:00,56.39627829194069,-4.827481945976615,651.2,7594.15,0.551,95,0,
2026-09-13T14:11:27+00:00,56.39628801494837,-4.827502816915512,651.0,7595.83,0.551,94,0,
2026-09-13T14:11:34+00:00,56.39632179401815,-4.827529052272439,650.2,7599.96,0.56,94,0,
2026-09-13T14:11:37+00:00,56.396331349387765,-4.827540619298816,649.8,7601.24,0.551,95,0,
2026-09-13T14:11:45+00:00,56.39636496081948,-4.827546486631036,649.2,7605.17,0.532,97,0,
2026-09-13T14:11:47+00:00,56.39637166634202,-4.827547576278448,649.0,7605.92,0.523,96,0,
2026-09-13T14:11:55+00:00,56.3964054454118,-4.827569955959916,648.5999999999999,7609.93,0.513,95,0,
2026-09-13T14:12:16+00:00,56.39643570408225,-4.82764539308846,648.2,7615.7,0.0,97,54,
2026-09-13T14:12:18+00:00,56.396450623869896,-4.827687386423349,648.0,7618.76,0.355,98,56,
2026-09-13T14:12:25+00:00,56.39649521559477,-4.8277901485562325,647.5999999999999,7626.88,1.017,96,57,
2026-09-13T14:12:29+00:00,56.39652606099844,-4.827843960374594,647.0,7631.69,1.026,97,58,
2026-09-13T14:12:35+00:00,56.39655933715403,-4.827917385846376,646.0,7637.6,1.064,96,57,
2026-09-13T14:12:39+00:00,56.39657501131296,-4.8279954213649035,645.8,7642.72,1.064,97,57,
2026-09-13T14:12:41+00:00,56.39658263884485,-4.828026602044702,645.5999999999999,7644.88,1.064,97,53,
2026-09-13T14:12:46+00:00,56.396620608866215,-4.828087370842695,645.0,7650.52,1.054,95,0,
2026-09-13T14:12:48+00:00,56.396632846444845,-4.828122239559889,644.8,7652.98,1.064,96,0,
2026-09-13T14:12:54+00:00,56.396656315773726,-4.828221565112472,643.5999999999999,7659.65,1.064,97,54,
2026-09-13T14:12:56+00:00,56.39666344039142,-4.828255092725158,643.4000000000001,7661.88,1.064,93,52,
2026-09-13T14:12:57+00:00,56.396669475361705,-4.8282737005501986,643.2,7663.21,1.064,93,0,
2026-09-13T14:12:59+00:00,56.39668389223516,-4.828305384144187,642.5999999999999,7665.73,1.064,95,56,
2026-09-13T14:13:03+00:00,56.39669369906187,-4.8283538315445185,642.2,7668.91,1.064,95,56,
2026-09-13T14:13:05+00:00,56.39668967574835,-4.828380737453699,641.5999999999999,7670.65,1.045,96,54,
2026-09-13T14:13:06+00:00,56.3966869097203,-4.828395238146186,641.5999999999999,7671.59,1.036,96,54,
2026-09-13T14:13:11+00:00,56.3966559804976,-4.828437818214297,640.4000000000001,7676.25,1.008,95,54,
2026-09-13T14:13:13+00:00,56.396638546139,-4.828446619212627,640.2,7678.24,0.998,94,56,
2026-09-13T14:13:17+00:00,56.396632846444845,-4.828485427424312,639.4000000000001,7680.83,0.97,92,56,
2026-09-13T14:13:20+00:00,56.396633768454194,-4.8285322822630405,638.5999999999999,7683.72,0.952,92,56,
2026-09-13T14:13:23+00:00,56.39664106070995,-4.828567318618298,638.2,7686.0,0.933,89,0,
2026-09-13T14:13:28+00:00,56.396653382107615,-4.8286285903304815,637.0,7690.11,0.914,87,54,
2026-09-13T14:13:30+00:00,56.39666109345853,-4.828647365793586,636.4000000000001,7691.55,0.905,87,57,
2026-09-13T14:13:33+00:00,56.396674336865544,-4.828682066872716,636.2,7694.1,0.896,90,57,
2026-09-13T14:13:34+00:00,56.39667794108391,-4.828690029680729,636.0,7694.73,0.886,87,57,
2026-09-13T14:13:38+00:00,56.396694872528315,-4.828698076307774,635.0,7696.81,0.858,86,0,
2026-09-13T14:13:39+00:00,56.396697806194425,-4.8286995850503445,634.8,7697.11,0.849,87,0,
2026-09-13T14:13:44+00:00,56.39670451171696,-4.828735291957855,633.8,7699.52,0.784,85,0,
2026-09-13T14:13:48+00:00,56.396720856428146,-4.828737722709775,632.5999999999999,7701.32,0.737,87,0,
2026-09-13T14:13:51+00:00,56.396737871691585,-4.828755743801594,632.0,7703.52,0.718,86,0,
2026-09-13T14:13:53+00:00,56.396745247766376,-4.828768400475383,631.4000000000001,7704.67,0.709,88,0,
2026-09-13T14:13:58+00:00,56.39673116616905,-4.828827073797584,630.5999999999999,7708.79,0.69,90,57,
2026-09-13T14:14:00+00:00,56.396724628284574,-4.828847358003259,630.4000000000001,7710.29,0.7,89,0,
2026-09-13T14:14:04+00:00,56.396720269694924,-4.828880382701755,630.2,7712.52,0.7,89,0,
2026-09-13T14:14:07+00:00,56.39672823250294,-4.828927153721452,629.4000000000001,7715.55,0.69,92,0,
2026-09-13T14:14:08+00:00,56.396730998530984,-4.828943833708763,629.0,7716.63,0.69,89,0,
2026-09-13T14:14:12+00:00,56.39674709178507,-4.828986162319779,628.2,7719.87,0.7,87,56,
2026-09-13T14:14:13+00:00,56.39675312675536,-4.828994041308761,628.0,7720.7,0.709,86,56,
2026-09-13T14:14:15+00:00,56.39676653780043,-4.829011727124453,627.5999999999999,7722.53,0.718,89,54,
2026-09-13T14:14:17+00:00,56.39677735045552,-4.829037459567189,627.2,7724.52,0.737,91,54,
2026-09-13T14:14:22+00:00,56.39680023305118,-4.82910686172545,626.0,7729.53,0.765,90,56,
2026-09-13T14:14:23+00:00,56.396804340183735,-4.829118847846985,625.8,7730.39,0.774,91,56,
2026-09-13T14:14:30+00:00,56.39684717170894,-4.829176431521773,625.0,7736.4,0.793,92,54,
2026-09-13T14:14:35+00:00,56.39684750698507,-4.829230075702071,624.5999999999999,7739.71,0.793,92,54,
2026-09-13T14:14:39+00:00,56.39685387723148,-4.829269303008914,623.4000000000001,7742.24,0.784,93,0,
2026-09-13T14:14:46+00:00,56.396864019334316,-4.829339794814587,622.2,7747.22,0.756,92,62,
2026-09-13T14:14:56+00:00,56.39691146090627,-4.8294352646917105,621.4000000000001,7755.2,0.84,92,46,
2026-09-13T14:15:01+00:00,56.39691355638206,-4.829483879730105,621.0,7758.18,0.0,93,0,
2026-09-13T14:15:03+00:00,56.396914226934314,-4.829507768154144,620.5999999999999,7759.64,0.0,96,0,
2026-09-13T14:15:04+00:00,56.39691405929625,-4.829522017389536,620.5999999999999,7760.51,0.0,94,0,
2026-09-13T14:15:09+00:00,56.39691649004817,-4.829599214717746,620.0,7765.29,0.0,96,54,
2026-09-13T14:15:14+00:00,56.39692562632263,-4.829644812270999,619.2,7768.23,0.0,97,0,
2026-09-13T14:15:16+00:00,56.39692763797939,-4.829662414267659,618.8,7769.34,0.0,98,0,
2026-09-13T14:15:19+00:00,56.39692730270326,-4.829687727615237,618.2,7770.88,0.0,101,57,
2026-09-13T14:15:22+00:00,56.39692227356136,-4.829728463664651,617.5999999999999,7773.42,0.0,98,57,
2026-09-13T14:15:23+00:00,56.396918753162026,-4.82974648475647,617.4000000000001,7774.56,0.0,98,57,
2026-09-13T14:15:29+00:00,56.396909365430474,-4.829812115058303,616.4000000000001,7778.73,0.0,98,54,
2026-09-13T14:15:35+00:00,56.39691162854433,-4.82987942174077,615.4000000000001,7782.93,0.429,98,55,
2026-09-13T14:15:43+00:00,56.396904084831476,-4.830004647374153,614.4000000000001,7790.72,0.746,96,53,
2026-09-13T14:15:46+00:00,56.39689981006086,-4.830058626830578,614.0,7794.07,0.83,96,0,
2026-09-13T14:15:50+00:00,56.39690903015435,-4.830118305981159,613.2,7797.99,0.905,96,56,
2026-09-13T14:15:54+00:00,56.39692420139909,-4.830157281830907,612.4000000000001,7800.94,0.942,96,58,
2026-09-13T14:15:56+00:00,56.39692914672196,-4.83017647638917,612.0,7802.22,0.942,97,52,
2026-09-13T14:16:02+00:00,56.39694138430059,-4.83024294488132,611.0,7806.62,0.905,96,0,
2026-09-13T14:16:04+00:00,56.39694423414767,-4.830267503857613,610.5999999999999,7808.17,0.886,96,0,
2026-09-13T14:16:08+00:00,56.39694465324283,-4.830325925722718,609.8,7811.75,0.858,96,51,
2026-09-13T14:16:12+00:00,56.39694465324283,-4.8303768038749695,609.4000000000001,7814.91,0.877,96,56,
2026-09-13T14:16:15+00:00,56.39694490469992,-4.83042424544692,608.5999999999999,7817.82,0.896,98,56,
2026-09-13T14:16:18+00:00,56.39693392440677,-4.830470513552427,608.4000000000001,7820.9,0.914,94,56,
2026-09-13T14:16:22+00:00,56.39692864380777,-4.830522816628218,608.0,7824.24,0.924,97,56,
2026-09-13T14:16:25+00:00,56.39692478813231,-4.830567073076963,607.5999999999999,7827.0,0.924,96,0,
2026-09-13T14:16:29+00:00,56.39691833406687,-4.8306062165647745,607.0,7829.5,0.933,96,0,
2026-09-13T14:16:31+00:00,56.39691640622914,-4.830630272626877,606.5999999999999,7830.98,0.914,96,0,
2026-09-13T14:16:33+00:00,56.39691540040076,-4.830657513812184,606.4000000000001,7832.65,0.905,97,0,
2026-09-13T14:16:34+00:00,56.39691464602947,-4.830669164657593,606.2,7833.37,0.896,97,56,
2026-09-13T14:16:37+00:00,56.39691079035401,-4.830699674785137,605.5999999999999,7835.3,0.877,97,56,
2026-09-13T14:16:43+00:00,56.39690475538373,-4.830760946497321,604.4000000000001,7839.18,0.858,97,57,
2026-09-13T14:16:48+00:00,56.39691347256303,-4.830837054178119,603.2,7843.97,0.84,96,58,
2026-09-13T14:16:51+00:00,56.39692562632263,-4.830871503800154,602.5999999999999,7846.47,0.84,100,58,
2026-09-13T14:16:53+00:00,56.396932834759355,-4.830895811319351,602.2,7848.15,0.849,103,58,
2026-09-13T14:16:54+00:00,56.396936271339655,-4.830906791612506,602.0,7848.92,0.849,103,58,
2026-09-13T14:16:58+00:00,56.396945994347334,-4.830935373902321,601.2,7851.02,0.849,104,58,
2026-09-13T14:17:01+00:00,56.396951442584395,-4.8309634532779455,600.8,7852.86,0.83,103,58,
2026-09-13T14:17:03+00:00,56.39695689082146,-4.83097979798913,600.0,7854.0,0.83,103,55,
2026-09-13T14:17:08+00:00,56.396971978247166,-4.831021707504988,598.8,7857.06,0.793,102,0,
2026-09-13T14:17:11+00:00,56.396984215825796,-4.8310362081974745,598.0,7858.67,0.774,101,55,
2026-09-13T14:17:14+00:00,56.39699988998473,-4.831047272309661,597.5999999999999,7860.53,0.756,100,0,
2026-09-13T14:17:18+00:00,56.397004164755344,-4.831066634505987,596.8,7861.83,0.728,99,0,
2026-09-13T14:17:20+00:00,56.39700525440276,-4.831087253987789,596.5999999999999,7863.11,0.7,99,0,
2026-09-13T14:17:26+00:00,56.396999303251505,-4.831139221787453,595.4000000000001,7866.38,0.653,97,0,
2026-09-13T14:17:28+00:00,56.39699419029057,-4.83115766197443,595.0,7867.65,0.634,97,0,
2026-09-13T14:17:35+00:00,56.39699745923281,-4.831215916201472,594.4000000000001,7871.64,0.616,94,0,
2026-09-13T14:17:37+00:00,56.39699628576636,-4.831236284226179,594.2,7872.9,0.616,95,0,
2026-09-13T14:17:38+00:00,56.39699527993798,-4.831248940899968,594.0,7873.69,0.616,95,0,
2026-09-13T14:17:42+00:00,56.39700450003147,-4.831267548725009,593.2,7875.21,0.606,92,0,
2026-09-13T14:17:43+00:00,56.39700508676469,-4.831269895657897,593.0,7875.37,0.606,94,0,
2026-09-13T14:17:45+00:00,56.397007601335645,-4.8312718234956264,592.8,7875.65,0.579,94,0,
2026-09-13T14:17:52+00:00,56.39703165739775,-4.83129009604454,592.0,7879.35,0.56,96,51,
2026-09-13T14:17:57+00:00,56.39705227687955,-4.831296885386109,590.8,7881.64,0.569,98,53,
2026-09-13T14:18:01+00:00,56.397050097584724,-4.831315912306309,590.0,7882.99,0.56,100,0,
2026-09-13T14:18:03+00:00,56.39704531989992,-4.831331921741366,589.8,7884.11,0.532,99,0,
2026-09-13T14:18:12+00:00,56.39703433960676,-4.83136972412467,589.0,7886.92,0.429,98,0,
2026-09-13T14:18:14+00:00,56.39703274704516,-4.83138632029295,588.8,7887.96,0.411,98,0,
2026-09-13T14:18:20+00:00,56.39703316614032,-4.831420937553048,587.5999999999999,7890.43,0.373,96,0,
2026-09-13T14:18:23+00:00,56.39702562242746,-4.831437533721328,587.4000000000001,7891.77,0.373,96,0,
2026-09-13T14:18:29+00:00,56.39701137319207,-4.831490255892277,586.4000000000001,7895.42,0.364,97,56,
2026-09-13T14:18:34+00:00,56.39701665379107,-4.831521520391107,586.0,7897.44,0.373,96,0,
2026-09-13T14:18:38+00:00,56.39702503569424,-4.831534679979086,585.4000000000001,7898.66,0.364,96,0,
2026-09-13T14:18:43+00:00,56.39702151529491,-4.831566531211138,584.4000000000001,7900.86,0.355,94,0,
2026-09-13T14:18:44+00:00,56.39701916836202,-4.831574745476246,584.2,7901.41,0.355,94,0,
2026-09-13T14:18:49+00:00,56.39702235348523,-4.831606345251203,583.2,7903.48,0.364,91,0,
2026-09-13T14:18:51+00:00,56.39702000655234,-4.83162428252399,582.8,7904.64,0.364,96,0,
2026-09-13T14:18:56+00:00,56.397016905248165,-4.831661079078913,582.0,7906.86,0.364,98,0,
2026-09-13T14:18:59+00:00,56.39701237902045,-4.831678094342351,581.4000000000001,7908.02,0.364,97,0,
2026-09-13T14:19:10+00:00,56.397014474496245,-4.831681111827493,581.0,7908.16,0.28,97,0,
2026-09-13T14:19:13+00:00,56.397014474496245,-4.831681111827493,580.5999999999999,7908.16,0.243,98,0,
2026-09-13T14:19:17+00:00,56.397014474496245,-4.831681111827493,579.8,7908.16,0.0,100,55,
2026-09-13T14:19:23+00:00,56.39701522886753,-4.831684464588761,578.5999999999999,7908.35,0.0,100,0,
2026-09-13T14:19:30+00:00,56.39702235348523,-4.83175135217607,577.5999999999999,7912.25,0.0,101,53,
2026-09-13T14:19:31+00:00,56.39702268876135,-4.831764008849859,577.4000000000001,7913.01,0.0,104,53,
2026-09-13T14:19:35+00:00,56.397026209160686,-4.831790076568723,576.4000000000001,7914.52,0.0,104,50,
2026-09-13T14:19:42+00:00,56.39703182503581,-4.831856628879905,575.4000000000001,7918.44,0.0,104,56,
2026-09-13T14:19:48+00:00,56.39705931767821,-4.8319002985954285,574.4000000000001,7920.51,0.0,107,57,
2026-09-13T14:19:49+00:00,56.397063257172704,-4.831907507032156,574.2,7920.87,0.0,104,57,
2026-09-13T14:19:54+00:00,56.39706811867654,-4.831932568922639,573.2,7922.28,0.0,104,0,
2026-09-13T14:19:59+00:00,56.3970738183707,-4.831959558650851,572.0,7923.8,0.0,103,62,
2026-09-13T14:20:05+00:00,56.39709049835801,-4.83200934715569,571.0,7926.47,0.0,103,0,
2026-09-13T14:20:11+00:00,56.39710365794599,-4.832046143710613,569.8,7928.43,0.0,102,0,
2026-09-13T14:20:16+00:00,56.397114638239145,-4.8320746421813965,568.5999999999999,7929.92,0.0,103,0,
2026-09-13T14:20:21+00:00,56.397124361246824,-4.8321120254695415,568.2,7931.99,0.0,100,0,
2026-09-13T14:20:24+00:00,56.39712503179908,-4.832136835902929,567.4000000000001,7933.48,0.0,101,0,
2026-09-13T14:20:31+00:00,56.39713835902512,-4.832181176170707,566.4000000000001,7935.89,0.0,100,0,
2026-09-13T14:20:41+00:00,56.39714707620442,-4.8322507459670305,565.4000000000001,7939.93,0.0,102,0,
2026-09-13T14:20:46+00:00,56.39714917168021,-4.832298522815108,564.2,7942.78,0.0,101,0,
2026-09-13T14:20:54+00:00,56.39715244062245,-4.832373121753335,563.2,7947.23,0.0,98,0,
2026-09-13T14:20:58+00:00,56.39716283418238,-4.832385024055839,562.5999999999999,7947.74,0.0,95,0,
2026-09-13T14:21:00+00:00,56.397170796990395,-4.8323904722929,562.2,7947.9,0.0,95,0,
2026-09-13T14:21:06+00:00,56.39718487858772,-4.832410588860512,561.2,7948.83,0.0,95,0,
2026-09-13T14:21:12+00:00,56.397204576060176,-4.832443613559008,560.0,7950.42,0.0,96,49,
2026-09-13T14:21:19+00:00,56.3972239382565,-4.832497425377369,559.0,7953.41,0.0,97,0,
2026-09-13T14:21:24+00:00,56.397245060652494,-4.832670511677861,558.2,7964.34,0.429,97,0,
2026-09-13T14:21:26+00:00,56.3972532749176,-4.832748714834452,557.8,7969.25,1.652,97,55,
2026-09-13T14:21:33+00:00,56.39727791771293,-4.83294066041708,556.8,7981.33,1.484,95,59,
2026-09-13T14:21:34+00:00,56.39728110283613,-4.832964465022087,556.5999999999999,7982.83,1.493,96,59,
2026-09-13T14:21:41+00:00,56.3972862996161,-4.833122296258807,555.5999999999999,7992.67,1.577,97,61,
2026-09-13T14:21:43+00:00,56.397299375385046,-4.833140484988689,555.2,7994.55,1.596,98,61,
2026-09-13T14:21:46+00:00,56.397313456982374,-4.833129169419408,554.8,7996.4,1.596,99,61,
2026-09-13T14:21:47+00:00,56.39731680974364,-4.833134617656469,554.8,7996.85,1.596,100,0,
2026-09-13T14:21:50+00:00,56.39732535928488,-4.833171330392361,554.5999999999999,7999.27,1.512,102,0,
2026-09-13T14:21:51+00:00,56.39732661657035,-4.833185328170657,554.4000000000001,8000.14,1.484,102,0,
2026-09-13T14:21:54+00:00,56.39732535928488,-4.833242828026414,554.2,8003.72,1.409,102,0,
2026-09-13T14:21:59+00:00,56.39732988551259,-4.833324886858463,553.4000000000001,8008.84,1.344,102,0,
2026-09-13T14:22:02+00:00,56.39733424410224,-4.833378363400698,552.8,8012.18,1.316,103,57,
2026-09-13T14:22:05+00:00,56.397346230223775,-4.833433097228408,552.2,8015.81,1.316,104,57,
2026-09-13T14:22:10+00:00,56.39736198820174,-4.833519598469138,551.0,8021.39,1.325,106,59,
2026-09-13T14:22:13+00:00,56.39736684970558,-4.833569973707199,550.4000000000001,8024.55,1.334,108,59,
2026-09-13T14:22:17+00:00,56.397391743957996,-4.833620768040419,550.0,8028.71,1.325,107,57,
2026-09-13T14:22:20+00:00,56.39741085469723,-4.833667119964957,549.4000000000001,8032.28,1.316,106,57,
2026-09-13T14:22:22+00:00,56.3974277023226,-4.833696037530899,548.8,8034.88,1.316,105,59,
2026-09-13T14:22:27+00:00,56.39744723215699,-4.833776084706187,547.5999999999999,8040.29,1.306,104,57,
2026-09-13T14:22:29+00:00,56.39745293185115,-4.833808522671461,547.4000000000001,8042.37,1.306,104,57,
2026-09-13T14:22:33+00:00,56.39747011475265,-4.833859149366617,546.4000000000001,8045.99,1.297,103,58,
2026-09-13T14:22:39+00:00,56.3974898122251,-4.833940034732223,545.4000000000001,8051.47,1.269,103,58,
2026-09-13T14:22:42+00:00,56.39749450609088,-4.833950009196997,544.8,8052.27,1.241,104,0,
2026-09-13T14:22:44+00:00,56.39749567955732,-4.833951266482472,544.5999999999999,8052.42,1.176,105,0,
2026-09-13T14:22:46+00:00,56.39749551191926,-4.833942884579301,544.4000000000001,8052.94,1.073,105,0,
2026-09-13T14:22:56+00:00,56.39749148860574,-4.833944560959935,544.4000000000001,8053.05,0.0,102,0,
2026-09-13T14:22:58+00:00,56.39749148860574,-4.833944560959935,544.4000000000001,8053.05,0.0,99,0,
2026-09-13T14:23:01+00:00,56.39749174006283,-4.833944560959935,544.2,8053.05,0.0,97,0,
2026-09-13T14:23:02+00:00,56.39749174006283,-4.833944560959935,544.2,8053.05,0.0,97,0,
2026-09-13T14:23:11+00:00,56.39749291352928,-4.833945985883474,543.4000000000001,8053.05,0.0,100,0,
2026-09-13T14:23:12+00:00,56.3974935002625,-4.83394774608314,543.2,8053.05,0.0,100,0,
2026-09-13T14:23:17+00:00,56.39751219190657,-4.834042126312852,542.0,8059.22,0.0,101,0,
2026-09-13T14:23:18+00:00,56.397517221048474,-4.834060650318861,541.5999999999999,8060.49,0.0,102,0,
2026-09-13T14:23:22+00:00,56.397526524960995,-4.834149582311511,540.8,8065.82,0.401,102,56,
2026-09-13T14:23:25+00:00,56.39750917442143,-4.834172548726201,540.4000000000001,8068.18,0.821,103,56,
2026-09-13T14:23:27+00:00,56.39751076698303,-4.8341950960457325,540.2,8069.63,0.905,104,56,
2026-09-13T14:23:29+00:00,56.397517807781696,-4.834215464070439,539.5999999999999,8071.11,0.924,105,48,
2026-09-13T14:23:30+00:00,56.39752141200006,-4.834227450191975,539.4000000000001,8071.95,0.924,103,48,
2026-09-13T14:23:31+00:00,56.39752493239939,-4.83424530364573,539.2,8073.12,0.914,105,48,
2026-09-13T14:23:32+00:00,56.39752870425582,-4.834261732175946,539.0,8074.22,0.914,105,48,
2026-09-13T14:23:35+00:00,56.39754337258637,-4.834304479882121,538.4000000000001,8077.38,0.961,104,48,
2026-09-13T14:23:39+00:00,56.397569105029106,-4.834361560642719,538.0,8081.9,1.017,104,57,
2026-09-13T14:23:43+00:00,56.397588551044464,-4.834422245621681,537.4000000000001,8086.33,1.11,104,56,
2026-09-13T14:23:47+00:00,56.397590981796384,-4.834482511505485,536.8,8090.03,1.138,105,56,
2026-09-13T14:23:48+00:00,56.397595256567,-4.834492821246386,536.5999999999999,8090.83,1.148,104,56,
2026-09-13T14:23:50+00:00,56.397603303194046,-4.834510926157236,536.2,8092.27,1.148,103,56,
2026-09-13T14:23:52+00:00,56.39761294238269,-4.83452282845974,535.8,8093.56,1.138,104,56,
2026-09-13T14:23:54+00:00,56.39762409031391,-4.834535736590624,535.2,8095.02,1.12,104,59,
2026-09-13T14:23:55+00:00,56.39762735925615,-4.834547471255064,535.0,8095.78,1.11,107,59,
2026-09-13T14:23:57+00:00,56.39763272367418,-4.8345706053078175,534.5999999999999,8097.33,1.092,104,55,
2026-09-13T14:23:59+00:00,56.39764253050089,-4.83459809795022,534.2,8099.35,1.073,104,57,
2026-09-13T14:24:02+00:00,56.39764663763344,-4.834619304165244,533.8,8100.7,1.036,103,57,
2026-09-13T14:24:05+00:00,56.39764454215765,-4.834664650261402,533.4000000000001,8103.58,0.98,103,57,
2026-09-13T14:24:06+00:00,56.39764655381441,-4.834677474573255,533.2,8104.4,0.98,103,41,
2026-09-13T14:24:08+00:00,56.3976504933089,-4.834689795970917,533.2,8105.28,0.98,103,0,
2026-09-13T14:24:12+00:00,56.39766004867852,-4.834716031327844,532.8,8107.21,0.858,101,0,
2026-09-13T14:24:16+00:00,56.397665832191706,-4.8347441945225,532.2,8109.09,0.784,97,0,
2026-09-13T14:24:18+00:00,56.39766566455364,-4.834769172593951,532.0,8110.63,0.756,99,0,
2026-09-13T14:24:21+00:00,56.39767010696232,-4.834795827046037,531.5999999999999,8112.33,0.718,101,0,
2026-09-13T14:24:26+00:00,56.397685278207064,-4.8348079808056355,531.0,8114.18,0.672,101,0,
2026-09-13T14:24:30+00:00,56.39769592322409,-4.8348241578787565,530.5999999999999,8115.81,0.634,100,0,
2026-09-13T14:24:33+00:00,56.39770648442209,-4.834851315245032,530.0,8117.86,0.625,97,53,
2026-09-13T14:24:37+00:00,56.39771578833461,-4.834873275831342,529.4000000000001,8119.63,0.616,94,0,
2026-09-13T14:24:42+00:00,56.39770455658436,-4.834916861727834,528.8,8122.51,0.606,92,55,
2026-09-13T14:24:46+00:00,56.397706316784024,-4.8349587712436914,528.4000000000001,8125.03,0.681,93,68,
2026-09-13T14:24:50+00:00,56.39771251939237,-4.834981318563223,527.5999999999999,8126.71,0.746,95,76,
2026-09-13T14:24:52+00:00,56.39771453104913,-4.835001770406961,527.4000000000001,8128.0,0.737,96,76,
2026-09-13T14:24:59+00:00,56.3977506570518,-4.8350591864436865,526.5999999999999,8133.47,0.756,98,57,
2026-09-13T14:25:00+00:00,56.397751830518246,-4.835060108453035,526.5999999999999,8133.61,0.756,98,57,
2026-09-13T14:25:04+00:00,56.397763565182686,-4.835092714056373,526.4000000000001,8135.94,0.662,99,0,
2026-09-13T14:25:12+00:00,56.39781201258302,-4.835110399872065,525.8,8141.88,0.672,100,49,
2026-09-13T14:25:14+00:00,56.39781863428652,-4.835119871422648,525.5999999999999,8142.82,0.672,100,49,
2026-09-13T14:25:18+00:00,56.39783648774028,-4.835151135921478,525.0,8145.59,0.681,104,53,
2026-09-13T14:25:19+00:00,56.397837745025754,-4.835158679634333,524.8,8146.05,0.681,107,53,
2026-09-13T14:25:21+00:00,56.397849982604384,-4.8351790476590395,524.5999999999999,8147.9,0.681,110,59,
2026-09-13T14:25:23+00:00,56.39786230400205,-4.835192039608955,524.0,8149.48,0.69,112,0,
2026-09-13T14:25:25+00:00,56.39787135645747,-4.835196817293763,523.4,8150.53,0.709,114,0,
2026-09-13T14:25:33+00:00,56.39790999703109,-4.83525138348341,522.4,8156.58,0.718,111,56,
2026-09-13T14:25:34+00:00,56.397910080850124,-4.835263453423977,522.2,8157.31,0.718,111,56,
2026-09-13T14:25:40+00:00,56.39791578054428,-4.83531491830945,521.4,8160.64,0.728,108,0,
2026-09-13T14:25:43+00:00,56.397914942353964,-4.835347188636661,520.6,8162.65,0.709,106,0,
2026-09-13T14:25:46+00:00,56.39792206697166,-4.835379542782903,520.0,8164.83,0.7,105,0,
2026-09-13T14:25:52+00:00,56.39794662594795,-4.835439221933484,519.0,8169.87,0.69,105,54,
2026-09-13T14:25:59+00:00,56.39797638170421,-4.83554701320827,518.0,8177.46,0.756,103,59,
2026-09-13T14:26:00+00:00,56.39797587879002,-4.835559753701091,517.8,8178.25,0.765,102,59,
2026-09-13T14:26:05+00:00,56.39798308722675,-4.835622366517782,516.8,8182.22,0.802,102,57,
2026-09-13T14:26:07+00:00,56.397992726415396,-4.835643824189901,516.4,8183.92,0.802,101,57,
2026-09-13T14:26:11+00:00,56.39801116660237,-4.835681710392237,515.6,8187.08,0.802,101,57,
2026-09-13T14:26:16+00:00,56.398047460243106,-4.835726134479046,514.8,8192.06,0.812,102,57,
2026-09-13T14:26:17+00:00,56.39805542305112,-4.835740467533469,514.6,8193.31,0.812,102,57,
2026-09-13T14:26:23+00:00,56.39809062704444,-4.8357450775802135,513.6,8197.46,0.821,100,59,
2026-09-13T14:26:30+00:00,56.398143684491515,-4.835741724818945,513.0,8203.51,0.821,98,0,
2026-09-13T14:26:40+00:00,56.3982187025249,-4.835846079513431,512.8,8214.14,0.84,96,55,
2026-09-13T14:26:41+00:00,56.39822389930487,-4.8358563054353,512.4,8214.99,0.849,96,59,
2026-09-13T14:26:48+00:00,56.398271257057786,-4.835928725078702,511.4,8221.96,0.868,96,54,
2026-09-13T14:26:50+00:00,56.39828751794994,-4.835944902151823,511.20000000000005,8224.02,0.868,96,54,
2026-09-13T14:26:58+00:00,56.398330265656114,-4.836037354543805,510.20000000000005,8231.72,0.896,97,53,
2026-09-13T14:27:01+00:00,56.39833403751254,-4.836085382848978,510.0,8234.69,0.896,96,53,
2026-09-13T14:27:07+00:00,56.398347448557615,-4.836181523278356,509.20000000000005,8240.8,0.914,95,57,
2026-09-13T14:27:09+00:00,56.398350298404694,-4.836214631795883,508.79999999999995,8242.87,0.914,95,57,
2026-09-13T14:27:12+00:00,56.39836119487882,-4.836268108338118,508.20000000000005,8246.39,0.924,96,56,
2026-09-13T14:27:16+00:00,56.39836806803942,-4.836340192705393,507.20000000000005,8250.91,0.942,97,57,
2026-09-13T14:27:20+00:00,56.398391872644424,-4.836397022008896,507.0,8255.41,0.952,97,55,
2026-09-13T14:27:24+00:00,56.39842741191387,-4.8364359978586435,506.20000000000005,8260.01,0.98,97,58,
2026-09-13T14:27:29+00:00,56.39845171943307,-4.836507914587855,505.4,8265.24,1.008,96,58,
2026-09-13T14:27:31+00:00,56.398457419127226,-4.836529456079006,505.0,8266.72,1.017,97,59,
2026-09-13T14:27:38+00:00,56.398491617292166,-4.836577735841274,504.20000000000005,8271.64,0.961,98,55,
2026-09-13T14:27:40+00:00,56.39849656261504,-4.836593326181173,503.79999999999995,8272.75,0.924,98,55,
2026-09-13T14:27:45+00:00,56.39849413186312,-4.836662225425243,503.0,8277.04,0.886,97,0,
2026-09-13T14:27:47+00:00,56.398500921204686,-4.836682174354792,502.79999999999995,8278.47,0.868,99,0,
2026-09-13T14:27:53+00:00,56.39851634390652,-4.836745373904705,502.4,8282.79,0.83,98,0,
2026-09-13T14:27:56+00:00,56.39852807857096,-4.836783427745104,502.0,8285.49,0.812,95,0,
2026-09-13T14:27:59+00:00,56.398531598970294,-4.836817039176822,501.79999999999995,8287.6,0.812,91,58,
2026-09-13T14:28:00+00:00,56.39853327535093,-4.836834138259292,501.79999999999995,8288.67,0.812,91,58,
2026-09-13T14:28:02+00:00,56.398539477959275,-4.836860541254282,501.6,8290.42,0.821,91,58,
2026-09-13T14:28:04+00:00,56.398551715537906,-4.836895577609539,501.4,8292.98,0.821,88,0,
2026-09-13T14:28:07+00:00,56.3985691498965,-4.836928769946098,501.20000000000005,8295.82,0.83,91,0,
2026-09-13T14:28:10+00:00,56.39858951792121,-4.83693958260119,501.0,8298.17,0.84,89,0,
2026-09-13T14:28:12+00:00,56.39860259369016,-4.836932877078652,500.79999999999995,8299.71,0.849,89,0,
2026-09-13T14:28:16+00:00,56.398628829047084,-4.836902534589171,500.20000000000005,8303.19,0.849,89,59,
2026-09-13T14:28:21+00:00,56.39863905496895,-4.836908904835582,499.6,8304.96,0.84,86,0,
2026-09-13T14:28:29+00:00,56.39866520650685,-4.836926255375147,499.6,8308.04,0.718,88,0,
2026-09-13T14:28:36+00:00,56.39869797974825,-4.836971014738083,498.6,8312.82,0.774,87,57,
2026-09-13T14:28:43+00:00,56.39870879240334,-4.836975708603859,498.0,8314.18,0.513,89,0,
2026-09-13T14:28:49+00:00,56.39872882515192,-4.836977804079652,497.79999999999995,8316.43,0.467,92,0,
2026-09-13T14:28:50+00:00,56.398730585351586,-4.836977636441588,497.6,8316.63,0.467,92,0,
2026-09-13T14:28:51+00:00,56.39873410575092,-4.836980737745762,497.4,8317.06,0.439,93,0,
2026-09-13T14:29:01+00:00,56.39877903275192,-4.837009655311704,496.6,8322.79,0.457,95,61,
2026-09-13T14:29:03+00:00,56.39878833666444,-4.8370185401290655,496.20000000000005,8323.92,0.485,94,41,
2026-09-13T14:29:08+00:00,56.39880199916661,-4.837021725252271,495.6,8325.57,0.0,94,0,
2026-09-13T14:29:16+00:00,56.398842902854085,-4.837047960609198,495.4,8330.34,0.0,93,0,
2026-09-13T14:29:18+00:00,56.39885832555592,-4.837065311148763,495.20000000000005,8332.34,0.0,94,0,
2026-09-13T14:29:25+00:00,56.39889160171151,-4.837114932015538,494.4,8337.15,0.0,96,57,
2026-09-13T14:29:27+00:00,56.398899145424366,-4.837127840146422,494.20000000000005,8338.31,0.0,96,57,
2026-09-13T14:29:30+00:00,56.398912807926536,-4.8371463641524315,493.79999999999995,8340.21,0.0,99,57,
2026-09-13T14:29:33+00:00,56.398925464600325,-4.83716681599617,493.4,8342.11,0.233,100,62,
2026-09-13T14:29:35+00:00,56.39893485233188,-4.837180143222213,493.0,8343.46,0.373,98,62,
2026-09-13T14:29:41+00:00,56.39895656146109,-4.837211407721043,492.20000000000005,8346.71,0.653,98,59,
2026-09-13T14:29:42+00:00,56.39895748347044,-4.837222723290324,492.0,8347.37,0.662,100,0,
2026-09-13T14:29:43+00:00,56.398961087688804,-4.837232530117035,491.79999999999995,8348.08,0.672,97,0,
2026-09-13T14:29:49+00:00,56.398980114609,-4.837283408269286,491.20000000000005,8352.12,0.69,96,0,
2026-09-13T14:29:50+00:00,56.39898665249348,-4.837286928668618,491.0,8352.85,0.69,96,0,
2026-09-13T14:29:56+00:00,56.39902051538229,-4.837345266714692,490.6,8358.12,0.718,94,0,
2026-09-13T14:30:02+00:00,56.39906192198396,-4.837419614195824,490.0,8364.63,0.774,92,0,
2026-09-13T14:30:04+00:00,56.39907281845808,-4.837445765733719,489.79999999999995,8366.65,0.802,92,56,
2026-09-13T14:30:11+00:00,56.39912621118128,-4.837534027174115,488.79999999999995,8374.74,0.877,93,59,
2026-09-13T14:30:13+00:00,56.399144399911165,-4.837551461532712,488.6,8377.04,0.933,93,58,
2026-09-13T14:30:21+00:00,56.39919544570148,-4.8376505356282,487.79999999999995,8385.41,1.008,95,58,
2026-09-13T14:30:23+00:00,56.399201564490795,-4.837682722136378,487.6,8387.5,1.017,96,0,
2026-09-13T14:30:31+00:00,56.399239115417004,-4.83781130053103,487.0,8396.49,1.036,99,56,
2026-09-13T14:30:33+00:00,56.399244982749224,-4.837829656898975,486.79999999999995,8397.76,1.036,99,56,
2026-09-13T14:30:34+00:00,56.39924523420632,-4.837830578908324,486.6,8397.83,1.036,98,56,
2026-09-13T14:30:45+00:00,56.399244982749224,-4.837828064337373,486.20000000000005,8397.87,0.0,101,0,
2026-09-13T14:31:20+00:00,56.39927314594388,-4.837889922782779,486.0,8402.85,0.0,99,62,
2026-09-13T14:31:21+00:00,56.39928236603737,-4.8379014898091555,485.79999999999995,8404.06,0.383,99,62,
2026-09-13T14:31:25+00:00,56.39931463636458,-4.837919594720006,485.0,8407.77,0.952,99,62,
2026-09-13T14:31:27+00:00,56.399325700476766,-4.837915487587452,484.6,8409.02,0.942,99,0,
2026-09-13T14:31:29+00:00,56.399336429312825,-4.83791439794004,484.20000000000005,8410.2,0.905,99,0,
2026-09-13T14:31:33+00:00,56.39936903491616,-4.837927557528019,483.4,8413.98,0.821,99,0,
2026-09-13T14:31:37+00:00,56.39939225278795,-4.837905345484614,482.79999999999995,8416.9,0.83,96,0,
2026-09-13T14:31:38+00:00,56.39939627610147,-4.8379003163427114,482.6,8417.44,0.83,99,0,
2026-09-13T14:31:44+00:00,56.399399964138865,-4.837883468717337,482.4,8418.56,0.709,97,0,
2026-09-13T14:31:50+00:00,56.3994344137609,-4.837869051843882,481.6,8422.51,0.634,100,55,
2026-09-13T14:31:53+00:00,56.39945587143302,-4.837855556979775,481.4,8425.01,0.662,101,0,
2026-09-13T14:31:59+00:00,56.39946433715522,-4.837853880599141,481.20000000000005,8426.1,0.625,101,0,
2026-09-13T14:32:01+00:00,56.39946425333619,-4.837853293865919,481.20000000000005,8426.1,0.597,101,0,
2026-09-13T14:32:37+00:00,56.399475652724504,-4.837857400998473,481.20000000000005,8427.49,0.0,98,0,
2026-09-13T14:32:54+00:00,56.39948680065572,-4.8378567304462194,480.20000000000005,8428.72,0.0,100,0,
2026-09-13T14:33:11+00:00,56.399481520056725,-4.837855808436871,479.6,8428.72,0.0,103,0,
2026-09-13T14:33:18+00:00,56.399495182558894,-4.8379170801490545,479.6,8432.84,0.0,102,0,
2026-09-13T14:33:23+00:00,56.399514293298125,-4.838024619966745,479.20000000000005,8439.79,0.448,101,54,
2026-09-13T14:33:26+00:00,56.399529883638024,-4.838083880022168,478.79999999999995,8443.96,1.054,100,54,
2026-09-13T14:33:31+00:00,56.399531895294785,-4.83815579675138,478.4,8448.5,1.064,100,54,
2026-09-13T14:33:32+00:00,56.39952803961933,-4.838169291615486,478.0,8449.41,1.036,100,54,
2026-09-13T14:33:34+00:00,56.399518651887774,-4.838198879733682,477.6,8451.51,1.036,100,54,
2026-09-13T14:33:38+00:00,56.39951270073652,-4.83825889416039,477.20000000000005,8455.69,1.036,98,54,
2026-09-13T14:33:39+00:00,56.399518651887774,-4.838271550834179,477.0,8456.7,1.036,101,0,
2026-09-13T14:33:41+00:00,56.399526027962565,-4.838288649916649,476.6,8458.07,1.036,101,0,
2026-09-13T14:33:43+00:00,56.399528877809644,-4.838286889716983,476.4,8458.34,1.017,101,0,
2026-09-13T14:33:48+00:00,56.3995345775038,-4.8382925894111395,476.20000000000005,8459.13,0.84,103,0,
2026-09-13T14:33:55+00:00,56.39954245649278,-4.838305078446865,476.4,8460.3,0.606,106,0,
2026-09-13T14:33:59+00:00,56.39954245649278,-4.838305078446865,476.20000000000005,8460.3,0.0,109,0,
2026-09-13T14:34:01+00:00,56.39954245649278,-4.838305078446865,476.20000000000005,8460.3,0.0,106,0,
2026-09-13T14:34:06+00:00,56.3995485752821,-4.8383293859660625,475.79999999999995,8461.95,0.0,104,0,
2026-09-13T14:34:09+00:00,56.399558214470744,-4.838381940498948,475.79999999999995,8465.35,0.0,103,0,
2026-09-13T14:34:17+00:00,56.399609092622995,-4.838524684309959,475.4,8475.91,0.868,100,55,
2026-09-13T14:34:19+00:00,56.39961219392717,-4.838554440066218,475.20000000000005,8477.79,0.933,101,56,
2026-09-13T14:34:23+00:00,56.39960867352784,-4.838584614917636,474.79999999999995,8479.71,1.026,100,0,
2026-09-13T14:34:24+00:00,56.39960867352784,-4.838587632402778,474.79999999999995,8479.9,0.942,100,0,
2026-09-13T14:34:31+00:00,56.39960439875722,-4.838608084246516,474.6,8481.17,0.672,100,0,
2026-09-13T14:34:36+00:00,56.399602722376585,-4.838596936315298,474.6,8482.8,0.0,103,0,
2026-09-13T14:34:39+00:00,56.39959945343435,-4.8385597206652164,474.79999999999995,8484.91,0.0,102,0,
2026-09-13T14:34:45+00:00,56.399582186713815,-4.838446145877242,475.20000000000005,8492.13,0.0,102,57,
2026-09-13T14:34:49+00:00,56.399594424292445,-4.838400296866894,475.4,8495.2,0.0,101,0,
2026-09-13T14:34:54+00:00,56.399568943306804,-4.83840306289494,475.6,8498.06,0.0,102,0,
2026-09-13T14:34:58+00:00,56.399570535868406,-4.838416976854205,475.79999999999995,8500.41,0.0,100,0,
2026-09-13T14:35:07+00:00,56.39957011677325,-4.838429130613804,475.6,8501.15,0.0,102,0,
2026-09-13T14:35:09+00:00,56.39957011677325,-4.838428879156709,475.4,8501.15,0.0,106,0,
2026-09-13T14:35:12+00:00,56.39957011677325,-4.838427538052201,475.6,8501.15,0.0,109,0,
2026-09-13T14:35:41+00:00,56.399538768455386,-4.8383803479373455,475.6,8503.62,0.0,107,62,
2026-09-13T14:35:49+00:00,56.399537762627006,-4.838372552767396,475.6,8503.83,0.0,104,0,
2026-09-13T14:35:53+00:00,56.399537762627006,-4.838369367644191,475.6,8503.86,0.0,101,0,
2026-09-13T14:35:57+00:00,56.39953927136958,-4.838362410664558,475.6,8504.14,0.0,98,0,
2026-09-13T14:35:59+00:00,56.39954027719796,-4.838341204449534,475.6,8505.44,0.0,98,19,
2026-09-13T14:36:04+00:00,56.39954228885472,-4.838301055133343,475.6,8507.09,0.0,101,0,
2026-09-13T14:36:05+00:00,56.399543629959226,-4.838296277448535,475.6,8507.41,0.0,101,0,
2026-09-13T14:36:15+00:00,56.3995501678437,-4.838281441479921,475.6,8508.62,0.0,100,0,
2026-09-13T14:36:18+00:00,56.3995501678437,-4.838281441479921,475.6,8508.62,0.0,96,0,
2026-09-13T14:36:19+00:00,56.399549916386604,-4.838281441479921,475.6,8508.62,0.0,93,0,
2026-09-13T14:36:21+00:00,56.39954790472984,-4.838281441479921,475.6,8508.62,0.0,90,0,
2026-09-13T14:36:33+00:00,56.39958243817091,-4.838264677673578,475.6,8513.3,0.0,90,0,
2026-09-13T14:36:39+00:00,56.399581180885434,-4.83823835849762,475.6,8516.51,0.0,92,0,
2026-09-13T14:36:45+00:00,56.399573888629675,-4.838233580812812,475.6,8517.41,0.0,91,0,
2026-09-13T14:36:56+00:00,56.39957548119128,-4.838234419003129,475.6,8517.41,0.0,91,0,
2026-09-13T14:37:04+00:00,56.39957548119128,-4.838234419003129,475.6,8517.41,0.998,90,70,
2026-09-13T14:37:15+00:00,56.39957615174353,-4.838234419003129,475.6,8517.41,0.0,93,0,
2026-09-13T14:37:24+00:00,56.39957615174353,-4.838254619389772,475.4,8517.72,0.0,96,0,
2026-09-13T14:37:39+00:00,56.399558717384934,-4.838290074840188,475.79999999999995,8520.15,0.0,96,0,
2026-09-13T14:37:47+00:00,56.399558717384934,-4.838286470621824,475.4,8520.16,0.0,93,0,
2026-09-13T14:37:50+00:00,56.399558717384934,-4.8382863868027925,475.4,8520.16,0.0,96,0,
2026-09-13T14:38:07+00:00,56.3995829410851,-4.83829309232533,475.20000000000005,8520.18,0.0,99,0,
2026-09-13T14:38:08+00:00,56.39958428218961,-4.838293427601457,475.20000000000005,8520.18,0.0,96,0,
2026-09-13T14:38:35+00:00,56.39958386309445,-4.838303653523326,475.4,8520.85,0.0,93,0,
2026-09-13T14:38:52+00:00,56.399586126208305,-4.838296361267567,475.4,8520.85,0.0,96,0,
2026-09-13T14:39:15+00:00,56.39960112981498,-4.838282950222492,475.4,8520.85,0.0,99,0,
2026-09-13T14:39:22+00:00,56.39960456639528,-4.8382937628775835,475.4,8520.86,0.0,96,0,
2026-09-13T14:39:31+00:00,56.39959802851081,-4.83831899240613,475.4,8521.88,0.0,96,0,
2026-09-13T14:39:35+00:00,56.39959802851081,-4.838335756212473,475.4,8522.07,0.0,93,0,
2026-09-13T14:39:39+00:00,56.399594424292445,-4.8383458983153105,475.4,8522.58,0.0,90,0,
2026-09-13T14:39:54+00:00,56.399566093459725,-4.83836442232132,475.4,8525.88,0.0,93,0,
2026-09-13T14:39:59+00:00,56.399566093459725,-4.838367020711303,475.4,8525.9,0.0,97,0,
2026-09-13T14:40:01+00:00,56.39957866631448,-4.838351095095277,475.4,8527.62,0.0,102,0,
2026-09-13T14:40:03+00:00,56.39959459193051,-4.83832829631865,475.4,8529.88,0.0,105,0,
2026-09-13T14:40:05+00:00,56.39960682950914,-4.838316477835178,475.4,8531.1,0.0,109,0,
2026-09-13T14:40:08+00:00,56.399626191705465,-4.838313879445195,475.4,8533.17,0.0,109,0,
2026-09-13T14:40:13+00:00,56.39967514201999,-4.838316310197115,475.4,8538.5,0.0,106,73,
2026-09-13T14:40:14+00:00,56.39967346563935,-4.838321087881923,475.4,8538.84,0.0,106,0,
2026-09-13T14:40:16+00:00,56.39967044815421,-4.8383258655667305,477.79999999999995,8539.03,0.0,105,0,
2026-09-13T14:40:21+00:00,56.39966801740229,-4.838321674615145,478.0,8539.92,0.0,104,0,
2026-09-13T14:40:26+00:00,56.39968218281865,-4.8383064195513725,478.0,8541.97,0.0,101,0,
2026-09-13T14:40:29+00:00,56.399708334356546,-4.838301977142692,478.20000000000005,8544.9,0.0,101,0,
2026-09-13T14:40:36+00:00,56.39971990138292,-4.838349921628833,478.20000000000005,8548.26,0.0,101,48,
2026-09-13T14:40:42+00:00,56.39972560107708,-4.838358974084258,478.0,8550.51,0.28,101,50,
2026-09-13T14:40:46+00:00,56.3997296243906,-4.838397279381752,477.79999999999995,8552.5,0.0,100,0,
2026-09-13T14:40:51+00:00,56.39976893551648,-4.838397027924657,477.6,8556.79,0.0,99,0,
2026-09-13T14:40:58+00:00,56.39976130798459,-4.8383717983961105,477.79999999999995,8558.02,0.0,96,0,
2026-09-13T14:41:03+00:00,56.39975820668042,-4.838374396786094,477.79999999999995,8558.39,0.0,96,74,
2026-09-13T14:41:18+00:00,56.39979491941631,-4.838382359594107,477.79999999999995,8561.93,0.0,99,0,
2026-09-13T14:41:22+00:00,56.39984051696956,-4.838390238583088,477.79999999999995,8566.98,0.28,96,19,
2026-09-13T14:41:26+00:00,56.39987454749644,-4.83840549364686,477.79999999999995,8570.72,0.467,94,0,
2026-09-13T14:41:28+00:00,56.39988544397056,-4.838419491425157,477.79999999999995,8571.87,0.0,97,0,
2026-09-13T14:41:32+00:00,56.39988670125604,-4.838451510295272,477.79999999999995,8574.5,0.0,98,0,
2026-09-13T14:41:36+00:00,56.399908075109124,-4.838461065664887,477.79999999999995,8576.91,0.0,99,0,
2026-09-13T14:41:46+00:00,56.399907069280744,-4.8384778294712305,477.79999999999995,8578.17,0.0,97,0,
2026-09-13T14:41:53+00:00,56.399907069280744,-4.8384778294712305,477.79999999999995,8578.17,0.0,94,0,
2026-09-13T14:42:14+00:00,56.39991955831647,-4.838582016527653,477.79999999999995,8584.61,0.0,94,0,
2026-09-13T14:42:19+00:00,56.39996683225036,-4.838676983490586,477.79999999999995,8592.49,1.082,93,0,
2026-09-13T14:42:24+00:00,56.399980913847685,-4.83874068595469,477.6,8596.77,0.0,92,0,
2026-09-13T14:42:31+00:00,56.40000496990979,-4.838745128363371,477.79999999999995,8599.72,0.0,92,0,
2026-09-13T14:42:38+00:00,56.4000369887799,-4.838763233274221,477.79999999999995,8603.55,0.0,89,0,
2026-09-13T14:42:40+00:00,56.40004704706371,-4.838781673461199,477.6,8605.16,0.0,92,0,
2026-09-13T14:42:41+00:00,56.40004763379693,-4.838783266022801,477.6,8605.27,0.0,96,0,
2026-09-13T14:42:42+00:00,56.400045957416296,-4.8387835174798965,477.6,8605.27,0.0,96,0,
2026-09-13T14:42:46+00:00,56.40004503540695,-4.838791731745005,477.4,8605.85,0.0,95,0,
2026-09-13T14:42:50+00:00,56.40007982030511,-4.838799359276891,477.20000000000005,8609.72,0.0,98,0,
2026-09-13T14:42:53+00:00,56.40009054914117,-4.838811848312616,477.20000000000005,8611.66,0.0,98,0,
2026-09-13T14:42:55+00:00,56.40010152943432,-4.838823834434152,477.20000000000005,8613.12,0.0,101,0,
2026-09-13T14:42:57+00:00,56.40012047253549,-4.838852500542998,477.20000000000005,8615.9,0.0,104,74,
2026-09-13T14:42:59+00:00,56.40011552721262,-4.838883262127638,476.79999999999995,8617.86,0.0,105,74,
2026-09-13T14:43:03+00:00,56.400095243006945,-4.8389348946511745,476.4,8621.86,1.194,105,74,
2026-09-13T14:43:05+00:00,56.400086944922805,-4.838961800560355,476.4,8623.74,1.362,104,74,
2026-09-13T14:43:06+00:00,56.40007881447673,-4.838968338444829,476.4,8624.69,1.372,105,0,
2026-09-13T14:43:12+00:00,56.40006607398391,-4.8390483018010855,476.6,8629.92,0.0,106,0,
2026-09-13T14:43:17+00:00,56.400085939094424,-4.839065484702587,476.4,8632.4,0.0,107,0,
2026-09-13T14:43:22+00:00,56.400105971843004,-4.8390494752675295,476.0,8635.33,0.0,105,0,
2026-09-13T14:43:24+00:00,56.4001181256026,-4.839065987616777,475.6,8636.62,0.0,104,0,
2026-09-13T14:43:27+00:00,56.40012533403933,-4.839088451117277,475.20000000000005,8638.1,0.0,105,0,
2026-09-13T14:43:32+00:00,56.40014159493148,-4.839125331491232,474.6,8640.87,0.0,104,0,
2026-09-13T14:43:39+00:00,56.40015567652881,-4.839155171066523,473.4,8644.04,0.0,103,0,
2026-09-13T14:43:45+00:00,56.40018191188574,-4.839187106117606,472.4,8647.64,0.0,102,0,
2026-09-13T14:43:48+00:00,56.40018685720861,-4.839197332039475,471.79999999999995,8648.45,0.0,102,0,
2026-09-13T14:43:51+00:00,56.40019515529275,-4.839211078360677,471.20000000000005,8649.51,0.0,102,0,
2026-09-13T14:43:54+00:00,56.400197418406606,-4.839247623458505,471.0,8651.91,0.0,101,0,
2026-09-13T14:44:00+00:00,56.40020496211946,-4.839264387264848,470.6,8652.87,0.0,100,0,
2026-09-13T14:44:06+00:00,56.400196412578225,-4.839296825230122,470.20000000000005,8655.15,0.0,99,0,
2026-09-13T14:44:12+00:00,56.40019062906504,-4.83933730982244,469.6,8658.04,0.0,97,0,
2026-09-13T14:44:21+00:00,56.40019062906504,-4.839335633441806,469.20000000000005,8658.04,0.0,97,0,
2026-09-13T14:44:41+00:00,56.4002666529268,-4.839358683675528,468.79999999999995,8664.67,0.485,97,0,
2026-09-13T14:44:46+00:00,56.400294061750174,-4.839347200468183,468.20000000000005,8667.47,0.0,97,0,
2026-09-13T14:44:48+00:00,56.40028886497021,-4.839367568492889,468.0,8668.85,0.0,98,0,
2026-09-13T14:44:52+00:00,56.400274531915784,-4.839436551555991,467.79999999999995,8673.35,0.0,99,0,
2026-09-13T14:44:58+00:00,56.40024645254016,-4.839519867673516,467.0,8680.41,0.0,99,0,
2026-09-13T14:45:05+00:00,56.400251565501094,-4.839609386399388,466.6,8685.59,0.0,97,0,
2026-09-13T14:45:10+00:00,56.40026011504233,-4.839668897911906,466.0,8689.42,0.317,96,0,
2026-09-13T14:45:13+00:00,56.40026078559458,-4.83968616463244,465.6,8690.49,0.0,95,0,
2026-09-13T14:45:18+00:00,56.40025961212814,-4.839732516556978,464.79999999999995,8693.3,0.0,96,0,
2026-09-13T14:45:19+00:00,56.400259947404265,-4.839736288413405,464.6,8693.53,0.0,96,0,
2026-09-13T14:45:24+00:00,56.400270257145166,-4.839789345860481,463.79999999999995,8697.27,0.0,96,53,
2026-09-13T14:45:26+00:00,56.40027428045869,-4.839789429679513,463.4,8697.65,0.0,95,0,
2026-09-13T14:45:35+00:00,56.400290708988905,-4.839788423851132,463.0,8699.61,0.0,96,0,
2026-09-13T14:45:42+00:00,56.40031401067972,-4.839812479913235,463.6,8702.59,0.0,95,0,
2026-09-13T14:45:50+00:00,56.40031401067972,-4.839812479913235,463.4,8702.59,0.0,98,0,
2026-09-13T14:46:08+00:00,56.400361536070704,-4.839825555682182,463.4,8707.24,0.0,101,0,
2026-09-13T14:46:10+00:00,56.40038475394249,-4.83983620069921,463.4,8709.87,0.485,102,0,
2026-09-13T14:46:13+00:00,56.40042532235384,-4.839868387207389,463.4,8714.62,1.241,102,0,
2026-09-13T14:46:16+00:00,56.4004463609308,-4.839876936748624,463.4,8717.18,1.25,102,0,
2026-09-13T14:46:18+00:00,56.40045315027237,-4.839873248711228,463.6,8717.97,0.0,102,0,
2026-09-13T14:46:24+00:00,56.400420712307096,-4.83991390094161,463.4,8723.07,0.261,101,40,
2026-09-13T14:46:29+00:00,56.40044091269374,-4.839988248422742,463.20000000000005,8728.08,0.588,100,0,
2026-09-13T14:46:34+00:00,56.40044686384499,-4.840003000572324,463.20000000000005,8729.64,0.28,98,0,
2026-09-13T14:46:42+00:00,56.40045382082462,-4.839988835155964,463.20000000000005,8730.97,0.0,97,0,
2026-09-13T14:46:50+00:00,56.400460107252,-4.840014316141605,463.20000000000005,8732.06,0.0,100,0,
2026-09-13T14:46:56+00:00,56.400460107252,-4.840014316141605,463.20000000000005,8732.06,0.0,103,0,
2026-09-13T14:47:15+00:00,56.40048801898956,-4.840058237314224,463.20000000000005,8737.09,0.0,104,0,
2026-09-13T14:47:21+00:00,56.40049120411277,-4.840107606723905,463.20000000000005,8739.55,0.0,105,0,
2026-09-13T14:47:28+00:00,56.400509141385555,-4.840143732726574,463.20000000000005,8743.3,0.0,106,0,
2026-09-13T14:47:35+00:00,56.4005087222904,-4.840208608657122,463.20000000000005,8747.42,0.0,107,0,
2026-09-13T14:47:42+00:00,56.400572676211596,-4.840223528444767,463.20000000000005,8754.64,0.0,109,0,
2026-09-13T14:47:48+00:00,56.400598073378205,-4.8401998076587915,463.20000000000005,8757.93,0.0,108,0,
2026-09-13T14:47:54+00:00,56.40060268342495,-4.840241884812713,463.20000000000005,8760.79,0.0,108,0,
2026-09-13T14:48:00+00:00,56.40060377307236,-4.840245069935918,463.20000000000005,8761.01,0.0,107,0,
2026-09-13T14:48:04+00:00,56.40060377307236,-4.840245069935918,463.20000000000005,8761.01,0.0,103,0,
2026-09-13T14:48:08+00:00,56.40060377307236,-4.840245069935918,463.20000000000005,8761.01,0.0,100,0,
2026-09-13T14:48:17+00:00,56.40060511417687,-4.840251104906201,463.20000000000005,8761.41,0.0,103,0,
2026-09-13T14:48:27+00:00,56.40061777085066,-4.840351268649101,459.6,8767.48,0.0,103,46,
2026-09-13T14:48:28+00:00,56.40062900260091,-4.840364595875144,459.6,8768.93,0.0,103,0,
2026-09-13T14:48:35+00:00,56.4006760250777,-4.840479511767626,459.79999999999995,8777.87,0.252,100,0,
2026-09-13T14:48:36+00:00,56.4006881788373,-4.840494012460113,459.79999999999995,8779.46,0.289,100,0,
2026-09-13T14:48:43+00:00,56.4007365424186,-4.840559307485819,459.20000000000005,8786.28,1.446,98,56,
2026-09-13T14:48:48+00:00,56.400762191042304,-4.84060431830585,458.4,8790.17,1.362,98,55,
2026-09-13T14:48:51+00:00,56.40077652409673,-4.840635918080807,457.79999999999995,8792.69,1.344,98,58,
2026-09-13T14:48:53+00:00,56.40078457072377,-4.840658633038402,457.20000000000005,8794.33,1.334,99,58,
2026-09-13T14:49:00+00:00,56.40082832425833,-4.840704230591655,456.79999999999995,8800.23,1.278,100,0,
2026-09-13T14:49:02+00:00,56.400838969275355,-4.840705068781972,456.79999999999995,8801.43,1.269,100,43,
2026-09-13T14:49:06+00:00,56.400853889063,-4.840693082660437,456.6,8803.32,1.157,99,0,
2026-09-13T14:49:08+00:00,56.400861432775855,-4.8406922444701195,456.20000000000005,8804.14,1.129,99,0,
2026-09-13T14:49:09+00:00,56.400861851871014,-4.840690232813358,456.0,8804.2,1.11,99,0,
2026-09-13T14:49:11+00:00,56.40085615217686,-4.840688807889819,455.79999999999995,8804.83,1.054,99,0,
2026-09-13T14:49:12+00:00,56.40085254795849,-4.840689562261105,455.6,8805.2,1.036,99,0,
2026-09-13T14:49:13+00:00,56.40085372142494,-4.840696854516864,455.6,8805.59,1.008,98,0,
2026-09-13T14:49:15+00:00,56.40086109749973,-4.840705152601004,455.4,8806.6,0.989,98,0,
2026-09-13T14:49:17+00:00,56.400871742516756,-4.840719485655427,455.0,8808.1,0.97,98,0,
2026-09-13T14:49:18+00:00,56.40087400563061,-4.840724095702171,455.0,8808.47,0.97,97,0,
2026-09-13T14:49:19+00:00,56.40087601728737,-4.840725352987647,454.79999999999995,8808.71,0.961,96,0,
2026-09-13T14:49:20+00:00,56.40088305808604,-4.840726358816028,454.6,8809.48,0.914,97,0,
2026-09-13T14:49:22+00:00,56.400891272351146,-4.840727616101503,454.20000000000005,8810.39,0.896,99,0,
2026-09-13T14:49:24+00:00,56.40089504420757,-4.840729208663106,454.0,8810.91,0.886,100,0,
2026-09-13T14:49:25+00:00,56.40089529566467,-4.840728538110852,453.79999999999995,8810.94,0.896,97,0,
2026-09-13T14:49:35+00:00,56.40089529566467,-4.840728538110852,453.0,8810.94,0.0,98,0,
2026-09-13T14:49:36+00:00,56.40089529566467,-4.840728538110852,452.79999999999995,8810.94,0.0,98,0,
2026-09-13T14:49:52+00:00,56.400917172431946,-4.840770363807678,451.79999999999995,8813.35,0.0,100,0,
2026-09-13T14:50:00+00:00,56.40093167312443,-4.8407950066030025,450.6,8814.95,0.0,99,0,
2026-09-13T14:50:07+00:00,56.40095497481525,-4.8408224154263735,449.4,8817.54,0.0,100,40,
2026-09-13T14:50:14+00:00,56.400966541841626,-4.8408430349081755,448.4,8818.82,0.0,102,0,
2026-09-13T14:50:21+00:00,56.40098330564797,-4.840904558077455,447.20000000000005,8822.11,0.0,100,0,
2026-09-13T14:50:27+00:00,56.40101004391909,-4.840928195044398,446.20000000000005,8823.92,0.0,99,0,
2026-09-13T14:50:28+00:00,56.40101859346032,-4.840929200872779,446.0,8824.73,0.0,99,0,
2026-09-13T14:50:33+00:00,56.40103066340089,-4.840937247499824,445.0,8827.1,0.0,99,0,
2026-09-13T14:50:34+00:00,56.40102840028703,-4.840941270813346,444.79999999999995,8827.46,0.0,99,0,
2026-09-13T14:50:40+00:00,56.40100828371942,-4.840957699343562,444.20000000000005,8829.96,0.0,99,0,
2026-09-13T14:50:44+00:00,56.40101524069905,-4.8409549333155155,444.0,8831.5,0.0,102,0,
2026-09-13T14:50:48+00:00,56.400995291769505,-4.840964153409004,444.0,8833.56,0.0,102,0,
2026-09-13T14:50:52+00:00,56.401002164930105,-4.840954849496484,443.79999999999995,8834.65,0.0,100,0,
2026-09-13T14:50:57+00:00,56.40102203004062,-4.8409712780267,443.4,8836.53,0.0,97,0,
2026-09-13T14:51:02+00:00,56.40103376470506,-4.840972200036049,443.20000000000005,8837.78,0.0,94,0,
2026-09-13T14:51:04+00:00,56.40103376470506,-4.840972200036049,443.20000000000005,8837.78,0.0,93,0,
2026-09-13T14:51:11+00:00,56.40103376470506,-4.840972200036049,442.79999999999995,8837.78,0.0,96,0,
2026-09-13T14:51:27+00:00,56.401035357266665,-4.840971864759922,444.0,8837.78,0.0,98,0,
2026-09-13T14:51:32+00:00,56.401035357266665,-4.840970188379288,445.20000000000005,8837.78,0.0,98,0,
2026-09-13T14:51:45+00:00,56.401030495762825,-4.840918052941561,445.79999999999995,8838.44,0.0,103,0,
2026-09-13T14:51:46+00:00,56.40102865174413,-4.8409136943519115,445.79999999999995,8838.72,0.0,106,0,
2026-09-13T14:51:49+00:00,56.40102739445865,-4.8409090004861355,445.79999999999995,8838.94,0.0,109,0,
2026-09-13T14:51:53+00:00,56.40102739445865,-4.8409090004861355,445.79999999999995,8838.94,0.0,112,0,
2026-09-13T14:51:56+00:00,56.40102739445865,-4.840891566127539,445.79999999999995,8839.26,0.0,115,0,
2026-09-13T14:52:10+00:00,56.40101993456483,-4.840881675481796,446.20000000000005,8840.22,0.0,113,0,
2026-09-13T14:52:44+00:00,56.40101155266166,-4.84082811512053,446.0,8842.51,0.914,113,74,
2026-09-13T14:52:54+00:00,56.40103602781892,-4.840839430689812,445.20000000000005,8842.51,0.0,112,0,
2026-09-13T14:52:59+00:00,56.401052540168166,-4.840852925553918,445.0,8842.51,0.0,109,0,
2026-09-13T14:53:12+00:00,56.401065196841955,-4.840877065435052,444.0,8842.51,0.0,110,59,
2026-09-13T14:53:27+00:00,56.40106972306967,-4.840905731543899,443.20000000000005,8842.51,0.0,113,0,
2026-09-13T14:53:36+00:00,56.401081793010235,-4.840966165065765,444.0,8843.98,0.0,110,0,
2026-09-13T14:53:37+00:00,56.40108606778085,-4.84097714535892,444.0,8844.81,0.0,111,0,
2026-09-13T14:53:41+00:00,56.40109470114112,-4.84103137627244,444.0,8845.66,0.0,111,0,
2026-09-13T14:53:45+00:00,56.40112956985831,-4.841048642992973,444.0,8849.21,0.0,111,63,
2026-09-13T14:53:50+00:00,56.40116058290005,-4.841083092615008,443.6,8853.95,0.224,113,50,
2026-09-13T14:53:54+00:00,56.401180448010564,-4.841089714318514,443.0,8856.43,0.746,113,57,
2026-09-13T14:53:59+00:00,56.40118765644729,-4.841120392084122,442.20000000000005,8859.04,1.092,112,62,
2026-09-13T14:54:01+00:00,56.40120659954846,-4.841142604127526,442.0,8861.48,1.11,110,62,
2026-09-13T14:54:03+00:00,56.40120752155781,-4.84115450643003,441.79999999999995,8862.28,1.204,112,0,
2026-09-13T14:54:04+00:00,56.40120911411941,-4.841152159497142,441.6,8862.28,1.204,111,0,
2026-09-13T14:54:08+00:00,56.40122436918318,-4.841165654361248,441.0,8865.1,1.148,111,0,
2026-09-13T14:54:09+00:00,56.4012270513922,-4.841166492551565,440.79999999999995,8865.4,1.138,111,0,
2026-09-13T14:54:10+00:00,56.40123300254345,-4.841173114255071,440.6,8865.4,1.129,111,0,
2026-09-13T14:54:12+00:00,56.4012389536947,-4.841166911646724,440.20000000000005,8865.58,1.101,110,0,
2026-09-13T14:54:14+00:00,56.401251861825585,-4.841167414560914,440.0,8866.87,1.073,110,0,
2026-09-13T14:54:15+00:00,56.401252867653966,-4.841168252751231,439.6,8866.97,1.064,110,0,
2026-09-13T14:54:16+00:00,56.401254795491695,-4.841169007122517,439.4,8867.18,1.045,110,0,
2026-09-13T14:54:19+00:00,56.40125848352909,-4.841150734573603,439.20000000000005,8868.18,0.998,109,0,
2026-09-13T14:54:22+00:00,56.401257226243615,-4.841154422610998,439.0,8868.5,0.97,109,0,
2026-09-13T14:54:24+00:00,56.40125387348235,-4.841152410954237,439.0,8868.5,0.914,109,0,
2026-09-13T14:54:28+00:00,56.40125538222492,-4.841156182810664,438.6,8868.72,0.0,110,0,
2026-09-13T14:54:31+00:00,56.40125538222492,-4.841156182810664,438.20000000000005,8868.72,0.0,110,0,
2026-09-13T14:54:38+00:00,56.40125538222492,-4.841156182810664,437.6,8868.72,0.0,108,0,
2026-09-13T14:54:48+00:00,56.40125311911106,-4.8411584459245205,436.4,8868.72,0.0,106,0,
2026-09-13T14:55:22+00:00,56.401252364739776,-4.841185519471765,435.4,8869.72,0.0,106,0,
2026-09-13T14:55:29+00:00,56.4012976270169,-4.84126883558929,434.6,8877.0,0.0,106,0,
2026-09-13T14:55:30+00:00,56.40131229534745,-4.841286102309823,434.4,8878.94,0.364,106,0,
2026-09-13T14:55:32+00:00,56.40133760869503,-4.841338489204645,434.0,8883.21,0.998,106,0,
2026-09-13T14:55:35+00:00,56.401367615908384,-4.84141836874187,433.6,8889.18,1.222,105,44,
2026-09-13T14:55:37+00:00,56.40137658454478,-4.841420212760568,433.4,8889.87,1.101,107,44,
2026-09-13T14:55:40+00:00,56.40138488262892,-4.841412166133523,433.4,8890.92,0.0,107,0,
2026-09-13T14:55:45+00:00,56.401394521817565,-4.8414273373782635,433.20000000000005,8892.98,0.0,106,0,
2026-09-13T14:55:51+00:00,56.401426289230585,-4.841447034850717,432.4,8897.11,0.0,106,54,
2026-09-13T14:55:52+00:00,56.40143198892474,-4.841449968516827,432.4,8897.76,0.0,106,54,
2026-09-13T14:55:58+00:00,56.401456464082,-4.841465055942535,431.4,8900.3,0.327,107,54,
2026-09-13T14:56:04+00:00,56.40151689760387,-4.8415616154670715,430.79999999999995,8907.64,0.858,104,56,
2026-09-13T14:56:05+00:00,56.40152611769736,-4.841573601588607,430.79999999999995,8908.91,0.933,103,56,
2026-09-13T14:56:09+00:00,56.40156283043325,-4.841589443385601,431.0,8913.09,1.045,101,63,
2026-09-13T14:56:11+00:00,56.4015724696219,-4.8415884375572205,431.4,8914.17,1.082,101,63,
2026-09-13T14:56:12+00:00,56.40157892368734,-4.841576786711812,431.6,8914.74,1.092,101,56,
2026-09-13T14:56:16+00:00,56.401596525684,-4.841538900509477,431.6,8917.38,1.092,102,0,
2026-09-13T14:56:18+00:00,56.40160633251071,-4.841525824740529,431.4,8918.44,1.082,102,0,
2026-09-13T14:56:20+00:00,56.40159744769335,-4.8415271658450365,431.4,8919.32,1.054,103,0,
2026-09-13T14:56:22+00:00,56.401591496542096,-4.841536385938525,431.20000000000005,8920.1,1.036,103,0,
2026-09-13T14:56:23+00:00,56.40158646740019,-4.841542169451714,431.0,8920.73,1.017,103,0,
2026-09-13T14:56:25+00:00,56.40158738940954,-4.841550551354885,430.79999999999995,8921.38,0.98,103,0,
2026-09-13T14:56:28+00:00,56.40159350819886,-4.841554574668407,430.6,8922.1,0.942,103,0,
2026-09-13T14:56:45+00:00,56.40159367583692,-4.84154686331749,431.0,8922.17,0.0,106,0,
2026-09-13T14:57:00+00:00,56.40159132890403,-4.841539487242699,430.79999999999995,8922.21,0.0,103,0,
2026-09-13T14:57:03+00:00,56.40159350819886,-4.841554658487439,430.20000000000005,8922.76,0.0,103,53,
2026-09-13T14:57:06+00:00,56.40159015543759,-4.841579468920827,429.79999999999995,8924.33,0.0,102,0,
2026-09-13T14:57:18+00:00,56.40158370137215,-4.84154443256557,430.4,8926.83,0.0,104,0,
2026-09-13T14:57:23+00:00,56.4015862159431,-4.841459775343537,431.4,8932.5,0.0,104,0,
2026-09-13T14:57:25+00:00,56.40158202499151,-4.841436138376594,431.79999999999995,8934.12,0.0,105,55,
2026-09-13T14:57:28+00:00,56.40157607384026,-4.841421218588948,432.6,8935.3,0.0,106,55,
2026-09-13T14:57:31+00:00,56.4015774987638,-4.841431528329849,433.20000000000005,8935.41,0.233,107,0,
2026-09-13T14:57:33+00:00,56.40157456509769,-4.841437814757228,433.79999999999995,8935.83,0.0,110,0,
2026-09-13T14:57:35+00:00,56.40157163143158,-4.84144669957459,434.20000000000005,8935.83,0.0,113,0,
2026-09-13T14:57:38+00:00,56.40156199224293,-4.8414612002670765,434.79999999999995,8935.92,0.0,115,0,
2026-09-13T14:57:39+00:00,56.401559729129076,-4.841464217752218,435.0,8935.92,0.0,116,0,
2026-09-13T14:57:43+00:00,56.4015394449234,-4.841466145589948,435.79999999999995,8938.55,0.0,118,0,
2026-09-13T14:57:47+00:00,56.40154045075178,-4.841468743979931,436.0,8938.58,0.0,120,0,
2026-09-13T14:57:50+00:00,56.401551850140095,-4.841471845284104,436.20000000000005,8939.74,0.0,123,0,
2026-09-13T14:57:51+00:00,56.40155897475779,-4.841467905789614,436.20000000000005,8940.56,0.0,124,0,
2026-09-13T14:57:58+00:00,56.401646733284,-4.841414177790284,436.6,8950.42,0.336,126,0,
2026-09-13T14:58:04+00:00,56.40165134333074,-4.841432869434357,436.6,8952.11,0.0,126,0,
2026-09-13T14:58:08+00:00,56.40167967416346,-4.8414049576967955,436.0,8955.82,0.0,125,0,
2026-09-13T14:58:11+00:00,56.401693085208535,-4.8413952346891165,435.4,8957.59,0.0,129,0,
2026-09-13T14:58:13+00:00,56.40169912017882,-4.841383080929518,435.20000000000005,8958.59,0.0,131,0,
2026-09-13T14:58:16+00:00,56.4017054066062,-4.8413866851478815,435.0,8959.33,0.0,129,0,
2026-09-13T14:58:18+00:00,56.4016982819885,-4.841374363750219,434.6,8960.23,0.0,128,0,
2026-09-13T14:58:21+00:00,56.40170507133007,-4.841368747875094,434.0,8960.52,0.0,128,0,
2026-09-13T14:58:24+00:00,56.401712195947766,-4.841365646570921,433.6,8961.32,0.0,128,0,
2026-09-13T14:58:28+00:00,56.40171135775745,-4.84135877341032,432.79999999999995,8961.44,0.0,126,0,
2026-09-13T14:58:30+00:00,56.40172569081187,-4.84134360216558,432.6,8963.17,0.0,126,0,
2026-09-13T14:58:37+00:00,56.40176089480519,-4.841356510296464,431.6,8967.06,0.0,126,0,
2026-09-13T14:58:41+00:00,56.40176944434643,-4.841382075101137,431.20000000000005,8968.93,0.0,123,0,
2026-09-13T14:58:45+00:00,56.401777658611536,-4.841408226639032,430.4,8971.32,0.0,122,59,
2026-09-13T14:58:46+00:00,56.401789309456944,-4.841403113678098,430.20000000000005,8972.62,0.0,118,59,
2026-09-13T14:58:48+00:00,56.40180565416813,-4.841379895806313,429.6,8974.87,0.0,121,57,
2026-09-13T14:58:50+00:00,56.401811270043254,-4.841377045959234,429.4,8975.51,0.243,121,0,
2026-09-13T14:58:51+00:00,56.40180959366262,-4.841381320729852,429.20000000000005,8975.73,0.243,121,0,
2026-09-13T14:58:55+00:00,56.40182292088866,-4.841416357085109,429.0,8976.54,0.0,119,0,
2026-09-13T14:58:58+00:00,56.40186533331871,-4.8414012696594,428.79999999999995,8980.97,0.0,116,0,
2026-09-13T14:59:01+00:00,56.40186206437647,-4.841393642127514,428.79999999999995,8981.24,0.0,114,0,
2026-09-13T14:59:06+00:00,56.40186793170869,-4.841410154476762,428.4,8982.38,0.0,111,0,
2026-09-13T14:59:07+00:00,56.40187882818282,-4.841420380398631,428.4,8983.72,0.0,110,0,
2026-09-13T14:59:09+00:00,56.40189659781754,-4.841452399268746,427.6,8986.53,0.0,110,0,
2026-09-13T14:59:11+00:00,56.40190506353974,-4.841465642675757,427.20000000000005,8987.8,0.42,109,0,
2026-09-13T14:59:15+00:00,56.40191889367998,-4.841508055105805,426.6,8990.47,0.0,108,0,
2026-09-13T14:59:18+00:00,56.40190355479717,-4.841559184715152,426.20000000000005,8993.55,0.0,106,0,
2026-09-13T14:59:23+00:00,56.40191378071904,-4.841562872752547,425.79999999999995,8995.44,0.0,103,0,
2026-09-13T14:59:24+00:00,56.401915960013866,-4.841562956571579,425.6,8995.65,0.0,103,0,
2026-09-13T14:59:31+00:00,56.40190531499684,-4.841577960178256,425.6,8997.84,0.0,102,0,
2026-09-13T14:59:38+00:00,56.40192115679383,-4.8415845818817616,425.0,8999.96,0.0,102,0,
2026-09-13T14:59:39+00:00,56.40192191116512,-4.841586090624332,424.79999999999995,9000.08,0.0,102,0,
2026-09-13T14:59:41+00:00,56.40192149206996,-4.841585671529174,424.6,9000.08,0.0,102,0,
2026-09-13T15:00:02+00:00,56.40192115679383,-4.841581732034683,424.0,9000.09,0.0,100,0,
2026-09-13T15:00:14+00:00,56.401922246441245,-4.841580893844366,423.0,9000.19,0.0,101,0,
2026-09-13T15:00:25+00:00,56.401928616687655,-4.8415822349488735,421.79999999999995,9000.81,0.0,100,0,
2026-09-13T15:00:34+00:00,56.40193808823824,-4.841594053432345,420.79999999999995,9002.09,0.0,102,0,
2026-09-13T15:00:46+00:00,56.401953510940075,-4.8416015971452,420.0,9003.74,0.0,99,0,
2026-09-13T15:00:49+00:00,56.40195418149233,-4.8416028544306755,419.6,9003.85,0.0,98,0,
2026-09-13T15:00:57+00:00,56.401965245604515,-4.841613080352545,419.4,9005.12,0.0,98,0,
2026-09-13T15:01:03+00:00,56.40199919231236,-4.841607715934515,419.4,9008.62,0.0,98,0,
2026-09-13T15:01:08+00:00,56.40200447291136,-4.841600675135851,419.4,9009.83,0.0,101,0,
2026-09-13T15:01:11+00:00,56.40200128778815,-4.841595143079758,419.4,9010.51,0.0,103,0,
2026-09-13T15:01:20+00:00,56.40198267996311,-4.841623893007636,419.4,9014.12,0.0,104,0,
2026-09-13T15:01:25+00:00,56.40198603272438,-4.841618612408638,419.6,9014.82,0.0,101,0,
2026-09-13T15:01:28+00:00,56.40198888257146,-4.841601010411978,419.6,9015.75,0.0,99,0,
2026-09-13T15:01:42+00:00,56.40198930166662,-4.841601010411978,418.6,9015.79,0.0,100,0,
2026-09-13T15:01:48+00:00,56.40200103633106,-4.8416005074977875,417.4,9016.83,0.0,100,0,
2026-09-13T15:01:53+00:00,56.402012603357434,-4.841600423678756,416.4,9017.83,0.0,98,0,
2026-09-13T15:02:00+00:00,56.40203883871436,-4.841616936028004,415.79999999999995,9019.15,0.0,98,0,
2026-09-13T15:02:05+00:00,56.402072282508016,-4.841619618237019,415.6,9022.47,0.0,98,0,
2026-09-13T15:02:08+00:00,56.40208284370601,-4.841639650985599,415.4,9024.17,0.0,97,0,
2026-09-13T15:02:11+00:00,56.40208259224892,-4.841643255203962,415.0,9025.52,0.0,97,0,
2026-09-13T15:02:16+00:00,56.402099607512355,-4.841657420620322,414.6,9027.85,0.0,97,59,
2026-09-13T15:02:18+00:00,56.40210958197713,-4.841660689562559,414.20000000000005,9028.5,0.0,97,68,
2026-09-13T15:02:23+00:00,56.402122071012855,-4.8416429199278355,413.6,9030.44,1.176,100,0,
2026-09-13T15:02:26+00:00,56.402122071012855,-4.8416429199278355,413.20000000000005,9030.44,0.0,101,0,
2026-09-13T15:02:34+00:00,56.402122071012855,-4.841644261032343,412.20000000000005,9030.48,0.0,103,0,
2026-09-13T15:02:35+00:00,56.402122071012855,-4.841644428670406,412.0,9030.48,0.0,102,0,
2026-09-13T15:02:39+00:00,56.40215836465359,-4.841661024838686,411.4,9032.7,0.0,102,0,
2026-09-13T15:02:44+00:00,56.402193903923035,-4.841651637107134,411.6,9034.57,0.0,102,0,
2026-09-13T15:02:50+00:00,56.40220547094941,-4.8416658863425255,412.0,9035.91,0.0,103,0,
2026-09-13T15:02:57+00:00,56.40221133828163,-4.841673597693443,411.4,9035.93,0.0,102,0,
2026-09-13T15:03:01+00:00,56.40221133828163,-4.841673597693443,411.4,9035.93,0.0,99,0,
2026-09-13T15:03:11+00:00,56.40220823697746,-4.841644763946533,411.4,9038.14,0.0,95,0,
2026-09-13T15:03:14+00:00,56.402212427929044,-4.841620959341526,411.4,9039.61,0.0,92,0,
2026-09-13T15:03:17+00:00,56.40222793444991,-4.841575110331178,411.4,9042.97,0.0,92,0,
2026-09-13T15:03:24+00:00,56.402246206998825,-4.841594807803631,411.6,9048.76,0.0,92,0,
2026-09-13T15:03:27+00:00,56.4022596180439,-4.841585084795952,411.0,9050.91,0.0,92,0,
2026-09-13T15:03:28+00:00,56.40226389281452,-4.841580055654049,411.0,9051.45,0.0,92,0,
2026-09-13T15:03:33+00:00,56.40229046344757,-4.841596819460392,410.20000000000005,9055.05,0.0,91,0,
2026-09-13T15:03:35+00:00,56.4023217279464,-4.84159279614687,410.0,9058.64,0.0,91,54,
2026-09-13T15:03:37+00:00,56.402333630248904,-4.841593047603965,409.6,9059.32,0.896,90,0,
2026-09-13T15:03:38+00:00,56.40233530662954,-4.841591203585267,409.6,9059.52,1.026,90,0,
2026-09-13T15:03:43+00:00,56.402345364913344,-4.841609392315149,408.79999999999995,9061.81,0.0,91,54,
2026-09-13T15:03:44+00:00,56.40234352089465,-4.841620959341526,408.6,9062.55,0.0,90,54,
2026-09-13T15:03:48+00:00,56.40234217979014,-4.84162850305438,408.0,9063.28,0.98,90,59,
2026-09-13T15:03:49+00:00,56.402342515066266,-4.841629508882761,407.79999999999995,9063.34,1.073,89,59,
2026-09-13T15:03:50+00:00,56.402342515066266,-4.841629508882761,407.79999999999995,9063.34,1.082,89,59,
2026-09-13T15:03:51+00:00,56.402342515066266,-4.841629508882761,407.6,9063.34,1.082,88,0,
2026-09-13T15:03:58+00:00,56.402342515066266,-4.841629508882761,407.6,9063.34,0.0,85,0,
2026-09-13T15:04:01+00:00,56.40234217979014,-4.841629508882761,408.0,9063.34,0.0,82,0,
2026-09-13T15:04:12+00:00,56.402349304407835,-4.841652391478419,407.79999999999995,9064.0,0.0,81,0,
2026-09-13T15:04:20+00:00,56.402378557249904,-4.841678291559219,407.4,9067.1,0.0,81,0,
2026-09-13T15:04:25+00:00,56.4024168625474,-4.841729924082756,406.6,9071.58,0.0,79,0,
2026-09-13T15:04:26+00:00,56.40242977067828,-4.841739982366562,406.6,9072.97,0.0,83,0,
2026-09-13T15:04:27+00:00,56.40243781730533,-4.8417462687939405,406.4,9073.86,0.0,84,0,
2026-09-13T15:04:31+00:00,56.40244879759848,-4.8417456820607185,406.0,9075.04,0.0,87,0,
2026-09-13T15:04:32+00:00,56.40244712121785,-4.841749286279082,406.0,9075.32,0.0,89,0,
2026-09-13T15:04:37+00:00,56.40245516784489,-4.841773509979248,405.6,9077.35,0.0,92,0,
2026-09-13T15:04:38+00:00,56.402451479807496,-4.8417760245501995,405.4,9077.79,0.0,92,0,
2026-09-13T15:04:44+00:00,56.402445612475276,-4.841790944337845,404.4,9079.61,0.0,92,0,
2026-09-13T15:04:45+00:00,56.40244401991367,-4.841789435595274,404.4,9079.61,0.0,93,0,
2026-09-13T15:04:50+00:00,56.40246304683387,-4.8418263997882605,403.79999999999995,9082.28,0.0,90,53,
2026-09-13T15:04:52+00:00,56.402468075975776,-4.841857412829995,403.79999999999995,9084.6,0.0,89,0,
2026-09-13T15:04:54+00:00,56.40247796662152,-4.841876272112131,403.4,9086.17,0.0,88,0,
2026-09-13T15:04:55+00:00,56.40247620642185,-4.841879792511463,403.20000000000005,9086.46,0.0,86,0,
2026-09-13T15:05:00+00:00,56.40250772237778,-4.84190066345036,402.4,9090.19,0.0,87,60,
2026-09-13T15:05:01+00:00,56.4025099016726,-4.841904602944851,402.4,9090.49,0.233,86,56,
2026-09-13T15:05:05+00:00,56.402542339637876,-4.841900747269392,401.6,9094.13,0.0,87,0,
2026-09-13T15:05:09+00:00,56.40256790444255,-4.841941483318806,401.20000000000005,9098.39,0.0,86,0,
2026-09-13T15:05:11+00:00,56.40257284976542,-4.841944919899106,400.79999999999995,9098.97,0.0,86,50,
2026-09-13T15:05:16+00:00,56.40259548090398,-4.8419515416026115,400.20000000000005,9101.47,0.345,86,50,
2026-09-13T15:05:17+00:00,56.40259833075106,-4.8419515416026115,400.0,9101.78,0.401,84,50,
2026-09-13T15:05:22+00:00,56.40261308290064,-4.8419406451284885,399.20000000000005,9103.02,0.243,87,0,
2026-09-13T15:05:23+00:00,56.4026222191751,-4.841936454176903,399.20000000000005,9104.06,0.0,86,0,
2026-09-13T15:05:29+00:00,56.402623979374766,-4.841936621814966,398.6,9104.26,0.0,86,0,
2026-09-13T15:05:33+00:00,56.402623979374766,-4.841936621814966,398.20000000000005,9104.26,0.0,90,0,
2026-09-13T15:05:34+00:00,56.402623979374766,-4.841936621814966,398.20000000000005,9104.26,0.0,93,0,
2026-09-13T15:05:35+00:00,56.402623979374766,-4.841936621814966,398.20000000000005,9104.26,0.0,93,0,
2026-09-13T15:05:39+00:00,56.402623979374766,-4.841936454176903,397.4,9104.26,0.0,96,0,
2026-09-13T15:05:41+00:00,56.402623979374766,-4.841936370357871,397.20000000000005,9104.26,0.0,96,0,
2026-09-13T15:05:47+00:00,56.40267494134605,-4.841920612379909,396.0,9109.07,0.0,96,56,
2026-09-13T15:05:49+00:00,56.40270201489329,-4.841914074495435,395.6,9112.02,0.0,95,58,
2026-09-13T15:05:52+00:00,56.40274970792234,-4.841930000111461,395.0,9117.13,0.243,96,58,
2026-09-13T15:05:54+00:00,56.40276747755706,-4.841953217983246,394.6,9119.4,1.12,96,58,
2026-09-13T15:05:56+00:00,56.40278700739145,-4.841976519674063,394.6,9121.95,1.381,95,0,
2026-09-13T15:05:57+00:00,56.40279564075172,-4.841984901577234,394.4,9122.58,1.4,95,0,
2026-09-13T15:06:00+00:00,56.402814919129014,-4.841998815536499,394.0,9124.78,1.4,94,56,
2026-09-13T15:06:02+00:00,56.4028468541801,-4.842018513008952,393.79999999999995,9128.52,1.372,94,0,
2026-09-13T15:06:03+00:00,56.40284853056073,-4.842023039236665,394.0,9128.84,1.372,94,0,
2026-09-13T15:06:07+00:00,56.40288013033569,-4.842066373676062,394.6,9132.61,1.325,94,0,
2026-09-13T15:06:11+00:00,56.40289722941816,-4.8421459179371595,394.79999999999995,9137.76,1.278,92,0,
2026-09-13T15:06:13+00:00,56.40289085917175,-4.842165447771549,394.6,9138.81,1.25,94,0,
2026-09-13T15:06:15+00:00,56.4029002469033,-4.842167627066374,394.4,9138.81,1.213,93,0,
2026-09-13T15:06:17+00:00,56.402893122285604,-4.842175338417292,394.4,9139.02,1.166,93,0,
2026-09-13T15:06:19+00:00,56.402900498360395,-4.84220408834517,394.4,9140.37,1.148,92,0,
2026-09-13T15:06:22+00:00,56.40290762297809,-4.8422186728566885,394.4,9141.59,1.11,96,0,
2026-09-13T15:06:23+00:00,56.402910808101296,-4.84224365092814,394.4,9142.53,1.101,95,0,
2026-09-13T15:06:27+00:00,56.40295112505555,-4.842319255694747,393.79999999999995,9148.68,1.409,97,0,
2026-09-13T15:06:28+00:00,56.402950873598456,-4.842334510758519,393.79999999999995,9149.13,1.409,97,0,
2026-09-13T15:06:31+00:00,56.40295841731131,-4.842358063906431,393.20000000000005,9150.42,0.0,101,0,
2026-09-13T15:06:32+00:00,56.402950873598456,-4.84235362149775,393.20000000000005,9150.42,0.0,104,0,
2026-09-13T15:06:34+00:00,56.40295699238777,-4.842358063906431,392.79999999999995,9150.89,0.0,107,0,
2026-09-13T15:06:35+00:00,56.40296336263418,-4.842358231544495,392.4,9151.27,0.0,107,0,
2026-09-13T15:06:39+00:00,56.40293092466891,-4.842404332011938,391.79999999999995,9155.13,0.0,108,0,
2026-09-13T15:06:42+00:00,56.40295347198844,-4.842383209615946,391.0,9158.18,0.0,108,0,
2026-09-13T15:06:44+00:00,56.40295347198844,-4.8423844669014215,390.6,9158.72,0.0,108,16,
2026-09-13T15:06:49+00:00,56.40297534875572,-4.842416066676378,389.6,9162.0,0.0,108,0,
2026-09-13T15:06:50+00:00,56.40297937206924,-4.842419754713774,389.4,9162.51,0.0,108,0,
2026-09-13T15:06:56+00:00,56.40302522107959,-4.842439955100417,388.4,9168.05,0.0,109,0,
2026-09-13T15:07:01+00:00,56.403041230514646,-4.842455377802253,387.6,9170.12,0.0,108,0,
2026-09-13T15:07:03+00:00,56.40304919332266,-4.84247138723731,387.20000000000005,9170.76,0.0,108,0,
2026-09-13T15:07:05+00:00,56.40305606648326,-4.842470800504088,387.0,9171.17,0.0,108,0,
2026-09-13T15:07:09+00:00,56.40307073481381,-4.842487815767527,386.20000000000005,9172.67,0.0,108,0,
2026-09-13T15:07:10+00:00,56.40307081863284,-4.842493515461683,386.0,9173.02,0.0,107,0,
2026-09-13T15:07:15+00:00,56.40308967791498,-4.842495108023286,385.4,9175.3,0.0,105,0,
2026-09-13T15:07:18+00:00,56.403109543025494,-4.842514134943485,385.0,9177.39,0.0,103,0,
2026-09-13T15:07:21+00:00,56.40313443727791,-4.8425093572586775,384.20000000000005,9180.19,0.0,105,0,
2026-09-13T15:07:22+00:00,56.40313376672566,-4.842512123286724,384.0,9180.34,0.0,104,0,
2026-09-13T15:07:24+00:00,56.403148686513305,-4.842521343380213,383.6,9182.0,0.0,108,0,
2026-09-13T15:07:26+00:00,56.40314935706556,-4.8425134643912315,383.4,9182.2,0.0,103,0,
2026-09-13T15:07:27+00:00,56.40315036289394,-4.842518325895071,383.20000000000005,9182.52,0.0,103,0,
2026-09-13T15:07:29+00:00,56.403153631836176,-4.84251975081861,382.6,9182.93,0.0,102,0,
2026-09-13T15:07:33+00:00,56.40318254940212,-4.842542968690395,382.0,9186.22,0.0,102,0,
2026-09-13T15:07:34+00:00,56.40318715944886,-4.842550847679377,381.6,9186.87,0.0,101,0,
2026-09-13T15:07:38+00:00,56.40321213752031,-4.842607006430626,380.4,9191.36,0.0,100,0,
2026-09-13T15:07:40+00:00,56.40322370454669,-4.842619244009256,380.0,9192.59,0.0,100,0,
2026-09-13T15:07:43+00:00,56.4032284822315,-4.842658722773194,379.6,9194.69,0.0,97,0,
2026-09-13T15:07:45+00:00,56.40324172563851,-4.842695686966181,379.20000000000005,9197.29,0.0,99,0,
2026-09-13T15:07:46+00:00,56.40325111337006,-4.842703230679035,379.0,9198.24,0.0,98,0,
2026-09-13T15:07:50+00:00,56.4032543823123,-4.842707924544811,378.20000000000005,9200.69,0.0,98,0,
2026-09-13T15:07:51+00:00,56.403266033157706,-4.842704739421606,378.0,9201.92,0.0,98,0,
2026-09-13T15:07:54+00:00,56.403287490829825,-4.842710439115763,377.4,9203.74,0.0,98,0,
2026-09-13T15:07:59+00:00,56.403285982087255,-4.842720832675695,376.79999999999995,9205.11,0.0,100,0,
2026-09-13T15:08:00+00:00,56.40330366790295,-4.842715887352824,376.6,9207.1,0.0,100,53,
2026-09-13T15:08:04+00:00,56.40333124436438,-4.842700464650989,375.79999999999995,9210.38,0.0,100,0,
2026-09-13T15:08:05+00:00,56.403344571590424,-4.842702811583877,375.6,9211.65,0.0,100,56,
2026-09-13T15:08:10+00:00,56.403354462236166,-4.842722844332457,375.20000000000005,9214.59,0.317,98,57,
2026-09-13T15:08:12+00:00,56.40336309559643,-4.842737428843975,374.79999999999995,9215.79,1.073,96,57,
2026-09-13T15:08:13+00:00,56.403369884938,-4.842751007527113,374.6,9216.57,1.213,97,57,
2026-09-13T15:08:15+00:00,56.4033786021173,-4.842748660594225,374.4,9217.16,1.381,95,0,
2026-09-13T15:08:16+00:00,56.40339142642915,-4.842743882909417,374.4,9218.6,1.39,97,0,
2026-09-13T15:08:18+00:00,56.40339779667556,-4.8427443858236074,374.0,9219.33,1.4,97,0,
2026-09-13T15:08:20+00:00,56.403422858566046,-4.842754192650318,373.6,9222.0,0.0,99,0,
2026-09-13T15:08:21+00:00,56.403426714241505,-4.8427576292306185,373.4,9222.48,0.0,99,0,
2026-09-13T15:08:24+00:00,56.40342311002314,-4.842764586210251,373.0,9223.06,0.0,96,0,
2026-09-13T15:08:26+00:00,56.403433587402105,-4.84277967363596,373.0,9224.65,0.0,96,17,
2026-09-13T15:08:28+00:00,56.403442891314626,-4.842789396643639,372.6,9225.9,0.0,94,17,
2026-09-13T15:08:34+00:00,56.403477005660534,-4.842838849872351,372.0,9231.17,0.0,95,0,
2026-09-13T15:08:38+00:00,56.4034840464592,-4.842838179320097,371.79999999999995,9232.25,0.0,98,0,
2026-09-13T15:08:39+00:00,56.4034856390208,-4.842840610072017,371.6,9232.48,0.0,94,0,
2026-09-13T15:08:40+00:00,56.40349133871496,-4.842828456312418,371.6,9232.93,0.0,97,0,
2026-09-13T15:08:42+00:00,56.40349033288658,-4.84280071221292,371.20000000000005,9234.53,0.0,94,0,
2026-09-13T15:08:44+00:00,56.403501061722636,-4.842779505997896,371.0,9235.62,0.0,94,0,
2026-09-13T15:08:47+00:00,56.403535176068544,-4.8427484929561615,370.79999999999995,9239.77,0.0,91,0,
2026-09-13T15:08:48+00:00,56.40354238450527,-4.842742625623941,370.6,9240.64,0.0,91,0,
2026-09-13T15:08:50+00:00,56.40356166288257,-4.842735333368182,370.4,9242.82,0.0,91,0,
2026-09-13T15:08:53+00:00,56.40356048941612,-4.842746900394559,370.0,9244.18,0.0,91,59,
2026-09-13T15:08:57+00:00,56.40356484800577,-4.842730304226279,369.20000000000005,9245.72,0.383,91,59,
2026-09-13T15:08:58+00:00,56.403566943481565,-4.842720832675695,369.0,9246.34,0.439,91,59,
2026-09-13T15:09:02+00:00,56.40354900620878,-4.842712702229619,368.20000000000005,9248.55,0.681,91,0,
2026-09-13T15:09:06+00:00,56.40354364179075,-4.842700967565179,367.79999999999995,9249.49,0.0,90,0,
2026-09-13T15:09:10+00:00,56.40356685966253,-4.842728711664677,367.20000000000005,9249.72,0.0,89,0,
2026-09-13T15:09:11+00:00,56.40357029624283,-4.842731477692723,366.79999999999995,9249.72,0.0,89,57,
2026-09-13T15:09:15+00:00,56.40359703451395,-4.842738267034292,366.6,9252.76,0.0,88,41,
2026-09-13T15:09:17+00:00,56.403608517721295,-4.842735752463341,366.0,9254.06,0.0,88,64,
2026-09-13T15:09:20+00:00,56.40357440337539,-4.842746229842305,365.20000000000005,9258.88,0.327,86,0,
2026-09-13T15:09:23+00:00,56.4035702124238,-4.8427576292306185,364.6,9261.02,2.295,86,0,
2026-09-13T15:09:24+00:00,56.40357012860477,-4.842763664200902,364.4,9261.39,2.295,84,0,
2026-09-13T15:09:25+00:00,56.40358328819275,-4.842759808525443,364.4,9262.44,1.95,85,0,
2026-09-13T15:09:27+00:00,56.40362435951829,-4.84274354763329,364.0,9266.98,0.802,85,0,
2026-09-13T15:09:28+00:00,56.40364774502814,-4.842739272862673,364.0,9269.25,1.297,85,0,
2026-09-13T15:09:29+00:00,56.40367322601378,-4.8427290469408035,363.79999999999995,9272.12,1.484,82,0,
2026-09-13T15:09:30+00:00,56.4036912471056,-4.842735501006246,363.4,9272.89,1.596,84,0,
2026-09-13T15:09:31+00:00,56.40370809473097,-4.842738602310419,363.20000000000005,9273.43,1.67,83,0,
2026-09-13T15:09:35+00:00,56.4037221763283,-4.842723598703742,362.79999999999995,9275.29,1.568,86,0,
2026-09-13T15:09:36+00:00,56.40372309833765,-4.842724017798901,362.79999999999995,9275.29,1.549,86,0,
2026-09-13T15:09:39+00:00,56.40374958515167,-4.842745307832956,362.4,9277.18,0.252,88,0,
2026-09-13T15:09:41+00:00,56.403755536302924,-4.842733489349484,362.0,9277.42,0.0,88,0,
2026-09-13T15:09:46+00:00,56.40376886352897,-4.842691328376532,362.0,9279.58,0.0,90,0,
2026-09-13T15:09:52+00:00,56.40376425348222,-4.842675402760506,361.79999999999995,9281.01,0.0,91,0,
2026-09-13T15:09:57+00:00,56.403776071965694,-4.842632403597236,361.6,9281.58,0.0,91,0,
2026-09-13T15:10:00+00:00,56.403777077794075,-4.84264774248004,361.4,9282.78,0.0,94,0,
2026-09-13T15:10:01+00:00,56.40378135256469,-4.842642964795232,361.20000000000005,9282.78,0.0,95,0,
2026-09-13T15:10:03+00:00,56.40378353185952,-4.842643467709422,360.79999999999995,9283.12,0.0,95,0,
2026-09-13T15:10:08+00:00,56.40379820019007,-4.842638438567519,360.20000000000005,9285.7,0.0,95,0,
2026-09-13T15:10:09+00:00,56.403798116371036,-4.842634666711092,360.20000000000005,9285.89,0.0,95,0,
2026-09-13T15:10:12+00:00,56.403803983703256,-4.842635756358504,359.79999999999995,9287.09,0.0,95,0,
2026-09-13T15:10:16+00:00,56.40381395816803,-4.842620836570859,359.79999999999995,9287.74,0.0,94,0,
2026-09-13T15:10:20+00:00,56.40381295233965,-4.8426085989922285,359.79999999999995,9288.83,0.0,97,0,
2026-09-13T15:10:22+00:00,56.403815718367696,-4.842597199603915,359.6,9289.12,0.0,98,0,
2026-09-13T15:10:27+00:00,56.40385075472295,-4.842590996995568,359.6,9292.3,0.0,100,0,
2026-09-13T15:10:33+00:00,56.403905069455504,-4.842613292858005,359.20000000000005,9297.86,0.233,99,51,
2026-09-13T15:10:35+00:00,56.40393549576402,-4.842632319778204,358.79999999999995,9301.34,0.317,99,51,
2026-09-13T15:10:43+00:00,56.404012609273195,-4.842682695016265,358.20000000000005,9310.55,0.224,97,0,
2026-09-13T15:10:48+00:00,56.40403423458338,-4.842679006978869,357.20000000000005,9314.88,0.0,97,0,
2026-09-13T15:10:49+00:00,56.4040401019156,-4.84267707914114,357.0,9315.55,0.0,98,0,
2026-09-13T15:10:54+00:00,56.40406910330057,-4.842638606205583,356.0,9320.05,0.0,99,0,
2026-09-13T15:10:55+00:00,56.404072707518935,-4.842652352526784,355.79999999999995,9320.97,0.0,99,0,
2026-09-13T15:10:59+00:00,56.40408025123179,-4.842665763571858,355.20000000000005,9322.57,0.0,102,0,
2026-09-13T15:11:02+00:00,56.40409014187753,-4.842652268707752,354.79999999999995,9324.27,0.439,102,50,
2026-09-13T15:11:04+00:00,56.404098104685545,-4.842630559578538,354.20000000000005,9325.91,0.84,102,50,
2026-09-13T15:11:05+00:00,56.40409994870424,-4.842636091634631,354.20000000000005,9326.05,0.961,102,0,
2026-09-13T15:11:10+00:00,56.40410120598972,-4.842632655054331,353.79999999999995,9326.73,0.0,102,0,
2026-09-13T15:11:12+00:00,56.40410413965583,-4.84263357706368,353.6,9327.04,0.0,102,0,
2026-09-13T15:11:16+00:00,56.40413875691593,-4.842604575678706,353.79999999999995,9331.49,0.0,102,0,
2026-09-13T15:11:21+00:00,56.4041400142014,-4.842599127441645,354.0,9332.74,0.0,99,0,
2026-09-13T15:11:22+00:00,56.40414135530591,-4.842600468546152,354.20000000000005,9332.9,0.0,99,0,
2026-09-13T15:11:27+00:00,56.404156694188714,-4.8425759095698595,354.4,9336.82,0.0,99,0,
2026-09-13T15:11:29+00:00,56.404156694188714,-4.842573730275035,354.79999999999995,9336.83,0.0,98,0,
2026-09-13T15:11:34+00:00,56.404156694188714,-4.842573730275035,354.79999999999995,9336.83,0.97,99,41,
2026-09-13T15:11:36+00:00,56.404156694188714,-4.842573730275035,354.4,9336.83,1.017,101,0,
2026-09-13T15:11:45+00:00,56.40416197478771,-4.842569036409259,353.6,9336.83,0.0,100,0,
2026-09-13T15:11:55+00:00,56.404164070263505,-4.8425576370209455,352.6,9336.83,0.0,98,0,
2026-09-13T15:11:58+00:00,56.404166584834456,-4.842552188783884,352.20000000000005,9336.83,0.0,101,0,
2026-09-13T15:11:59+00:00,56.404167003929615,-4.842550763860345,352.0,9336.83,0.0,98,0,
2026-09-13T15:12:04+00:00,56.40417211689055,-4.842548668384552,351.4,9336.83,0.0,99,0,
2026-09-13T15:12:08+00:00,56.40417211689055,-4.842548668384552,350.6,9336.83,0.0,102,0,
2026-09-13T15:12:11+00:00,56.40417211689055,-4.842550428584218,350.4,9336.91,0.0,101,0,
2026-09-13T15:12:15+00:00,56.404178235679865,-4.842546992003918,350.20000000000005,9336.91,0.0,105,0,
2026-09-13T15:12:18+00:00,56.40418343245983,-4.842545902356505,349.79999999999995,9336.91,0.0,108,0,
2026-09-13T15:12:24+00:00,56.40419759787619,-4.84253877773881,349.4,9336.91,0.0,111,0,
2026-09-13T15:12:25+00:00,56.40420111827552,-4.842538023367524,349.20000000000005,9336.91,0.0,111,0,
2026-09-13T15:12:42+00:00,56.40425484627485,-4.842515727505088,348.0,9336.91,0.0,112,0,
2026-09-13T15:13:02+00:00,56.40430798754096,-4.842544812709093,347.4,9337.34,0.0,109,0,
2026-09-13T15:13:09+00:00,56.404311591759324,-4.8425547033548355,347.20000000000005,9337.51,0.0,106,0,
2026-09-13T15:13:11+00:00,56.40431276522577,-4.842557720839977,347.0,9337.55,0.0,105,0,
2026-09-13T15:13:14+00:00,56.40431343577802,-4.842566270381212,346.4,9337.87,0.0,101,0,
2026-09-13T15:13:19+00:00,56.40431905165315,-4.842572556808591,346.0,9338.04,0.0,101,56,
2026-09-13T15:13:34+00:00,56.40437948517501,-4.842595271766186,345.6,9338.85,0.0,101,0,
2026-09-13T15:13:39+00:00,56.40439046546817,-4.842672133818269,345.6,9343.68,0.0,100,0,
2026-09-13T15:13:43+00:00,56.40437688678503,-4.842709852382541,345.0,9346.35,0.0,99,0,
2026-09-13T15:13:44+00:00,56.40437982045114,-4.842713288962841,344.79999999999995,9346.71,0.0,100,0,
2026-09-13T15:13:50+00:00,56.40442038886249,-4.842740781605244,343.79999999999995,9351.48,0.0,99,0,
2026-09-13T15:13:57+00:00,56.40445508994162,-4.842768860980868,342.6,9355.77,0.0,101,0,
2026-09-13T15:14:00+00:00,56.404459699988365,-4.842801298946142,342.20000000000005,9357.83,0.0,102,52,
2026-09-13T15:14:07+00:00,56.404509488493204,-4.842826779931784,341.6,9363.62,0.0,102,0,
2026-09-13T15:14:08+00:00,56.40450982376933,-4.842825103551149,341.6,9363.66,0.0,102,0,
2026-09-13T15:14:15+00:00,56.404522228986025,-4.842884112149477,340.79999999999995,9367.6,0.0,104,0,
2026-09-13T15:14:16+00:00,56.40452918596566,-4.842890230938792,340.6,9368.45,0.0,105,0,
2026-09-13T15:14:19+00:00,56.40455114655197,-4.842847315594554,340.4,9371.81,0.0,108,0,
2026-09-13T15:14:21+00:00,56.404573107138276,-4.842836000025272,340.20000000000005,9374.19,0.0,105,0,
2026-09-13T15:14:22+00:00,56.404576962813735,-4.842833653092384,339.79999999999995,9374.46,0.0,108,0,
2026-09-13T15:14:23+00:00,56.40458358451724,-4.842836586758494,339.4,9375.21,0.0,107,0,
2026-09-13T15:14:30+00:00,56.40460998751223,-4.8428459744900465,339.0,9378.87,0.0,106,0,
2026-09-13T15:14:36+00:00,56.404630774632096,-4.842831641435623,338.4,9381.59,0.0,109,0,
2026-09-13T15:14:37+00:00,56.40463278628886,-4.84284128062427,338.4,9382.2,0.0,108,0,
2026-09-13T15:14:38+00:00,56.404635049402714,-4.842850249260664,338.4,9382.79,0.0,108,0,
2026-09-13T15:14:40+00:00,56.404638569802046,-4.842878831550479,338.0,9384.46,0.0,111,0,
2026-09-13T15:14:41+00:00,56.404637061059475,-4.842883860692382,338.0,9384.46,0.0,115,0,
2026-09-13T15:14:43+00:00,56.40463840216398,-4.842890566214919,337.4,9384.83,0.0,120,0,
2026-09-13T15:14:44+00:00,56.40463538467884,-4.842896685004234,337.4,9385.1,0.0,122,0,
2026-09-13T15:14:46+00:00,56.404638066887856,-4.842907078564167,337.20000000000005,9385.81,0.0,125,0,
2026-09-13T15:14:48+00:00,56.40463991090655,-4.842894002795219,337.0,9386.41,0.0,128,0,
2026-09-13T15:14:50+00:00,56.40465156175196,-4.842893416061997,336.79999999999995,9387.85,0.0,130,0,
2026-09-13T15:14:54+00:00,56.40467653982341,-4.842941779643297,336.4,9391.49,0.0,128,0,
2026-09-13T15:14:55+00:00,56.40468332916498,-4.842932224273682,336.0,9392.45,0.0,127,0,
2026-09-13T15:15:01+00:00,56.404702523723245,-4.842909090220928,335.4,9395.18,0.0,124,0,
2026-09-13T15:15:04+00:00,56.404706882312894,-4.842906156554818,335.20000000000005,9395.7,0.0,124,0,
2026-09-13T15:15:08+00:00,56.40471241436899,-4.842925099655986,334.4,9397.18,0.0,122,0,
2026-09-13T15:15:10+00:00,56.40471258200705,-4.8429354932159185,334.20000000000005,9397.94,0.0,122,0,
2026-09-13T15:15:15+00:00,56.404721634462476,-4.8429566994309425,333.4,9400.19,0.0,120,0,
2026-09-13T15:15:17+00:00,56.40473538078368,-4.84296147711575,333.0,9401.78,0.0,120,0,
2026-09-13T15:15:21+00:00,56.40474719926715,-4.842964326962829,332.20000000000005,9403.26,0.0,119,0,
2026-09-13T15:15:22+00:00,56.404748959466815,-4.842968015000224,332.0,9403.55,0.0,119,0,
2026-09-13T15:15:28+00:00,56.40476832166314,-4.843033980578184,331.20000000000005,9408.28,0.0,118,0,
2026-09-13T15:15:30+00:00,56.40477251261473,-4.84305770136416,330.79999999999995,9409.7,0.0,118,0,
2026-09-13T15:15:34+00:00,56.40481031499803,-4.843028113245964,330.4,9413.69,0.0,119,0,
2026-09-13T15:15:37+00:00,56.4048361312598,-4.843051163479686,329.6,9416.48,0.0,119,0,
2026-09-13T15:15:40+00:00,56.404859432950616,-4.843073878437281,329.20000000000005,9419.5,0.0,120,0,
2026-09-13T15:15:43+00:00,56.404900085181,-4.843096509575844,328.6,9424.17,0.0,121,0,
2026-09-13T15:15:46+00:00,56.40491492114961,-4.843104723840952,328.0,9425.87,0.0,119,0,
2026-09-13T15:15:48+00:00,56.40495481900871,-4.843112770467997,327.4,9430.23,0.0,120,61,
2026-09-13T15:15:54+00:00,56.40502472408116,-4.843099862337112,326.6,9437.73,0.373,119,0,
2026-09-13T15:15:56+00:00,56.40503469854593,-4.843086032196879,326.4,9438.78,0.0,118,59,
2026-09-13T15:16:01+00:00,56.40507359057665,-4.843065831810236,325.79999999999995,9443.09,0.924,116,0,
2026-09-13T15:16:02+00:00,56.40507719479501,-4.843065747991204,325.79999999999995,9443.49,0.0,115,0,
2026-09-13T15:16:04+00:00,56.40509127639234,-4.843037920072675,325.79999999999995,9445.76,0.0,112,0,
2026-09-13T15:16:07+00:00,56.40510594472289,-4.8429973516613245,325.4,9448.87,0.0,110,0,
2026-09-13T15:16:09+00:00,56.40510686673224,-4.842984275892377,325.0,9449.74,0.0,109,0,
2026-09-13T15:16:13+00:00,56.40511801466346,-4.842971954494715,324.20000000000005,9451.11,0.0,108,0,
2026-09-13T15:16:16+00:00,56.405152548104525,-4.842972122132778,323.4,9455.01,0.0,108,0,
2026-09-13T15:16:18+00:00,56.405170653015375,-4.842983772978187,323.20000000000005,9457.18,0.0,108,0,
2026-09-13T15:16:21+00:00,56.405182806774974,-4.842993663623929,322.79999999999995,9458.66,0.0,108,0,
2026-09-13T15:16:26+00:00,56.40520451590419,-4.842981928959489,322.79999999999995,9461.25,0.0,108,67,
2026-09-13T15:16:29+00:00,56.40520862303674,-4.842979330569506,322.79999999999995,9461.74,0.0,105,0,
2026-09-13T15:16:34+00:00,56.4052037615329,-4.842992071062326,322.4,9462.59,0.0,106,0,
2026-09-13T15:16:42+00:00,56.40520124696195,-4.843009505420923,322.4,9463.35,0.0,104,50,
2026-09-13T15:16:46+00:00,56.40521289780736,-4.843052756041288,322.20000000000005,9466.2,0.0,103,50,
2026-09-13T15:16:48+00:00,56.40522186644375,-4.843084942549467,322.20000000000005,9468.2,0.0,103,55,
2026-09-13T15:16:50+00:00,56.40523930080235,-4.843112602829933,322.0,9470.78,0.914,104,55,
2026-09-13T15:16:53+00:00,56.40526947565377,-4.843125846236944,321.79999999999995,9474.34,1.456,103,56,
2026-09-13T15:16:55+00:00,56.40527928248048,-4.843134731054306,321.79999999999995,9475.57,1.502,103,56,
2026-09-13T15:16:59+00:00,56.405291855335236,-4.843164654448628,321.20000000000005,9477.7,1.446,102,56,
2026-09-13T15:17:00+00:00,56.40529311262071,-4.843159792944789,321.0,9477.7,1.446,103,56,
2026-09-13T15:17:01+00:00,56.4052970521152,-4.843163564801216,320.79999999999995,9478.09,1.437,103,56,
2026-09-13T15:17:05+00:00,56.40530141070485,-4.843196673318744,320.20000000000005,9480.23,1.381,103,0,
2026-09-13T15:17:06+00:00,56.405312307178974,-4.843193907290697,320.20000000000005,9481.44,1.381,103,0,
2026-09-13T15:17:10+00:00,56.40534449368715,-4.843176556751132,320.4,9485.18,1.334,102,50,
2026-09-13T15:17:12+00:00,56.40535639598966,-4.843175131827593,320.4,9486.52,1.334,103,49,
2026-09-13T15:17:15+00:00,56.40536729246378,-4.843209497630596,320.4,9489.41,1.316,103,45,
2026-09-13T15:17:16+00:00,56.405368046835065,-4.843223495408893,320.4,9490.27,1.316,103,45,
2026-09-13T15:17:17+00:00,56.4053681306541,-4.843243360519409,320.4,9491.42,1.306,104,45,
2026-09-13T15:17:22+00:00,56.40537223778665,-4.843322234228253,320.0,9496.3,1.325,105,45,
2026-09-13T15:17:23+00:00,56.40537215396762,-4.8433407582342625,320.0,9497.32,1.334,106,45,
2026-09-13T15:17:30+00:00,56.405408112332225,-4.843418039381504,319.4,9503.43,1.344,105,0,
2026-09-13T15:17:33+00:00,56.405430156737566,-4.843463804572821,319.0,9507.19,1.344,105,62,
2026-09-13T15:17:35+00:00,56.40544046647847,-4.843495571985841,318.6,9509.47,1.381,104,62,
2026-09-13T15:17:39+00:00,56.405453542247415,-4.843565644696355,318.20000000000005,9514.04,1.418,104,62,
2026-09-13T15:17:46+00:00,56.40544256195426,-4.8436853382736444,318.0,9521.62,1.456,102,54,
2026-09-13T15:17:48+00:00,56.40544532798231,-4.84372615814209,317.79999999999995,9524.15,1.456,102,55,
2026-09-13T15:17:56+00:00,56.405429150909185,-4.843867477029562,318.0,9533.24,1.437,100,53,
2026-09-13T15:18:04+00:00,56.405429067090154,-4.84401005320251,317.6,9542.28,1.409,97,53,
2026-09-13T15:18:06+00:00,56.40542940236628,-4.844040898606181,317.4,9544.15,1.4,97,0,
2026-09-13T15:18:13+00:00,56.40543082728982,-4.844161346554756,316.79999999999995,9551.69,1.381,97,0,
2026-09-13T15:18:20+00:00,56.40548103488982,-4.8442410584539175,316.0,9559.15,1.362,98,56,
2026-09-13T15:18:22+00:00,56.4054976310581,-4.84425337985158,315.79999999999995,9561.15,1.362,98,56,
2026-09-13T15:18:27+00:00,56.40550894662738,-4.8443144839257,315.0,9565.32,1.344,100,59,
2026-09-13T15:18:29+00:00,56.405509784817696,-4.844343652948737,314.6,9567.15,1.334,100,59,
2026-09-13T15:18:35+00:00,56.40554649755359,-4.844356561079621,313.79999999999995,9572.24,1.269,101,53,
2026-09-13T15:18:39+00:00,56.40556912869215,-4.844363685697317,313.6,9574.63,1.148,102,0,
2026-09-13T15:18:40+00:00,56.405573738738894,-4.844372821971774,313.6,9575.38,1.129,102,0,
2026-09-13T15:18:41+00:00,56.40557751059532,-4.844381622970104,313.6,9576.07,1.101,102,0,
2026-09-13T15:18:43+00:00,56.40557943843305,-4.844394698739052,313.4,9576.86,1.045,102,0,
2026-09-13T15:18:48+00:00,56.405599135905504,-4.844418503344059,312.79999999999995,9579.43,0.924,103,0,
2026-09-13T15:18:50+00:00,56.40560190193355,-4.844431495293975,312.4,9580.19,0.886,103,0,
2026-09-13T15:18:53+00:00,56.40560927800834,-4.844467202201486,312.4,9582.62,0.849,103,0,
2026-09-13T15:18:58+00:00,56.405626544728875,-4.84451531432569,311.79999999999995,9586.19,0.886,103,0,
2026-09-13T15:19:05+00:00,56.405686140060425,-4.844574574381113,311.4,9593.71,0.84,103,0,
2026-09-13T15:19:06+00:00,56.40569527633488,-4.844576083123684,311.4,9594.73,0.849,103,0,
2026-09-13T15:19:12+00:00,56.40576551668346,-4.8445977084338665,311.0,9602.85,0.914,104,0,
2026-09-13T15:19:18+00:00,56.40581228770316,-4.844620507210493,310.4,9608.25,1.026,105,0,
2026-09-13T15:19:20+00:00,56.40583047643304,-4.844631487503648,310.0,9610.39,1.036,105,0,
2026-09-13T15:19:24+00:00,56.40585738234222,-4.844690160825849,309.4,9615.05,1.045,104,56,
2026-09-13T15:19:28+00:00,56.40588345006108,-4.844753444194794,308.79999999999995,9619.87,1.082,102,58,
2026-09-13T15:19:32+00:00,56.40589166432619,-4.844818655401468,308.20000000000005,9624.2,1.12,103,0,
2026-09-13T15:19:35+00:00,56.40590666793287,-4.844869365915656,308.0,9627.65,1.129,102,63,
2026-09-13T15:19:39+00:00,56.40590641647577,-4.8449193220585585,307.20000000000005,9630.54,1.138,101,52,
2026-09-13T15:19:43+00:00,56.40591069124639,-4.844956202432513,306.6,9633.07,1.073,100,52,
2026-09-13T15:19:47+00:00,56.40591748058796,-4.845001716166735,306.0,9636.02,1.017,100,58,
2026-09-13T15:19:53+00:00,56.4059376809746,-4.845041949301958,305.0,9639.4,0.97,101,51,
2026-09-13T15:19:54+00:00,56.40594438649714,-4.845046559348702,305.0,9640.2,0.961,99,51,
2026-09-13T15:19:58+00:00,56.405951930209994,-4.84507036395371,304.20000000000005,9641.98,0.914,100,0,
2026-09-13T15:20:00+00:00,56.4059635810554,-4.845080841332674,304.0,9643.35,0.868,99,0,
2026-09-13T15:20:03+00:00,56.40597288496792,-4.845093581825495,303.79999999999995,9644.64,0.83,100,0,
2026-09-13T15:20:13+00:00,56.40601068735123,-4.8451687674969435,302.79999999999995,9650.93,0.746,98,67,
2026-09-13T15:20:22+00:00,56.40605485998094,-4.845237750560045,301.79999999999995,9657.47,0.84,97,0,
2026-09-13T15:20:23+00:00,56.40605938620865,-4.845241438597441,301.79999999999995,9658.01,0.84,97,0,
2026-09-13T15:20:30+00:00,56.40611487440765,-4.845271445810795,301.20000000000005,9664.6,0.821,98,0,
2026-09-13T15:20:33+00:00,56.40612468123436,-4.845263147726655,300.79999999999995,9666.13,0.821,99,0,
2026-09-13T15:20:36+00:00,56.40612484887242,-4.84526339918375,300.79999999999995,9666.24,0.784,102,0,
2026-09-13T15:20:37+00:00,56.40612484887242,-4.845265913754702,300.79999999999995,9666.24,0.765,102,0,
2026-09-13T15:20:44+00:00,56.40614211559296,-4.845259124413133,301.0,9668.82,0.644,103,0,
2026-09-13T15:20:50+00:00,56.40616566874087,-4.845259543508291,300.79999999999995,9671.46,0.597,102,0,
2026-09-13T15:21:00+00:00,56.4061863720417,-4.845294076949358,300.4,9674.76,0.0,101,0,
2026-09-13T15:21:08+00:00,56.40619651414454,-4.845350151881576,299.79999999999995,9678.5,0.0,100,0,
2026-09-13T15:21:09+00:00,56.406197268515825,-4.845355851575732,299.6,9678.83,0.0,100,0,
2026-09-13T15:21:15+00:00,56.406230041757226,-4.845433635637164,298.79999999999995,9684.86,0.0,100,0,
2026-09-13T15:21:16+00:00,56.40623431652784,-4.845448639243841,298.6,9685.88,0.0,100,0,
2026-09-13T15:21:23+00:00,56.406278908252716,-4.845507312566042,297.4,9692.46,0.0,101,56,
2026-09-13T15:21:30+00:00,56.406335989013314,-4.845537235960364,296.4,9699.08,0.0,102,0,
2026-09-13T15:21:32+00:00,56.406338922679424,-4.845554837957025,295.79999999999995,9700.09,0.0,102,0,
2026-09-13T15:21:36+00:00,56.40635987743735,-4.845578391104937,295.4,9702.92,0.0,103,0,
2026-09-13T15:21:38+00:00,56.406373623758554,-4.845587946474552,294.79999999999995,9704.48,0.0,102,0,
2026-09-13T15:21:41+00:00,56.406378988176584,-4.845617953687906,294.20000000000005,9706.43,0.0,101,0,
2026-09-13T15:21:46+00:00,56.40639575198293,-4.845687188208103,293.20000000000005,9711.11,0.0,100,59,
2026-09-13T15:21:47+00:00,56.406398098915815,-4.8457011859864,293.0,9712.0,0.0,100,57,
2026-09-13T15:21:52+00:00,56.406435733661056,-4.845755249261856,292.0,9717.4,1.073,99,0,
2026-09-13T15:21:56+00:00,56.40646247193217,-4.845787771046162,291.6,9721.0,1.176,100,0,
2026-09-13T15:22:00+00:00,56.40647890046239,-4.845826327800751,290.79999999999995,9724.07,1.176,100,0,
2026-09-13T15:22:04+00:00,56.4065008610487,-4.845864046365023,290.20000000000005,9727.41,1.138,99,0,
2026-09-13T15:22:06+00:00,56.40651502646506,-4.845882235094905,289.79999999999995,9729.34,1.11,100,0,
2026-09-13T15:22:09+00:00,56.40651846304536,-4.845905369147658,289.4,9730.99,1.092,101,0,
2026-09-13T15:22:11+00:00,56.40652282163501,-4.845930431038141,289.20000000000005,9732.63,1.054,101,0,
2026-09-13T15:22:12+00:00,56.40652684494853,-4.845941998064518,289.20000000000005,9733.47,1.045,101,0,
2026-09-13T15:22:15+00:00,56.40653111971915,-4.845980051904917,288.79999999999995,9735.83,1.026,102,0,
2026-09-13T15:22:20+00:00,56.40653899870813,-4.846047023311257,288.0,9739.99,1.026,101,0,
2026-09-13T15:22:21+00:00,56.40654184855521,-4.84605741687119,287.79999999999995,9740.69,1.026,104,0,
2026-09-13T15:22:23+00:00,56.40654645860195,-4.846081975847483,287.79999999999995,9742.27,1.026,101,0,
2026-09-13T15:22:28+00:00,56.40655458904803,-4.846135703846812,287.4,9745.69,0.998,100,0,
2026-09-13T15:22:29+00:00,56.40655576251447,-4.846153473481536,287.20000000000005,9746.8,0.998,100,55,
2026-09-13T15:22:34+00:00,56.406566239893436,-4.846244668588042,286.79999999999995,9752.43,0.998,100,0,
2026-09-13T15:22:35+00:00,56.40656598843634,-4.846259756013751,286.6,9753.35,0.998,99,55,
2026-09-13T15:22:41+00:00,56.40657520852983,-4.846339467912912,285.6,9758.44,1.017,100,54,
2026-09-13T15:22:46+00:00,56.40658509917557,-4.84643074683845,285.0,9764.22,1.017,101,54,
2026-09-13T15:22:52+00:00,56.40658979304135,-4.8465243726968765,284.6,9769.97,1.036,100,56,
2026-09-13T15:22:56+00:00,56.406584763899446,-4.84660173766315,284.0,9774.79,1.036,99,55,
2026-09-13T15:23:00+00:00,56.406585182994604,-4.846671391278505,283.6,9779.13,1.045,98,57,
2026-09-13T15:23:04+00:00,56.40657864511013,-4.846709445118904,283.0,9781.49,1.054,98,56,
2026-09-13T15:23:05+00:00,56.40657965093851,-4.84672193415463,283.0,9782.27,1.045,99,56,
2026-09-13T15:23:08+00:00,56.40658635646105,-4.846756970509887,282.4,9784.57,1.036,99,0,
2026-09-13T15:23:09+00:00,56.406591050326824,-4.846772560849786,282.20000000000005,9785.66,1.026,99,0,
2026-09-13T15:23:12+00:00,56.406613597646356,-4.846812039613724,281.79999999999995,9789.22,1.017,99,0,
2026-09-13T15:23:15+00:00,56.40663438476622,-4.846854452043772,281.4,9792.66,1.026,99,58,
2026-09-13T15:23:19+00:00,56.40665986575186,-4.846902061253786,280.79999999999995,9796.76,1.026,100,0,
2026-09-13T15:23:20+00:00,56.40666321851313,-4.846916729584336,280.79999999999995,9797.74,1.026,100,59,
2026-09-13T15:23:26+00:00,56.406693644821644,-4.847019659355283,280.6,9804.97,1.036,99,0,
2026-09-13T15:23:28+00:00,56.406694231554866,-4.84705570153892,280.20000000000005,9807.17,1.036,99,0,
2026-09-13T15:23:36+00:00,56.406688867136836,-4.8472055699676275,279.20000000000005,9816.55,1.054,97,58,
2026-09-13T15:23:43+00:00,56.406685849651694,-4.847327442839742,278.20000000000005,9824.1,1.064,97,57,
2026-09-13T15:23:44+00:00,56.406684927642345,-4.847353845834732,278.0,9825.73,1.054,97,57,
2026-09-13T15:23:52+00:00,56.406681491062045,-4.8475053906440735,277.20000000000005,9835.05,1.054,96,58,
2026-09-13T15:23:56+00:00,56.40667377971113,-4.847576217725873,277.0,9839.52,1.064,96,58,
2026-09-13T15:24:01+00:00,56.4066459517926,-4.847675375640392,276.0,9846.37,1.064,95,58,
2026-09-13T15:24:02+00:00,56.40663673169911,-4.847692809998989,275.79999999999995,9847.85,1.064,96,59,
2026-09-13T15:24:09+00:00,56.40659582801163,-4.847817700356245,275.0,9856.82,1.101,99,59,
2026-09-13T15:24:11+00:00,56.40658937394619,-4.847859861329198,274.79999999999995,9859.51,1.11,99,59,
2026-09-13T15:24:16+00:00,56.40656414441764,-4.847949296236038,274.20000000000005,9865.67,1.11,99,62,
2026-09-13T15:24:19+00:00,56.40655190683901,-4.847998162731528,273.6,9868.97,1.12,99,59,
2026-09-13T15:24:24+00:00,56.40652424655855,-4.848074689507484,272.6,9874.83,1.12,97,59,
2026-09-13T15:24:29+00:00,56.40651108697057,-4.848166219890118,272.20000000000005,9880.79,1.11,97,58,
2026-09-13T15:24:32+00:00,56.406494406983256,-4.848211733624339,271.79999999999995,9884.1,1.101,97,54,
2026-09-13T15:24:34+00:00,56.40648954547942,-4.848250290378928,271.6,9886.53,1.092,98,59,
2026-09-13T15:24:35+00:00,56.406482085585594,-4.848264288157225,271.4,9887.72,1.092,99,59,
2026-09-13T15:24:39+00:00,56.406470350921154,-4.848317764699459,270.79999999999995,9891.3,1.092,100,63,
2026-09-13T15:24:42+00:00,56.406460627913475,-4.848362440243363,270.4,9894.26,1.082,100,56,
2026-09-13T15:24:47+00:00,56.4064506534487,-4.848444247618318,269.79999999999995,9899.35,1.026,98,61,
2026-09-13T15:24:50+00:00,56.40644763596356,-4.848486576229334,269.4,9901.93,1.008,97,0,
2026-09-13T15:24:52+00:00,56.40644805505872,-4.848526557907462,269.0,9904.38,0.998,94,0,
2026-09-13T15:24:56+00:00,56.406442020088434,-4.848600570112467,268.4,9909.16,0.989,92,59,
2026-09-13T15:24:58+00:00,56.406434727832675,-4.848638540133834,268.0,9911.67,0.989,92,59,
2026-09-13T15:25:06+00:00,56.406448474153876,-4.848768878728151,267.6,9919.96,1.036,92,0,
2026-09-13T15:25:11+00:00,56.40646473504603,-4.848799137398601,267.4,9922.61,1.017,92,0,
2026-09-13T15:25:12+00:00,56.40647194348276,-4.848808441311121,267.20000000000005,9923.56,0.998,93,0,
2026-09-13T15:25:13+00:00,56.40648099593818,-4.848819337785244,267.20000000000005,9924.77,0.989,93,0,
2026-09-13T15:25:16+00:00,56.40648518688977,-4.848852111026645,267.20000000000005,9926.3,0.952,94,0,
2026-09-13T15:25:17+00:00,56.40648828819394,-4.848859487101436,267.20000000000005,9926.87,0.942,94,42,
2026-09-13T15:25:19+00:00,56.40651326626539,-4.848868539556861,267.20000000000005,9929.02,0.924,94,42,
2026-09-13T15:25:22+00:00,56.40651653520763,-4.848895696923137,267.0,9930.73,0.868,96,42,
2026-09-13T15:25:27+00:00,56.406509578228,-4.848941210657358,266.0,9933.6,0.821,97,54,
2026-09-13T15:25:32+00:00,56.406512930989265,-4.848990999162197,265.6,9936.69,0.784,97,54,
2026-09-13T15:25:39+00:00,56.40651770867407,-4.849067023023963,265.0,9941.66,0.774,98,55,
2026-09-13T15:25:40+00:00,56.4065180439502,-4.8490754049271345,265.0,9942.18,0.774,98,55,
2026-09-13T15:25:47+00:00,56.40654142946005,-4.849126199260354,264.20000000000005,9946.27,0.756,100,74,
2026-09-13T15:25:54+00:00,56.4065854344517,-4.849139777943492,264.0,9951.34,0.709,102,0,
2026-09-13T15:25:56+00:00,56.406595995649695,-4.849151764065027,263.79999999999995,9952.7,0.7,102,0,
2026-09-13T15:26:03+00:00,56.40661049634218,-4.849169701337814,263.6,9954.89,0.653,102,0,
2026-09-13T15:26:10+00:00,56.40661091543734,-4.849203983321786,263.0,9957.37,0.597,101,0,
2026-09-13T15:26:11+00:00,56.40661234036088,-4.849199373275042,262.79999999999995,9957.37,0.579,100,0,
2026-09-13T15:26:18+00:00,56.40660990960896,-4.849256370216608,262.4,9961.25,0.504,100,0,
2026-09-13T15:26:24+00:00,56.40662390738726,-4.849253855645657,262.4,9962.91,0.485,101,0,
2026-09-13T15:26:34+00:00,56.40662390738726,-4.849253855645657,262.6,9962.91,0.0,98,0,
2026-09-13T15:26:52+00:00,56.40661728568375,-4.849253855645657,261.79999999999995,9962.91,0.0,99,56,
2026-09-13T15:27:00+00:00,56.406629187986255,-4.849371872842312,260.79999999999995,9970.34,0.401,100,56,
2026-09-13T15:27:03+00:00,56.40664134174585,-4.849439263343811,260.4,9974.72,0.812,97,59,
2026-09-13T15:27:07+00:00,56.406653160229325,-4.84944948926568,259.79999999999995,9976.04,0.0,99,0,
2026-09-13T15:27:13+00:00,56.40665735118091,-4.849433312192559,258.6,9978.18,0.0,99,0,
2026-09-13T15:27:18+00:00,56.40665718354285,-4.849470695480704,257.79999999999995,9981.38,0.0,98,0,
2026-09-13T15:27:23+00:00,56.40666078776121,-4.849494164809585,257.6,9982.79,0.0,98,0,
2026-09-13T15:27:24+00:00,56.40666070394218,-4.849496427923441,257.4,9982.92,0.0,98,0,
2026-09-13T15:27:31+00:00,56.406636480242014,-4.849528279155493,257.4,9986.4,0.0,97,0,
2026-09-13T15:27:38+00:00,56.40662650577724,-4.849566081538796,256.6,9989.08,0.0,96,0,
2026-09-13T15:27:39+00:00,56.40662441030145,-4.849568009376526,256.4,9989.33,0.0,97,0,
2026-09-13T15:27:44+00:00,56.40663807280362,-4.849593993276358,255.39999999999998,9991.49,0.0,98,0,
2026-09-13T15:27:46+00:00,56.40662617050111,-4.849613942205906,255.20000000000005,9993.19,0.0,97,0,
2026-09-13T15:27:52+00:00,56.40663346275687,-4.849621150642633,254.79999999999995,9994.43,0.0,96,0,
2026-09-13T15:27:56+00:00,56.406635558232665,-4.849636824801564,254.0,9995.69,0.0,97,0,
2026-09-13T15:27:59+00:00,56.40663530677557,-4.849645541980863,253.60000000000002,9996.27,0.0,96,0,
2026-09-13T15:28:05+00:00,56.40663840807974,-4.849663730710745,253.60000000000002,9998.08,0.0,97,0,
2026-09-13T15:28:13+00:00,56.40664016827941,-4.849663143977523,253.60000000000002,9999.37,0.0,97,0,
2026-09-13T15:28:16+00:00,56.40663488768041,-4.84966934658587,253.39999999999998,10000.1,0.0,95,0,
2026-09-13T15:28:20+00:00,56.40663371421397,-4.849679404869676,253.39999999999998,10000.77,0.0,97,0,
2026-09-13T15:28:32+00:00,56.40663547441363,-4.849679404869676,253.20000000000005,10000.77,0.0,100,0,
2026-09-13T15:28:37+00:00,56.406638910993934,-4.84967278316617,253.0,10000.77,0.0,103,0,
2026-09-13T15:28:42+00:00,56.40664896927774,-4.849670687690377,253.0,10000.77,0.0,106,0,
2026-09-13T15:28:45+00:00,56.40665424987674,-4.8496706038713455,253.0,10000.77,0.0,107,0,
2026-09-13T15:28:54+00:00,56.40669456683099,-4.849654007703066,254.0,10003.44,0.0,105,0,
2026-09-13T15:28:55+00:00,56.40670035034418,-4.849654007703066,254.20000000000005,10004.07,0.0,105,0,
2026-09-13T15:29:01+00:00,56.406705882400274,-4.849658869206905,254.39999999999998,10007.42,0.0,104,0,
2026-09-13T15:29:07+00:00,56.40668668784201,-4.849684936925769,254.79999999999995,10010.19,0.0,104,0,
2026-09-13T15:29:14+00:00,56.406688280403614,-4.84968988224864,253.79999999999995,10010.98,0.0,107,0,
2026-09-13T15:29:15+00:00,56.40668383799493,-4.849686864763498,253.79999999999995,10011.5,0.0,106,0,
2026-09-13T15:29:20+00:00,56.40667730011046,-4.849684350192547,253.60000000000002,10012.23,0.0,109,0,
2026-09-13T15:29:22+00:00,56.40667545609176,-4.849684853106737,253.39999999999998,10012.64,0.0,113,0,
2026-09-13T15:29:24+00:00,56.40667394734919,-4.849688038229942,253.39999999999998,10012.81,0.0,116,0,
2026-09-13T15:29:25+00:00,56.40667327679694,-4.849688624963164,253.39999999999998,10012.89,0.0,117,0,
2026-09-13T15:29:44+00:00,56.40667336061597,-4.849696503952146,253.39999999999998,10013.07,0.0,114,0,
2026-09-13T15:29:49+00:00,56.40667134895921,-4.849702874198556,253.39999999999998,10013.42,0.0,111,0,
2026-09-13T15:29:56+00:00,56.40667134895921,-4.849709998816252,253.39999999999998,10013.58,0.0,108,0,
2026-09-13T15:30:24+00:00,56.406676126644015,-4.849737575277686,253.39999999999998,10014.15,0.0,105,0,
2026-09-13T15:30:26+00:00,56.40667671337724,-4.849737575277686,253.39999999999998,10014.15,0.0,102,0,
2026-09-13T15:30:40+00:00,56.40672851353884,-4.849789040163159,253.39999999999998,10020.12,0.0,104,0,
2026-09-13T15:30:43+00:00,56.40674997121096,-4.849831284955144,253.39999999999998,10023.67,0.0,107,0,
2026-09-13T15:30:46+00:00,56.40676572918892,-4.8498679138720036,253.39999999999998,10026.58,0.0,108,57,
2026-09-13T15:30:52+00:00,56.40676572918892,-4.8498861864209175,253.39999999999998,10027.88,0.0,108,0,
2026-09-13T15:30:59+00:00,56.40676614828408,-4.849924072623253,253.39999999999998,10030.27,0.0,109,0,
2026-09-13T15:31:05+00:00,56.40676866285503,-4.849997414276004,253.39999999999998,10034.74,0.0,109,0,
2026-09-13T15:31:11+00:00,56.40679406002164,-4.850094141438603,253.39999999999998,10041.34,0.0,106,0,
2026-09-13T15:31:15+00:00,56.40679984353483,-4.850157843902707,253.39999999999998,10044.83,0.0,104,57,
2026-09-13T15:31:22+00:00,56.406808476895094,-4.850268233567476,253.39999999999998,10052.28,0.0,102,0,
2026-09-13T15:31:30+00:00,56.40678299590945,-4.850372169166803,253.39999999999998,10059.58,0.0,103,59,
2026-09-13T15:31:37+00:00,56.40677008777857,-4.850463615730405,253.39999999999998,10065.71,0.0,102,0,
2026-09-13T15:31:41+00:00,56.4067736081779,-4.850511308759451,253.39999999999998,10068.81,0.0,99,0,
2026-09-13T15:31:45+00:00,56.406787019222975,-4.850552715361118,253.39999999999998,10071.85,0.0,100,0,
2026-09-13T15:31:52+00:00,56.40679313801229,-4.850603342056274,253.39999999999998,10075.61,0.0,101,0,
2026-09-13T15:32:00+00:00,56.40681568533182,-4.850688586011529,253.39999999999998,10081.76,0.0,102,78,
2026-09-13T15:32:06+00:00,56.40679942443967,-4.850751534104347,253.39999999999998,10086.56,0.0,102,0,
2026-09-13T15:32:13+00:00,56.40680579468608,-4.8508448246866465,253.39999999999998,10092.78,0.0,103,0,
2026-09-13T15:32:18+00:00,56.406776709482074,-4.850948508828878,253.39999999999998,10098.96,0.0,103,0,
2026-09-13T15:32:22+00:00,56.40676581300795,-4.850988993421197,253.39999999999998,10102.06,0.0,104,0,
2026-09-13T15:32:29+00:00,56.40673857182264,-4.85106878913939,253.39999999999998,10108.61,0.0,103,0,
2026-09-13T15:32:35+00:00,56.406740080565214,-4.851129809394479,247.60000000000002,10112.55,0.0,102,0,
2026-09-13T15:32:36+00:00,56.40674477443099,-4.85115428455174,247.60000000000002,10113.54,0.0,102,0,
2026-09-13T15:32:44+00:00,56.40674142166972,-4.851287389174104,247.20000000000005,10121.72,0.355,101,56,
2026-09-13T15:32:51+00:00,56.406754329800606,-4.8513702023774385,246.39999999999998,10128.6,0.849,100,51,
2026-09-13T15:32:53+00:00,56.40674033202231,-4.851372297853231,246.20000000000005,10130.14,0.914,99,52,
2026-09-13T15:32:57+00:00,56.40674075111747,-4.851412530988455,246.0,10132.21,1.017,98,50,
2026-09-13T15:33:03+00:00,56.40673044137657,-4.851511688902974,245.39999999999998,10138.41,1.082,96,0,
2026-09-13T15:33:06+00:00,56.40672423876822,-4.851554520428181,245.0,10141.15,1.12,93,0,
2026-09-13T15:33:07+00:00,56.40671543776989,-4.851571451872587,245.0,10142.58,1.129,94,0,
2026-09-13T15:33:08+00:00,56.40671057626605,-4.851587545126677,245.0,10143.72,1.138,94,0,
2026-09-13T15:33:13+00:00,56.406705463305116,-4.851658120751381,244.60000000000002,10148.14,1.166,93,57,
2026-09-13T15:33:17+00:00,56.40670722350478,-4.851733390241861,244.60000000000002,10152.88,1.176,92,0,
2026-09-13T15:33:21+00:00,56.40670864842832,-4.85180513933301,244.39999999999998,10157.31,1.194,93,0,
2026-09-13T15:33:22+00:00,56.40670697204769,-4.851819388568401,244.20000000000005,10158.2,1.194,96,0,
2026-09-13T15:33:23+00:00,56.40670529566705,-4.851834559813142,244.20000000000005,10159.15,1.204,98,0,
2026-09-13T15:33:24+00:00,56.40670630149543,-4.851849228143692,244.0,10160.05,1.204,93,0,
2026-09-13T15:33:26+00:00,56.40671359375119,-4.851882420480251,243.79999999999995,10162.25,1.204,96,0,
2026-09-13T15:33:29+00:00,56.406723484396935,-4.851921647787094,243.39999999999998,10164.98,1.213,91,0,
2026-09-13T15:33:30+00:00,56.40672675333917,-4.851937489584088,243.20000000000005,10166.0,1.213,93,0,
2026-09-13T15:33:32+00:00,56.406731782481074,-4.851960875093937,243.20000000000005,10167.49,1.213,96,59,
2026-09-13T15:33:33+00:00,56.406739577651024,-4.851969173178077,243.0,10168.46,1.213,93,59,
2026-09-13T15:33:34+00:00,56.40674812719226,-4.851983757689595,242.79999999999995,10169.77,1.204,92,59,
2026-09-13T15:33:38+00:00,56.406752318143845,-4.852040838450193,242.20000000000005,10173.3,1.204,93,0,
2026-09-13T15:33:40+00:00,56.40675902366638,-4.852058859542012,241.79999999999995,10174.63,1.194,93,0,
2026-09-13T15:33:43+00:00,56.406755251809955,-4.852100852876902,241.39999999999998,10177.27,1.176,94,0,
2026-09-13T15:33:45+00:00,56.406755754724145,-4.852132285013795,241.0,10179.18,1.166,95,0,
2026-09-13T15:33:46+00:00,56.40675290487707,-4.852149887010455,240.79999999999995,10180.3,1.166,96,0,
2026-09-13T15:33:49+00:00,56.406754329800606,-4.85220923088491,240.20000000000005,10184.01,1.166,99,58,
2026-09-13T15:33:51+00:00,56.40674779191613,-4.852240830659866,240.0,10186.09,1.176,99,55,
2026-09-13T15:33:52+00:00,56.406746450811625,-4.852253487333655,239.79999999999995,10186.87,1.166,101,55,
2026-09-13T15:33:55+00:00,56.406742092221975,-4.852285757660866,239.39999999999998,10188.95,1.166,104,0,
2026-09-13T15:33:58+00:00,56.40674569644034,-4.852333785966039,238.79999999999995,10191.89,1.157,106,0,
2026-09-13T15:33:59+00:00,56.406748378649354,-4.852345688268542,238.60000000000002,10192.62,1.157,107,0,
2026-09-13T15:34:06+00:00,56.40673002228141,-4.852442499250174,237.79999999999995,10198.87,1.129,108,58,
2026-09-13T15:34:07+00:00,56.40672851353884,-4.85246722586453,237.60000000000002,10200.4,1.129,107,58,
2026-09-13T15:34:13+00:00,56.40674661844969,-4.852523049339652,237.0,10204.1,1.12,104,66,
2026-09-13T15:34:15+00:00,56.40674728900194,-4.852534532546997,237.0,10204.82,1.101,104,0,
2026-09-13T15:34:19+00:00,56.40674133785069,-4.852568730711937,236.60000000000002,10206.99,0.998,103,78,
2026-09-13T15:34:20+00:00,56.406738655641675,-4.852577028796077,236.60000000000002,10207.58,1.008,103,78,
2026-09-13T15:34:24+00:00,56.4067355543375,-4.852623715996742,236.0,10210.53,0.896,104,53,
2026-09-13T15:34:32+00:00,56.40672801062465,-4.852749528363347,235.60000000000002,10218.69,0.933,104,53,
2026-09-13T15:34:33+00:00,56.40672675333917,-4.852766375988722,235.60000000000002,10219.74,0.933,103,0,
2026-09-13T15:34:39+00:00,56.406714180484414,-4.852863186970353,235.20000000000005,10226.04,0.97,103,0,
2026-09-13T15:34:42+00:00,56.40670613385737,-4.852903252467513,234.79999999999995,10228.69,0.989,102,0,
2026-09-13T15:34:44+00:00,56.40670269727707,-4.85292311757803,234.79999999999995,10229.96,0.989,102,0,
2026-09-13T15:34:46+00:00,56.406699093058705,-4.852945413440466,234.60000000000002,10231.41,0.98,102,0,
2026-09-13T15:34:47+00:00,56.40669699758291,-4.852953962981701,234.39999999999998,10231.98,0.98,102,0,
2026-09-13T15:34:49+00:00,56.40669481828809,-4.852985227480531,234.20000000000005,10233.95,0.98,102,0,
2026-09-13T15:34:51+00:00,56.40669113025069,-4.853017833083868,234.20000000000005,10235.99,0.961,102,0,
2026-09-13T15:34:53+00:00,56.40669356100261,-4.853051193058491,234.0,10238.05,0.952,102,0,
2026-09-13T15:34:55+00:00,56.406703535467386,-4.853080362081528,233.79999999999995,10240.2,0.942,102,0,
2026-09-13T15:34:58+00:00,56.40672390349209,-4.853107770904899,233.79999999999995,10242.95,0.952,101,0,
2026-09-13T15:35:02+00:00,56.406752401962876,-4.853131407871842,233.60000000000002,10246.66,0.952,102,0,
2026-09-13T15:35:05+00:00,56.40676371753216,-4.853145489469171,233.39999999999998,10248.22,0.952,103,0,
2026-09-13T15:35:10+00:00,56.40676388517022,-4.853230062872171,233.0,10253.59,0.952,102,0,
2026-09-13T15:35:11+00:00,56.406765561550856,-4.8532474134117365,232.79999999999995,10254.68,0.942,102,0,
2026-09-13T15:35:17+00:00,56.406789952889085,-4.853337686508894,232.39999999999998,10260.63,0.989,102,62,
2026-09-13T15:35:19+00:00,56.406801184639335,-4.853347158059478,232.20000000000005,10261.47,1.008,102,0,
2026-09-13T15:35:20+00:00,56.4068013522774,-4.853354869410396,231.79999999999995,10261.95,1.008,101,0,
2026-09-13T15:35:25+00:00,56.406798250973225,-4.8534005507826805,231.20000000000005,10264.75,0.896,101,0,
2026-09-13T15:35:27+00:00,56.40680193901062,-4.853412369266152,230.79999999999995,10265.58,0.868,101,0,
2026-09-13T15:35:34+00:00,56.40681057237089,-4.853454027324915,230.39999999999998,10268.3,0.849,101,71,
2026-09-13T15:35:36+00:00,56.406813841313124,-4.8534750659018755,230.0,10269.61,0.868,101,40,
2026-09-13T15:35:43+00:00,56.40683161094785,-4.853543126955628,229.0,10274.28,0.0,100,74,
2026-09-13T15:35:45+00:00,56.4068359695375,-4.853561483323574,228.60000000000002,10275.51,0.0,98,74,
2026-09-13T15:35:52+00:00,56.40685776248574,-4.853607164695859,228.0,10279.54,0.0,96,0,
2026-09-13T15:35:59+00:00,56.40685809776187,-4.853608254343271,227.39999999999998,10280.11,0.0,96,0,
2026-09-13T15:36:01+00:00,56.40685868449509,-4.853608505800366,227.39999999999998,10280.17,0.0,93,0,
2026-09-13T15:36:15+00:00,56.40686245635152,-4.8536137863993645,226.79999999999995,10280.71,0.0,94,50,
2026-09-13T15:36:20+00:00,56.40689883381128,-4.853693246841431,226.39999999999998,10287.07,0.448,96,49,
2026-09-13T15:36:25+00:00,56.406929176300764,-4.853748567402363,225.79999999999995,10291.89,0.886,97,49,
2026-09-13T15:36:26+00:00,56.40693370252848,-4.853752758353949,225.79999999999995,10292.41,0.718,97,49,
2026-09-13T15:36:34+00:00,56.40695893205702,-4.85382073558867,224.79999999999995,10297.49,0.821,97,53,
2026-09-13T15:36:39+00:00,56.406958010047674,-4.853839762508869,224.20000000000005,10298.98,0.718,97,0,
2026-09-13T15:36:45+00:00,56.40699245966971,-4.853880247101188,223.60000000000002,10303.61,0.69,95,0,
2026-09-13T15:36:46+00:00,56.40699991956353,-4.853888293728232,223.60000000000002,10304.57,0.7,94,0,
2026-09-13T15:36:52+00:00,56.40706144273281,-4.853928862139583,222.60000000000002,10311.8,0.802,93,59,
2026-09-13T15:36:54+00:00,56.40708373859525,-4.853940848261118,222.39999999999998,10314.35,0.858,95,59,
2026-09-13T15:37:01+00:00,56.40713076107204,-4.85396733507514,221.60000000000002,10319.89,0.942,95,0,
2026-09-13T15:37:02+00:00,56.40713763423264,-4.853967670351267,221.39999999999998,10320.65,0.924,96,0,
2026-09-13T15:37:04+00:00,56.407152470201254,-4.853967754170299,221.39999999999998,10322.26,0.924,96,0,
2026-09-13T15:37:08+00:00,56.40718205831945,-4.853993318974972,221.0,10325.72,0.924,95,0,
2026-09-13T15:37:10+00:00,56.407188260927796,-4.854002790525556,221.0,10326.63,0.914,96,0,
2026-09-13T15:37:12+00:00,56.40718909911811,-4.854017207399011,221.0,10327.52,0.905,96,0,
2026-09-13T15:37:15+00:00,56.40718708746135,-4.854043275117874,220.60000000000002,10329.25,0.886,96,0,
2026-09-13T15:37:19+00:00,56.40719731338322,-4.85407336615026,220.0,10331.34,0.849,96,0,
2026-09-13T15:37:24+00:00,56.40720804221928,-4.854123741388321,219.39999999999998,10334.66,0.812,96,0,
2026-09-13T15:37:28+00:00,56.40722648240626,-4.85415006056428,219.0,10337.36,0.802,95,58,
2026-09-13T15:37:33+00:00,56.407235618680716,-4.854200519621372,218.39999999999998,10340.72,0.812,95,58,
2026-09-13T15:37:37+00:00,56.40723695978522,-4.854256762191653,217.60000000000002,10344.21,0.812,94,0,
2026-09-13T15:37:39+00:00,56.40724408440292,-4.854287439957261,217.20000000000005,10346.26,0.812,94,17,
2026-09-13T15:37:42+00:00,56.4072693977505,-4.854315351694822,216.60000000000002,10349.65,0.83,94,0,
2026-09-13T15:37:48+00:00,56.407293789088726,-4.854388274252415,216.20000000000005,10354.98,0.0,95,55,
2026-09-13T15:37:49+00:00,56.40729789622128,-4.85440663062036,216.20000000000005,10356.19,0.0,95,55,
2026-09-13T15:37:52+00:00,56.407319605350494,-4.854449713602662,215.79999999999995,10359.79,0.0,99,56,
2026-09-13T15:37:55+00:00,56.4073381293565,-4.854490114375949,215.39999999999998,10363.03,0.252,102,56,
2026-09-13T15:37:58+00:00,56.407354390248656,-4.854529174044728,215.20000000000005,10366.04,0.439,105,56,
2026-09-13T15:37:59+00:00,56.40735615044832,-4.854548620060086,215.0,10367.17,0.504,98,56,
2026-09-13T15:38:07+00:00,56.407396299764514,-4.854696309193969,214.39999999999998,10377.34,0.868,98,57,
2026-09-13T15:38:14+00:00,56.407424714416265,-4.85481315292418,214.0,10385.22,1.026,98,59,
2026-09-13T15:38:16+00:00,56.407432928681374,-4.854845171794295,213.60000000000002,10387.39,1.045,98,0,
2026-09-13T15:38:17+00:00,56.40743846073747,-4.854864533990622,213.60000000000002,10388.74,1.064,95,59,
2026-09-13T15:38:19+00:00,56.40745178796351,-4.8549022525548935,213.39999999999998,10391.5,1.073,99,59,
2026-09-13T15:38:21+00:00,56.407462768256664,-4.854942066594958,213.0,10394.25,1.092,97,60,
2026-09-13T15:38:26+00:00,56.407503839582205,-4.855041475966573,212.79999999999995,10401.89,1.138,97,59,
2026-09-13T15:38:29+00:00,56.407535606995225,-4.855080535635352,212.79999999999995,10406.18,1.166,93,57,
2026-09-13T15:38:30+00:00,56.407543905079365,-4.8550989758223295,212.79999999999995,10407.64,1.176,97,57,
2026-09-13T15:38:33+00:00,56.40755832195282,-4.855147758498788,212.60000000000002,10411.25,1.204,96,57,
2026-09-13T15:38:35+00:00,56.4075643569231,-4.855185644701123,212.60000000000002,10413.67,1.213,99,57,
2026-09-13T15:38:40+00:00,56.40758279711008,-4.855278767645359,212.0,10419.8,1.222,97,59,
2026-09-13T15:38:42+00:00,56.40758631750941,-4.85531254671514,211.79999999999995,10421.94,1.222,98,59,
2026-09-13T15:38:47+00:00,56.40759453177452,-4.855419667437673,211.0,10428.63,1.232,99,59,
2026-09-13T15:38:48+00:00,56.40759754925966,-4.8554406221956015,210.79999999999995,10429.94,1.232,99,59,
2026-09-13T15:38:57+00:00,56.40760098583996,-4.855616809800267,210.0,10441.04,1.241,101,56,
2026-09-13T15:38:59+00:00,56.40759008936584,-4.855661820620298,209.79999999999995,10444.07,1.25,101,59,
2026-09-13T15:39:06+00:00,56.40758229419589,-4.855782603845,209.39999999999998,10451.81,1.269,103,59,
2026-09-13T15:39:12+00:00,56.407574750483036,-4.855824094265699,208.79999999999995,10455.12,1.222,104,0,
2026-09-13T15:39:13+00:00,56.40757609158754,-4.8558231722563505,208.79999999999995,10455.28,1.194,103,0,
2026-09-13T15:39:18+00:00,56.40757894143462,-4.855821579694748,208.79999999999995,10455.61,0.942,104,0,
2026-09-13T15:39:23+00:00,56.407581036910415,-4.855823339894414,209.0,10455.8,0.69,104,0,
2026-09-13T15:39:52+00:00,56.407608864828944,-4.8558202385902405,209.0,10458.78,0.0,101,0,
2026-09-13T15:39:56+00:00,56.407608864828944,-4.855820406228304,209.20000000000005,10458.78,0.0,98,0,
2026-09-13T15:40:05+00:00,56.407609451562166,-4.855823842808604,208.79999999999995,10458.84,0.0,95,0,
2026-09-13T15:40:11+00:00,56.40760878100991,-4.855826273560524,208.79999999999995,10458.84,0.0,92,0,
2026-09-13T15:40:16+00:00,56.407607439905405,-4.855831805616617,208.60000000000002,10458.84,0.0,89,0,
2026-09-13T15:40:19+00:00,56.40760559588671,-4.8558541014790535,208.60000000000002,10458.84,0.0,86,0,
2026-09-13T15:40:23+00:00,56.407604925334454,-4.855863656848669,208.79999999999995,10458.84,0.0,83,0,
2026-09-13T15:40:30+00:00,56.407610876485705,-4.855934148654342,208.39999999999998,10462.96,0.0,82,0,
2026-09-13T15:40:36+00:00,56.40762713737786,-4.855998270213604,208.39999999999998,10467.12,0.0,83,0,
2026-09-13T15:40:43+00:00,56.40764038078487,-4.856002880260348,209.0,10469.04,0.0,85,0,
2026-09-13T15:40:47+00:00,56.407640129327774,-4.856002377346158,209.0,10469.04,0.0,88,0,
2026-09-13T15:40:54+00:00,56.40765228308737,-4.855997851118445,209.0,10470.33,0.495,91,54,
2026-09-13T15:40:58+00:00,56.407666532322764,-4.8559928219765425,209.20000000000005,10471.32,0.0,95,0,
2026-09-13T15:41:00+00:00,56.407670471817255,-4.8559825122356415,209.39999999999998,10471.32,0.0,98,54,
2026-09-13T15:41:01+00:00,56.40767424367368,-4.855982679873705,209.39999999999998,10471.32,0.224,95,54,
2026-09-13T15:41:04+00:00,56.40768572688103,-4.855968430638313,208.60000000000002,10472.05,0.0,98,0,
2026-09-13T15:41:06+00:00,56.407680362463,-4.8559757228940725,208.20000000000005,10472.78,0.0,99,0,
2026-09-13T15:41:13+00:00,56.407662676647305,-4.85594823025167,208.60000000000002,10475.45,0.0,101,0,
2026-09-13T15:41:20+00:00,56.407621605321765,-4.855942111462355,209.0,10480.06,0.0,100,0,
2026-09-13T15:41:26+00:00,56.407620683312416,-4.855937082320452,209.0,10480.29,0.0,103,0,
2026-09-13T15:41:30+00:00,56.40762629918754,-4.855940770357847,209.0,10480.94,0.0,106,0,
2026-09-13T15:41:32+00:00,56.40762906521559,-4.8559383396059275,208.79999999999995,10481.21,0.0,107,0,
2026-09-13T15:41:35+00:00,56.4076682087034,-4.855921491980553,208.79999999999995,10485.68,0.0,110,0,
2026-09-13T15:41:37+00:00,56.40768053010106,-4.855911014601588,209.0,10487.19,0.252,110,0,
2026-09-13T15:41:43+00:00,56.407706178724766,-4.855901710689068,209.0,10490.08,0.0,112,0,
2026-09-13T15:41:50+00:00,56.40771531499922,-4.8559050634503365,208.79999999999995,10491.25,0.0,111,0,
2026-09-13T15:41:56+00:00,56.40771531499922,-4.8559050634503365,208.79999999999995,10491.25,0.0,108,0,
2026-09-13T15:42:05+00:00,56.40771028585732,-4.855905314907432,208.39999999999998,10491.25,0.0,105,0,
2026-09-13T15:42:21+00:00,56.40768790617585,-4.855923587456346,207.79999999999995,10491.29,0.0,106,0,
2026-09-13T15:42:33+00:00,56.40769109129906,-4.855924341827631,208.0,10491.61,0.0,102,0,
2026-09-13T15:42:39+00:00,56.40769159421325,-4.855924006551504,207.60000000000002,10491.68,0.0,105,0,
2026-09-13T15:42:46+00:00,56.407691510394216,-4.855924006551504,207.79999999999995,10491.68,0.0,102,0,
2026-09-13T15:42:49+00:00,56.407691510394216,-4.855925682932138,207.79999999999995,10491.74,0.0,99,0,
2026-09-13T15:43:10+00:00,56.40768337994814,-4.855927610769868,206.79999999999995,10491.74,0.0,96,0,
2026-09-13T15:43:28+00:00,56.40769452787936,-4.855901962146163,207.20000000000005,10492.05,0.0,93,0,
2026-09-13T15:43:32+00:00,56.4076993893832,-4.8559000343084335,206.79999999999995,10492.42,0.0,93,0,
2026-09-13T15:43:42+00:00,56.407711962237954,-4.855897855013609,205.79999999999995,10493.49,0.0,90,0,
2026-09-13T15:43:47+00:00,56.407729061320424,-4.855906320735812,205.79999999999995,10495.39,0.0,92,0,
2026-09-13T15:43:53+00:00,56.40776258893311,-4.855926521122456,205.39999999999998,10499.25,0.0,93,0,
2026-09-13T15:43:57+00:00,56.407769713550806,-4.855927275493741,205.39999999999998,10500.04,0.0,90,0,
2026-09-13T15:44:03+00:00,56.407769713550806,-4.855927275493741,205.39999999999998,10500.04,0.0,93,0,
2026-09-13T15:44:07+00:00,56.407769713550806,-4.855927275493741,205.39999999999998,10500.04,0.0,93,0,
2026-09-13T15:44:20+00:00,56.40778153203428,-4.855951331555843,205.20000000000005,10501.3,0.0,96,0,
2026-09-13T15:44:43+00:00,56.40784070827067,-4.856027523055673,205.79999999999995,10507.8,0.0,97,0,
2026-09-13T15:44:50+00:00,56.407884964719415,-4.856049818918109,206.39999999999998,10512.18,0.0,98,0,
2026-09-13T15:45:03+00:00,56.40788001939654,-4.8560411017388105,206.20000000000005,10513.0,0.0,100,0,
2026-09-13T15:45:22+00:00,56.40788706019521,-4.856051914393902,206.20000000000005,10513.0,0.0,103,0,
2026-09-13T15:45:36+00:00,56.407889407128096,-4.856051579117775,206.20000000000005,10513.02,0.0,100,0,
2026-09-13T15:45:42+00:00,56.40789091587067,-4.856051160022616,206.20000000000005,10513.03,0.0,97,0,
2026-09-13T15:45:43+00:00,56.4078909996897,-4.856051160022616,206.20000000000005,10513.03,0.0,94,0,
2026-09-13T15:45:45+00:00,56.407892340794206,-4.856051160022616,206.39999999999998,10513.03,0.0,91,0,
2026-09-13T15:45:50+00:00,56.40790189616382,-4.856045879423618,206.60000000000002,10513.46,0.0,88,57,
2026-09-13T15:45:51+00:00,56.40790759585798,-4.856027439236641,206.79999999999995,10514.76,0.0,88,57,
2026-09-13T15:45:53+00:00,56.4079203363508,-4.855996007099748,206.79999999999995,10517.15,0.0,87,58,
2026-09-13T15:46:00+00:00,56.40800641849637,-4.855902967974544,206.39999999999998,10528.25,1.344,85,57,
2026-09-13T15:46:08+00:00,56.40807104296982,-4.855800289660692,206.39999999999998,10537.91,1.418,86,59,
2026-09-13T15:46:19+00:00,56.4081568736583,-4.85568973235786,206.39999999999998,10549.68,1.418,86,56,
2026-09-13T15:46:20+00:00,56.408155616372824,-4.855690989643335,206.39999999999998,10549.68,1.409,86,56,
2026-09-13T15:46:29+00:00,56.408152263611555,-4.855688558891416,207.20000000000005,10549.85,0.0,89,0,
2026-09-13T15:46:34+00:00,56.408152263611555,-4.855688558891416,206.20000000000005,10549.85,0.0,92,0,
2026-09-13T15:46:43+00:00,56.40818344429135,-4.8556299693882465,206.20000000000005,10554.91,0.0,91,0,
2026-09-13T15:46:49+00:00,56.40828344039619,-4.855528045445681,206.20000000000005,10567.8,1.512,89,54,
2026-09-13T15:46:56+00:00,56.408340856432915,-4.855448668822646,206.39999999999998,10575.89,1.456,88,0,
2026-09-13T15:47:04+00:00,56.40840464271605,-4.855382451787591,206.39999999999998,10584.19,1.353,88,0,
2026-09-13T15:47:18+00:00,56.40853892080486,-4.855257058516145,206.20000000000005,10601.04,1.325,88,55,
2026-09-13T15:47:26+00:00,56.40860823914409,-4.8551637679338455,206.20000000000005,10610.83,1.297,88,57,
2026-09-13T15:47:32+00:00,56.408653166145086,-4.855097634717822,206.20000000000005,10617.29,1.306,91,60,
2026-09-13T15:47:36+00:00,56.40868417918682,-4.8550468403846025,206.20000000000005,10622.0,1.316,90,60,
2026-09-13T15:47:44+00:00,56.40874679200351,-4.854959584772587,206.20000000000005,10630.74,1.316,93,58,
2026-09-13T15:47:45+00:00,56.40875894576311,-4.8549499455839396,206.20000000000005,10632.22,1.306,92,58,
2026-09-13T15:47:51+00:00,56.40881133265793,-4.854864114895463,205.79999999999995,10640.04,1.278,93,56,
2026-09-13T15:47:53+00:00,56.408827509731054,-4.8548351135104895,205.79999999999995,10642.56,1.269,94,0,
2026-09-13T15:48:00+00:00,56.408889116719365,-4.854746600612998,205.79999999999995,10651.4,1.278,95,0,
2026-09-13T15:48:07+00:00,56.408941922709346,-4.85467879101634,205.79999999999995,10658.66,1.008,92,59,
2026-09-13T15:48:08+00:00,56.40895147807896,-4.854669403284788,205.79999999999995,10659.87,1.008,91,56,
2026-09-13T15:48:15+00:00,56.40904468484223,-4.85462891869247,205.60000000000002,10670.55,1.176,88,56,
2026-09-13T15:48:16+00:00,56.40905315056443,-4.854619698598981,205.60000000000002,10671.64,1.204,88,57,
2026-09-13T15:48:25+00:00,56.409136299043894,-4.854548117145896,205.60000000000002,10682.31,1.278,87,56,
2026-09-13T15:48:37+00:00,56.40926253050566,-4.854565802961588,205.79999999999995,10696.44,1.25,86,57,
2026-09-13T15:48:47+00:00,56.40936923213303,-4.854637468233705,206.0,10709.62,1.25,85,58,
2026-09-13T15:48:50+00:00,56.40939555130899,-4.8546751867979765,206.0,10713.41,1.26,86,58,
2026-09-13T15:48:54+00:00,56.40941030345857,-4.854743834584951,205.79999999999995,10717.99,1.26,85,57,
2026-09-13T15:48:58+00:00,56.40942824073136,-4.854811644181609,206.0,10722.64,1.26,82,58,
2026-09-13T15:48:59+00:00,56.4094312582165,-4.854831341654062,206.0,10723.89,1.26,85,58,
2026-09-13T15:49:06+00:00,56.409453470259905,-4.854958076030016,206.20000000000005,10732.11,1.26,87,0,
