number,name,metres,drop,classification,country,county,xcoord,ycoord,munro,furth,hewitt,nuttall,marilyn,simm
1,Ben Chonzie,930.4,646.9,"Ma,M,Sim,HHB",S,Perth and Kinross,277324,730857,TRUE,FALSE,FALSE,FALSE,TRUE,TRUE
2,Creagan na Beinne,889.1,460.7,"Ma,C,Sim,HHB",S,Perth and Kinross,274440,736854,FALSE,FALSE,FALSE,FALSE,TRUE,TRUE
3,Creag Uchdag,878.8,276.4,"Ma,C,Sim,HHB",S,Perth and Kinross/Stirling,270827,732324,FALSE,FALSE,FALSE,FALSE,TRUE,TRUE
4,Auchnafree Hill,787.4,211.7,"Ma,C,Sim",S,Perth and Kinross,280862,730812,FALSE,FALSE,FALSE,FALSE,TRUE,TRUE
5,Shee of Ardtalnaig [Ciste Buide a' Claidheimh],758.2,225.6,"Ma,G,Sim",S,Perth and Kinross,272953,735175,FALSE,FALSE,FALSE,FALSE,TRUE,TRUE
6,Beinn na Gainimh,729.3,287,"Ma,G,Sim",S,Perth and Kinross,283715,734465,FALSE,FALSE,FALSE,FALSE,TRUE,TRUE
7,Meall Buidhe,719.2,273,"Ma,G,Sim",S,Stirling,257685,727593,FALSE,FALSE,FALSE,FALSE,TRUE,TRUE
8,Creag Ruadh,712.3,199.1,"Ma,G,Sim",S,Perth and Kinross,267398,729257,FALSE,FALSE,FALSE,FALSE,TRUE,TRUE
9,Meall Dearg,690.3,172.1,"Ma,G,Sim",S,Perth and Kinross,288660,741496,FALSE,FALSE,FALSE,FALSE,TRUE,TRUE
10,Creag Each,673.7,218,"Ma,G,Sim",S,Perth and Kinross,265257,726374,FALSE,FALSE,FALSE,FALSE,TRUE,TRUE
11,Creag Gharbh,637.4,150.8,"Ma,G,Sim",S,Stirling,263229,732730,FALSE,FALSE,FALSE,FALSE,TRUE,TRUE
12,Meall nan Caorach,623.7,322,"Ma,G,Sim",S,Perth and Kinross,292868,733894,FALSE,FALSE,FALSE,FALSE,TRUE,TRUE
13,Meall Reamhar,617.8,154,"Ma,G,Sim",S,Perth and Kinross,292208,733259,FALSE,FALSE,FALSE,FALSE,TRUE,TRUE
14,Creag na Criche,456.8,150.8,"Ma,4",S,Perth and Kinross,298574,735086,FALSE,FALSE,FALSE,FALSE,TRUE,FALSE
15,Birnam Hill - King's Seat,403.8,171,"Ma,4",S,Perth and Kinross,303208,740178,FALSE,FALSE,FALSE,FALSE,TRUE,FALSE
16,Knock of Crieff,279.2,162.6,"Ma,2",S,Perth and Kinross,287306,723401,FALSE,FALSE,FALSE,FALSE,TRUE,FALSE
17,Ben Vorlich,985.3,834.3,"Ma,M,Sim,HHB",S,Perth and Kinross,262911,718916,TRUE,FALSE,FALSE,FALSE,TRUE,TRUE
18,Stuc a' Chroin,973,252.1,"Ma,M,Sim,HHB",S,Perth and Kinross/Stirling,261746,717465,TRUE,FALSE,FALSE,FALSE,TRUE,TRUE
19,Beinn Each,811.2,157.1,"Ma,C,Sim",S,Stirling,260166,715806,FALSE,FALSE,FALSE,FALSE,TRUE,TRUE
20,Meall na Fearna,810,237,"Ma,C,Sim",S,Perth and Kinross,265078,718687,FALSE,FALSE,FALSE,FALSE,TRUE,TRUE
21,Beinn Dearg,706.6,73.4,"Sim,xG",S,Perth and Kinross,269669,719753,FALSE,FALSE,FALSE,FALSE,FALSE,TRUE
22,Sgiath a' Chaise,644.2,303,"Ma,G,Sim",S,Stirling,258371,716941,FALSE,FALSE,FALSE,FALSE,TRUE,TRUE
23,Mor Bheinn,640.3,327,"Ma,G,Sim",S,Perth and Kinross,271626,721172,FALSE,FALSE,FALSE,FALSE,TRUE,TRUE
24,Ben Clach,533.1,230,"Ma,5,DDew",S,Perth and Kinross,275930,715234,FALSE,FALSE,FALSE,FALSE,TRUE,FALSE
25,Torlum,393.7,232.8,"Ma,3",S,Perth and Kinross,281905,719229,FALSE,FALSE,FALSE,FALSE,TRUE,FALSE
26,Ben More,1173.9,986,"Ma,M,Sim,HHB,CoA,CoU",S,Stirling,243276,724417,TRUE,FALSE,FALSE,FALSE,TRUE,TRUE
27,Stob Binnein,1164.8,304.4,"Ma,M,Sim,HHB",S,Stirling,243480,722711,TRUE,FALSE,FALSE,FALSE,TRUE,TRUE
30,Cruach Ardrain,1045.9,549,"Ma,M,Sim,HHB",S,Stirling,240927,721216,TRUE,FALSE,FALSE,FALSE,TRUE,TRUE
31,An Caisteal,995.9,474,"Ma,M,Sim,HHB",S,Stirling,237873,719345,TRUE,FALSE,FALSE,FALSE,TRUE,TRUE
32,Ben Lomond,973.7,820,"Ma,M,Sim,HHB,CoH,CoA",S,Stirling,236707,702864,TRUE,FALSE,FALSE,FALSE,TRUE,TRUE
33,Meall na Dige,965.5,82.2,"MT,Sim,HHB",S,Stirling,245051,722591,FALSE,FALSE,FALSE,FALSE,FALSE,TRUE
34,Stob Garbh,957.7,103.9,"Hu,MT,Sim,HHB",S,Stirling,241113,722143,FALSE,FALSE,FALSE,FALSE,FALSE,TRUE
35,Beinn Tulaichean,945.8,121.8,"Hu,M,Sim,HHB",S,Stirling,241661,719605,TRUE,FALSE,FALSE,FALSE,FALSE,TRUE
36,Beinn a' Chroin East Top,940.1,63.1,"MT,Sim,HHB",S,Stirling,239397,718595,FALSE,FALSE,FALSE,FALSE,FALSE,TRUE
38,Beinn Chabhair,932.2,313,"Ma,M,Sim,HHB",S,Stirling,236761,717957,TRUE,FALSE,FALSE,FALSE,TRUE,TRUE
41,Stob Creagach,905.8,89.4,"Sim,HHB",S,Stirling,245939,723171,FALSE,FALSE,FALSE,FALSE,FALSE,TRUE
42,Ben Ledi,879,528,"Ma,C,Sim,HHB",S,Stirling,256236,709777,FALSE,FALSE,FALSE,FALSE,TRUE,TRUE
43,Stob a' Choin,867.2,478,"Ma,C,Sim,HHB",S,Stirling,241721,715975,FALSE,FALSE,FALSE,FALSE,TRUE,TRUE
44,Meall an t-Seallaidh,852.7,428,"Ma,C,Sim,HHB",S,Stirling,254210,723409,FALSE,FALSE,FALSE,FALSE,TRUE,TRUE
45,Benvane,821,215,"Ma,C,Sim",S,Stirling,253516,713728,FALSE,FALSE,FALSE,FALSE,TRUE,TRUE
46,Creag Mac Ranaich,808.6,213,"Ma,C,Sim",S,Stirling,254565,725567,FALSE,FALSE,FALSE,FALSE,TRUE,TRUE
47,Beinn Stacach [Ceann na Baintighearna] [Stob Fear-tomhais] [Beinn Stacath],771.8,364,"Ma,C,Sim",S,Stirling,247435,716329,FALSE,FALSE,FALSE,FALSE,TRUE,TRUE
48,Beinn a' Choin,768.7,345,"Ma,C,Sim",S,Argyll and Bute/Stirling,235428,713029,FALSE,FALSE,FALSE,FALSE,TRUE,TRUE
49,The Stob,753.6,229,"Ma,G,Sim",S,Stirling,249138,723185,FALSE,FALSE,FALSE,FALSE,TRUE,TRUE
50,Meall Mor,746,264.4,"Ma,G,Sim",S,Stirling,238375,715144,FALSE,FALSE,FALSE,FALSE,TRUE,TRUE
51,Ben Venue,729,545,"Ma,G,Sim",S,Stirling,247456,706333,FALSE,FALSE,FALSE,FALSE,TRUE,TRUE
52,Stob Breac,686.4,247.8,"Ma,G,Sim",S,Stirling,244723,716613,FALSE,FALSE,FALSE,FALSE,TRUE,TRUE
53,Meall Cala,674,149,"Hu,Sim,sMa",S,Stirling,250828,712774,FALSE,FALSE,FALSE,FALSE,FALSE,TRUE
54,Creag Mhor,659.8,292.9,"Ma,G,Sim",S,Stirling,251032,718514,FALSE,FALSE,FALSE,FALSE,TRUE,TRUE
55,Cruinn a' Bheinn,632.5,178,"Ma,G,Sim",S,Stirling,236540,705147,FALSE,FALSE,FALSE,FALSE,TRUE,TRUE
56,Beinn Uamha,596.8,265,"Ma,5,HF",S,Stirling,238644,706907,FALSE,FALSE,FALSE,FALSE,TRUE,FALSE
57,Beinn Uird,596.6,212,"Ma,5,HF",S,Stirling,239945,698524,FALSE,FALSE,FALSE,FALSE,TRUE,FALSE
58,Binnean nan Gobhar,584.8,152.2,"Ma,5,HF",S,Stirling,241896,696763,FALSE,FALSE,FALSE,FALSE,TRUE,FALSE
59,Beinn an t-Sidhein,572,287,"Ma,5,HF",S,Stirling,254696,717861,FALSE,FALSE,FALSE,FALSE,TRUE,FALSE
60,Meall Gainmheich,566,223,"Ma,5,HF",S,Stirling,250956,709519,FALSE,FALSE,FALSE,FALSE,TRUE,FALSE
61,Beinn Dubh,508,193,"Ma,5,HF",S,Stirling,240442,704509,FALSE,FALSE,FALSE,FALSE,TRUE,FALSE
62,Beinn Dearg,427,212,"Ma,4",S,Stirling,258878,703792,FALSE,FALSE,FALSE,FALSE,TRUE,FALSE
63,Craig of Monievreckie,400.1,175,"Ma,4",S,Stirling,254658,701991,FALSE,FALSE,FALSE,FALSE,TRUE,FALSE
64,Conic Hill,361,153,"Ma,3",S,Stirling,243279,692400,FALSE,FALSE,FALSE,FALSE,TRUE,FALSE
65,Ben Lui [Beinn Laoigh],1131.4,876,"Ma,M,Sim,HHB",S,Stirling,226635,726296,TRUE,FALSE,FALSE,FALSE,TRUE,TRUE
67,Ben Oss,1029.8,341.2,"Ma,M,Sim,HHB",S,Stirling,228778,725320,TRUE,FALSE,FALSE,FALSE,TRUE,TRUE
68,Beinn Ime,1012.2,713,"Ma,M,Sim,HHB",S,Argyll and Bute,225497,708488,TRUE,FALSE,FALSE,FALSE,TRUE,TRUE
69,Beinn Dubhchraig,978.6,198.9,"Ma,M,Sim,HHB",S,Stirling,230763,725493,TRUE,FALSE,FALSE,FALSE,TRUE,TRUE
70,Beinn Bhuidhe,948.5,592,"Ma,M,Sim,HHB",S,Argyll and Bute,220369,718720,TRUE,FALSE,FALSE,FALSE,TRUE,TRUE
71,Ben Vorlich,942.8,632,"Ma,M,Sim,HHB,CoH,CoA",S,Argyll and Bute,229509,712474,TRUE,FALSE,FALSE,FALSE,TRUE,TRUE
74,Beinn Narnain,926.8,290,"Ma,M,Sim,HHB",S,Argyll and Bute,227168,706655,TRUE,FALSE,FALSE,FALSE,TRUE,TRUE
75,Beinn a' Chleibh,916.3,139.9,"Hu,Sim,M,HHB",S,Argyll and Bute/Stirling,225054,725606,TRUE,FALSE,FALSE,FALSE,FALSE,TRUE
76,Ben Vane,915.76,424,"Ma,M,Sim,HHB",S,Argyll and Bute,227753,709844,TRUE,FALSE,FALSE,FALSE,TRUE,TRUE
77,Beinn Bhuidhe East Top,903,76.7,"Sim,HHB",S,Argyll and Bute,221324,719304,FALSE,FALSE,FALSE,FALSE,FALSE,TRUE
78,Beinn Chorranach,887.6,137.7,"Hu,Sim,HHB",S,Argyll and Bute,225474,709591,FALSE,FALSE,FALSE,FALSE,FALSE,TRUE
79,The Cobbler [Ben Arthur],884,256,"Ma,C,Sim,HHB",S,Argyll and Bute,225953,705820,FALSE,FALSE,FALSE,FALSE,TRUE,TRUE
80,Beinn Chuirn,880,446,"Ma,C,Sim,HHB",S,Argyll and Bute/Stirling,228030,729235,FALSE,FALSE,FALSE,FALSE,TRUE,TRUE
81,Beinn Luibhean,859.7,181,"Ma,C,Sim,HHB",S,Argyll and Bute,224281,707919,FALSE,FALSE,FALSE,FALSE,TRUE,TRUE
82,Stob Coire Creagach [Binnein an Fhidhleir],817.8,505,"Ma,C,Sim",S,Argyll and Bute,223061,710918,FALSE,FALSE,FALSE,FALSE,TRUE,TRUE
83,Meall an Fhudair,764,382,"Ma,C,Sim",S,Argyll and Bute,227068,719245,FALSE,FALSE,FALSE,FALSE,TRUE,TRUE
84,Meall nan Gabhar,744,265,"Ma,G,Sim",S,Argyll and Bute,223576,724029,FALSE,FALSE,FALSE,FALSE,TRUE,TRUE
86,Beinn Damhain,684.2,220,"Ma,G,Sim",S,Argyll and Bute,228216,717295,FALSE,FALSE,FALSE,FALSE,TRUE,TRUE
87,Meall Odhar,656.9,184,"Ma,G,Sim",S,Stirling,229794,729851,FALSE,FALSE,FALSE,FALSE,TRUE,TRUE
88,Fiarach,652.2,181,"Ma,G,Sim",S,Stirling,234482,726153,FALSE,FALSE,FALSE,FALSE,TRUE,TRUE
89,Beinn Bhalgairean,636.8,210,"Ma,G,Sim",S,Argyll and Bute,220263,724108,FALSE,FALSE,FALSE,FALSE,TRUE,TRUE
90,Beinn Ghlas,551.2,256,"Ma,5,HF",S,Argyll and Bute,213154,718084,FALSE,FALSE,FALSE,FALSE,TRUE,FALSE
91,Cruach Tairbeirt,415,280,"Ma,4",S,Argyll and Bute,231262,705871,FALSE,FALSE,FALSE,FALSE,TRUE,FALSE
93,Doune Hill,734.5,695,"Ma,G,Sim",S,Argyll and Bute,229051,697096,FALSE,FALSE,FALSE,FALSE,TRUE,TRUE
94,Beinn Chaorach,713,381,"Ma,G,Sim",S,Argyll and Bute,228743,692371,FALSE,FALSE,FALSE,FALSE,TRUE,TRUE
95,Beinn a' Mhanaich,709,358,"Ma,G,Sim",S,Argyll and Bute,226913,694609,FALSE,FALSE,FALSE,FALSE,TRUE,TRUE
96,Beinn Eich,701.5,157.3,"Ma,G,Sim",S,Argyll and Bute,230210,694686,FALSE,FALSE,FALSE,FALSE,TRUE,TRUE
97,Cruach an t-Sidhein,683.6,169.3,"Ma,G,Sim",S,Argyll and Bute,227517,696482,FALSE,FALSE,FALSE,FALSE,TRUE,TRUE
98,Beinn Bhreac,680.8,530,"Ma,G,Sim",S,Argyll and Bute,232152,700070,FALSE,FALSE,FALSE,FALSE,TRUE,TRUE
99,Mid Hill [Beinn Dubh],656.9,430,"Ma,G,Sim",S,Argyll and Bute,232142,696264,FALSE,FALSE,FALSE,FALSE,TRUE,TRUE
100,Tullich Hill,633.1,274,"Ma,G,Sim",S,Argyll and Bute,229353,700649,FALSE,FALSE,FALSE,FALSE,TRUE,TRUE
101,The Fruin,361,168,"Ma,3",S,Argyll and Bute,227622,687227,FALSE,FALSE,FALSE,FALSE,TRUE,FALSE
102,Ben Bowie,313,221,"Ma,3",S,Argyll and Bute,233991,682884,FALSE,FALSE,FALSE,FALSE,TRUE,FALSE
103,Schiehallion,1083.3,716,"Ma,M,Sim,HHB",S,Perth and Kinross,271384,754769,TRUE,FALSE,FALSE,FALSE,TRUE,TRUE
104,Beinn a' Chreachain,1080.6,650,"Ma,M,Sim,HHB",S,Perth and Kinross,237390,744075,TRUE,FALSE,FALSE,FALSE,TRUE,TRUE
105,Beinn Dorain,1076,332,"Ma,M,Sim,HHB",S,Argyll and Bute,232553,737855,TRUE,FALSE,FALSE,FALSE,TRUE,TRUE
107,Carn Mairg,1043,466.9,"Ma,M,Sim,HHB",S,Perth and Kinross,268490,751260,TRUE,FALSE,FALSE,FALSE,TRUE,TRUE
108,Beinn Achaladair,1038.6,226,"Ma,M,Sim,HHB",S,Argyll and Bute/Perth and Kinross,234469,743244,TRUE,FALSE,FALSE,FALSE,TRUE,TRUE
109,Carn Gorm,1029.5,188.5,"Ma,M,Sim,HHB",S,Perth and Kinross,263516,750071,TRUE,FALSE,FALSE,FALSE,TRUE,TRUE
110,Meall Liath,1013.7,59.8,"MT,Sim,HHB",S,Perth and Kinross,269296,751220,FALSE,FALSE,FALSE,FALSE,FALSE,TRUE
111,Meall a' Bharr,1003.2,33.9,"MT,Sim,HHB",S,Perth and Kinross,266825,751562,FALSE,FALSE,FALSE,FALSE,FALSE,TRUE
112,Beinn an Dothaidh,1004,247,"Ma,M,Sim,HHB",S,Argyll and Bute,233177,740868,TRUE,FALSE,FALSE,FALSE,TRUE,TRUE
113,Beinn Achaladair South Top,1003.6,46.7,"MT,Sim,HHB",S,Argyll and Bute/Perth and Kinross,234226,742052,FALSE,FALSE,FALSE,FALSE,FALSE,TRUE
115,Meall na Aighean,981,136,"Hu,M,Sim,HHB",S,Perth and Kinross,269477,749669,TRUE,FALSE,FALSE,FALSE,FALSE,TRUE
116,Meall Buidhe,977.2,53,"MT,Sim,HHB",S,Argyll and Bute/Perth and Kinross,235980,743842,FALSE,FALSE,FALSE,FALSE,FALSE,TRUE
118,Meall Garbh,967.5,102.2,"Hu,M,Sim,HHB",S,Perth and Kinross,264707,751686,TRUE,FALSE,FALSE,FALSE,FALSE,TRUE
120,Stuc an Lochain [Stuchd an Lochain],959.5,481,"Ma,M,Sim,HHB",S,Perth and Kinross,248305,744840,TRUE,FALSE,FALSE,FALSE,TRUE,TRUE
122,Beinn Mhanach,952.5,315,"Ma,M,Sim,HHB",S,Perth and Kinross,237371,741139,TRUE,FALSE,FALSE,FALSE,TRUE,TRUE
123,Meall Buidhe,932.1,321.1,"Ma,M,Sim,HHB",S,Perth and Kinross,249840,749946,TRUE,FALSE,FALSE,FALSE,TRUE,TRUE
124,Sron Chona Choirein,926.1,36.8,"MT,Sim,HHB",S,Perth and Kinross,249336,744557,FALSE,FALSE,FALSE,FALSE,FALSE,TRUE
125,An Sgorr,924.6,73.2,"MT,Sim,HHB",S,Perth and Kinross,264073,750955,FALSE,FALSE,FALSE,FALSE,FALSE,TRUE
126,Beinn a' Chuirn,922.8,75.4,"MT,Sim,HHB",S,Argyll and Bute,236000,740924,FALSE,FALSE,FALSE,FALSE,FALSE,TRUE
129,Garbh Mheall,913.1,49.9,"Sim,HHB",S,Perth and Kinross,250041,750575,FALSE,FALSE,FALSE,FALSE,FALSE,TRUE
130,Meall Buidhe,908.4,259,"Ma,C,Sim,HHB",S,Argyll and Bute/Perth and Kinross,242688,744962,FALSE,FALSE,FALSE,FALSE,TRUE,TRUE
131,Meall na Aighean East Top,904,42,"Sim,HHB",S,Perth and Kinross,270629,749518,FALSE,FALSE,FALSE,FALSE,FALSE,TRUE
132,Cam Chreag,861.7,166.2,"Ma,C,Sim,HHB",S,Perth and Kinross,253680,749125,FALSE,FALSE,FALSE,FALSE,TRUE,TRUE
133,Sron a' Choire Chnapanaich [Sron a' Choire Chnapanich],835,205.8,"Ma,C,Sim",S,Perth and Kinross,245600,745303,FALSE,FALSE,FALSE,FALSE,TRUE,TRUE
134,Beinn Dearg,830,201,"Ma,C,Sim",S,Perth and Kinross,260868,749756,FALSE,FALSE,FALSE,FALSE,TRUE,TRUE
135,Meall Tairneachan,787,420,"Ma,C,Sim",S,Perth and Kinross,280745,754377,FALSE,FALSE,FALSE,FALSE,TRUE,TRUE
136,Farragon Hill,782.4,185.6,"Ma,C,Sim",S,Perth and Kinross,284033,755306,FALSE,FALSE,FALSE,FALSE,TRUE,TRUE
137,Meall a' Mhuic,745.9,236,"Ma,G,Sim",S,Perth and Kinross,257937,750801,FALSE,FALSE,FALSE,FALSE,TRUE,TRUE
138,Leagag,601,215,"Ma,Sim,G",S,Perth and Kinross,251885,753913,FALSE,FALSE,FALSE,FALSE,TRUE,TRUE
139,Dun Coillich,572,187,"Ma,5,HF",S,Perth and Kinross,276249,753647,FALSE,FALSE,FALSE,FALSE,TRUE,FALSE
140,Meall Chomraidh,466.3,150.9,"Ma,4",S,Perth and Kinross,248391,755671,FALSE,FALSE,FALSE,FALSE,TRUE,FALSE
141,Ben Lawers,1214.3,914,"Ma,M,Sim,HHB,CoH,CoA,CoU",S,Perth and Kinross,263552,741424,TRUE,FALSE,FALSE,FALSE,TRUE,TRUE
142,An Stuc,1117.1,126,"Hu,M,Sim,HHB",S,Perth and Kinross,263891,743102,TRUE,FALSE,FALSE,FALSE,FALSE,TRUE
143,Meall Garbh,1123.1,198,"Ma,M,Sim,HHB",S,Perth and Kinross,264438,743758,TRUE,FALSE,FALSE,FALSE,TRUE,TRUE
144,Beinn Ghlas,1103.4,109.1,"Hu,M,Sim,HHB",S,Perth and Kinross,262529,740463,TRUE,FALSE,FALSE,FALSE,FALSE,TRUE
145,Beinn Sheasgarnaich [Beinn Heasgarnich],1077.4,579,"Ma,M,Sim,HHB",S,Perth and Kinross,241380,738337,TRUE,FALSE,FALSE,FALSE,TRUE,TRUE
146,Meall Corranaich,1067.2,201.3,"Ma,M,Sim,HHB",S,Perth and Kinross,261533,741048,TRUE,FALSE,FALSE,FALSE,TRUE,TRUE
148,Creag Mhor,1046.8,394,"Ma,M,Sim,HHB",S,Perth and Kinross/Stirling,239150,736111,TRUE,FALSE,FALSE,FALSE,TRUE,TRUE
149,Meall nan Tarmachan,1043.6,494.4,"Ma,M,Sim,HHB",S,Perth and Kinross,258518,739000,TRUE,FALSE,FALSE,FALSE,TRUE,TRUE
150,Meall Ghaordaidh,1039.8,492,"Ma,M,Sim,HHB",S,Perth and Kinross/Stirling,251442,739704,TRUE,FALSE,FALSE,FALSE,TRUE,TRUE
151,Meall Garbh,1026.7,75.2,"MT,Sim,HHB",S,Perth and Kinross/Stirling,257836,738339,FALSE,FALSE,FALSE,FALSE,FALSE,TRUE
152,Beinn Challuim [Ben Challum],1024.9,450,"Ma,M,Sim,HHB",S,Stirling,238685,732235,TRUE,FALSE,FALSE,FALSE,TRUE,TRUE
154,Meall Greigh,1001,167,"Ma,M,Sim,HHB",S,Perth and Kinross,267400,743807,TRUE,FALSE,FALSE,FALSE,TRUE,TRUE
155,Beinn nan Eachan East Top,951.4,30.1,"Sim,HHB,xMT",S,Perth and Kinross/Stirling,257407,738390,FALSE,FALSE,FALSE,FALSE,FALSE,TRUE
156,Beinn nan Eachan,1000.1,90.5,"MT,Sim,HHB,sHu",S,Stirling,257022,738373,FALSE,FALSE,FALSE,FALSE,FALSE,TRUE
157,Beinn Challuim South Top [Ben Challum South Top],998.3,44.9,"MT,Sim,HHB",S,Stirling,238637,731578,FALSE,FALSE,FALSE,FALSE,FALSE,TRUE
158,Meall Glas,959.3,554,"Ma,M,Sim,HHB",S,Stirling,243147,732194,TRUE,FALSE,FALSE,FALSE,TRUE,TRUE
159,Stob nan Clach,956.5,72.3,"MT,Sim,HHB",S,Perth and Kinross/Stirling,238711,735184,FALSE,FALSE,FALSE,FALSE,FALSE,TRUE
161,Beinn Cheathaich,937.6,79,"MT,Sim,HHB",S,Stirling,244406,732662,FALSE,FALSE,FALSE,FALSE,FALSE,TRUE
163,Meall a' Choire Leith,925.6,150.5,"Ma,M,Sim,HHB",S,Perth and Kinross,261249,743882,TRUE,FALSE,FALSE,FALSE,TRUE,TRUE
164,Meall nan Tarmachan South Top [Meall nan Tarmachan SE Top],921.6,32.4,"MT,Sim,HHB",S,Perth and Kinross,258927,738511,FALSE,FALSE,FALSE,FALSE,FALSE,TRUE
165,Sgiath Chuil,920.1,311,"Ma,M,Sim,HHB",S,Stirling,246291,731794,TRUE,FALSE,FALSE,FALSE,TRUE,TRUE
167,Creag na Caillich,914.3,69.3,"Sim,HHB,xMT",S,Stirling,256285,737700,FALSE,FALSE,FALSE,FALSE,FALSE,TRUE
168,Beinn nan Oighreag,909.6,272,"Ma,C,Sim,HHB",S,Perth and Kinross/Stirling,254168,741200,FALSE,FALSE,FALSE,FALSE,TRUE,TRUE
169,Beinn Odhar,900.8,457,"Ma,C,Sim,HHB",S,Argyll and Bute/Stirling,233735,733884,FALSE,FALSE,FALSE,FALSE,TRUE,TRUE
170,Beinn a' Chaisteil,886,467,"Ma,C,Sim,HHB",S,Argyll and Bute/Perth and Kinross,234719,736404,FALSE,FALSE,FALSE,FALSE,TRUE,TRUE
171,Cam Chreag,883.6,158.3,"Ma,C,Sim,HHB",S,Argyll and Bute/Perth and Kinross/Stirling,237546,734672,FALSE,FALSE,FALSE,FALSE,TRUE,TRUE
172,Beinn nan Imirean,849,185,"Ma,C,Sim,HHB",S,Stirling,241928,730949,FALSE,FALSE,FALSE,FALSE,TRUE,TRUE
173,Beinn Chaorach,818,180,"Ma,C,Sim",S,Argyll and Bute/Stirling,235885,732822,FALSE,FALSE,FALSE,FALSE,TRUE,TRUE
174,Beinn nam Fuaran,806,260,"Ma,C,Sim",S,Argyll and Bute/Perth and Kinross,236110,738193,FALSE,FALSE,FALSE,FALSE,TRUE,TRUE
175,Meall nan Subh,806,214,"Ma,C,Sim",S,Perth and Kinross,246077,739750,FALSE,FALSE,FALSE,FALSE,TRUE,TRUE
176,Meall nam Maigheach,778.9,176,"Ma,C,Sim",S,Perth and Kinross,258590,743603,FALSE,FALSE,FALSE,FALSE,TRUE,TRUE
177,Drummond Hill,460,314,"Ma,4",S,Perth and Kinross,274963,745490,FALSE,FALSE,FALSE,FALSE,TRUE,FALSE
178,Aonach Eagach - Sgorr nam Fiannaidh,967.7,623,"Ma,M,Sim,HHB",S,Highland,214043,758306,TRUE,FALSE,FALSE,FALSE,TRUE,TRUE
179,Aonach Eagach - Meall Dearg,952.3,120.3,"Hu,M,Sim,HHB",S,Highland,216126,758365,TRUE,FALSE,FALSE,FALSE,FALSE,TRUE
180,Am Bodach,941.9,74.5,"MT,Sim,HHB",S,Highland,216833,758018,FALSE,FALSE,FALSE,FALSE,FALSE,TRUE
181,Stob Coire Leith,939.5,61.7,"MT,Sim,HHB",S,Highland,214934,758488,FALSE,FALSE,FALSE,FALSE,FALSE,TRUE
183,A' Chailleach,902.1,137.9,"Hu,Sim,HHB",S,Highland,218916,757943,FALSE,FALSE,FALSE,FALSE,FALSE,TRUE
184,Aonach Eagach West Peak,904.7,32,"Sim,HHB",S,Highland,215347,758285,FALSE,FALSE,FALSE,FALSE,FALSE,TRUE
185,Garbh Bheinn,867,332,"Ma,C,Sim,HHB",S,Highland,216926,760097,FALSE,FALSE,FALSE,FALSE,TRUE,TRUE
186,Beinn a' Chrulaiste,857,464,"Ma,C,Sim,HHB",S,Highland,224627,756682,FALSE,FALSE,FALSE,FALSE,TRUE,TRUE
187,Pap of Glencoe,742.4,155.8,"Ma,G,Sim",S,Highland,212513,759426,FALSE,FALSE,FALSE,FALSE,TRUE,TRUE
188,Stob na Cruaiche,740,351,"Ma,G,Sim",S,Highland/Perth and Kinross,236355,757101,FALSE,FALSE,FALSE,FALSE,TRUE,TRUE
189,Leathad Mor,547,210,"Ma,5,HF",S,Highland,237837,751024,FALSE,FALSE,FALSE,FALSE,TRUE,FALSE
190,Glas Bheinn,502.1,182,"Ma,5,HF",S,Argyll and Bute/Highland,232678,747321,FALSE,FALSE,FALSE,FALSE,TRUE,FALSE
191,Bidean nam Bian,1149.4,844,"Ma,M,Sim,HHB,CoH,CoA",S,Highland,214341,754210,TRUE,FALSE,FALSE,FALSE,TRUE,TRUE
192,Stob Coire nan Lochan,1115.6,116.5,"Hu,MT,Sim,HHB",S,Highland,214833,754866,FALSE,FALSE,FALSE,FALSE,FALSE,TRUE
194,Stob Coire Sgreamhach,1072,128,"Hu,M,Sim,HHB",S,Highland,215487,753664,TRUE,FALSE,FALSE,FALSE,FALSE,TRUE
195,Beinn a' Bheithir - Sgorr Dhearg,1024.2,729,"Ma,M,Sim,HHB",S,Highland,205684,755847,TRUE,FALSE,FALSE,FALSE,TRUE,TRUE
196,Buachaille Etive Mor - Stob Dearg,1021.4,532,"Ma,M,Sim,HHB",S,Highland,222263,754254,TRUE,FALSE,FALSE,FALSE,TRUE,TRUE
197,Stob na Doire,1010.5,144,"Hu,MT,Sim,HHB,sMa",S,Highland,220755,753270,FALSE,FALSE,FALSE,FALSE,FALSE,TRUE
198,Beinn a' Bheithir - Sgorr Dhonuill,1002.1,245.1,"Ma,M,Sim,HHB",S,Highland,204050,755544,TRUE,FALSE,FALSE,FALSE,TRUE,TRUE
199,Sgurr na h-Ulaidh [Sgor na h-Ulaidh],994,415,"Ma,M,Sim,HHB",S,Highland,211117,751795,TRUE,FALSE,FALSE,FALSE,TRUE,TRUE
200,Stob an Fhuarain,965.6,102.9,"Hu,MT,Sim,HHB",S,Highland,211820,752317,FALSE,FALSE,FALSE,FALSE,FALSE,TRUE
201,Beinn Fhionnlaidh,959,510,"Ma,M,Sim,HHB",S,Argyll and Bute,209508,749769,TRUE,FALSE,FALSE,FALSE,TRUE,TRUE
202,Buachaille Etive Beag - Stob Dubh,958,469,"Ma,M,Sim,HHB",S,Highland,217910,753541,TRUE,FALSE,FALSE,FALSE,TRUE,TRUE
203,Buachaille Etive Mor - Stob na Broige,953.4,134.5,"Hu,M,Sim,HHB",S,Highland,219071,752568,TRUE,FALSE,FALSE,FALSE,FALSE,TRUE
204,Beinn Fhada,952,50,"MT,Sim,HHB",S,Highland,215968,754056,FALSE,FALSE,FALSE,FALSE,FALSE,TRUE
205,Sgorr Bhan,946.2,47.9,"MT,Sim,HHB",S,Highland,206267,756051,FALSE,FALSE,FALSE,FALSE,FALSE,TRUE
206,Stob Coire Altruim,938.8,35.4,"MT,Sim,HHB",S,Highland,219714,753042,FALSE,FALSE,FALSE,FALSE,FALSE,TRUE
207,Beinn Sgulaird,937,662,"Ma,M,Sim,HHB",S,Argyll and Bute,205301,746089,TRUE,FALSE,FALSE,FALSE,TRUE,TRUE
208,Beinn Fhada NE Top [Beinn Fhada East Top],931,55,"MT,Sim,HHB",S,Highland,216426,754319,FALSE,FALSE,FALSE,FALSE,FALSE,TRUE
209,Buachaille Etive Beag - Stob Coire Raineach,924.5,177.7,"Ma,M,Sim,HHB",S,Highland,219140,754796,TRUE,FALSE,FALSE,FALSE,TRUE,TRUE
210,Beinn Sgulaird North Top,909,32,"Sim,HHB",S,Argyll and Bute,205535,746278,FALSE,FALSE,FALSE,FALSE,FALSE,TRUE
211,Beinn Maol Chaluim,906.3,197,"Ma,C,Sim,HHB",S,Highland,213494,752586,FALSE,FALSE,FALSE,FALSE,TRUE,TRUE
212,Fraochaidh,879,551,"Ma,C,Sim,HHB",S,Argyll and Bute/Highland,202904,751712,FALSE,FALSE,FALSE,FALSE,TRUE,TRUE
213,Beinn Trilleachan,840,478,"Ma,C,Sim,HHB",S,Argyll and Bute/Highland,208646,743900,FALSE,FALSE,FALSE,FALSE,TRUE,TRUE
214,Creach Bheinn,810,245,"Ma,C,Sim",S,Argyll and Bute,202374,742241,FALSE,FALSE,FALSE,FALSE,TRUE,TRUE
215,Meall Lighiche,772,247,"Ma,C,Sim",S,Highland,209478,752836,FALSE,FALSE,FALSE,FALSE,TRUE,TRUE
216,Mam Hael [Beinn Bhreac],723.8,159,"Ma,G,Sim",S,Argyll and Bute,200861,740891,FALSE,FALSE,FALSE,FALSE,TRUE,TRUE
217,Beinn Mheadhonach,715,252,"Ma,G,Sim",S,Argyll and Bute,201987,736894,FALSE,FALSE,FALSE,FALSE,TRUE,TRUE
218,Beinn Molurgainn,688.3,150.3,"Ma,G,Sim",S,Argyll and Bute,201954,740070,FALSE,FALSE,FALSE,FALSE,TRUE,TRUE
219,Meall Mor,676,304.8,"Ma,G,Sim",S,Highland,210606,755961,FALSE,FALSE,FALSE,FALSE,TRUE,TRUE
220,Sgorr a' Choise,661.8,288.6,"Ma,G,Sim",S,Highland,208460,755156,FALSE,FALSE,FALSE,FALSE,TRUE,TRUE
221,Meall Ban,654,145,"Hu,Sim,sMa",S,Argyll and Bute/Highland,199654,749876,FALSE,FALSE,FALSE,FALSE,FALSE,TRUE
222,Beinn Mheadhonach,589,193,"Ma,5,HF",S,Argyll and Bute,206414,743494,FALSE,FALSE,FALSE,FALSE,TRUE,FALSE
223,Beinn Duirinnis,556,250,"Ma,5,HF",S,Argyll and Bute,202101,734765,FALSE,FALSE,FALSE,FALSE,TRUE,FALSE
224,An Grianan,549,179,"Ma,5,HF",S,Argyll and Bute,207512,747831,FALSE,FALSE,FALSE,FALSE,TRUE,FALSE
225,Beinn Churalain,549,176,"Ma,5,HF",S,Argyll and Bute,199037,746128,FALSE,FALSE,FALSE,FALSE,TRUE,FALSE
226,Beinn Donn,473,204,"Ma,4",S,Argyll and Bute,196116,747711,FALSE,FALSE,FALSE,FALSE,TRUE,FALSE
227,Beinn Sgluich,466,216,"Ma,4",S,Argyll and Bute/Highland,196657,751249,FALSE,FALSE,FALSE,FALSE,TRUE,FALSE
228,Na Maoilean,352.6,193,"Ma,3",S,Argyll and Bute,197530,737217,FALSE,FALSE,FALSE,FALSE,TRUE,FALSE
229,Beinn Lora,308,171,"Ma,3",S,Argyll and Bute,191936,737745,FALSE,FALSE,FALSE,FALSE,TRUE,FALSE
230,Ardsheal Hill,263,231,"Ma,2",S,Highland,199513,756850,FALSE,FALSE,FALSE,FALSE,TRUE,FALSE
231,Airds Hill,181,153,"Ma,1",S,Argyll and Bute,192616,745870,FALSE,FALSE,FALSE,FALSE,TRUE,FALSE
232,Ben Cruachan,1127,880,"Ma,M,Sim,HHB,CoA,CoU",S,Argyll and Bute,206964,730472,TRUE,FALSE,FALSE,FALSE,TRUE,TRUE
233,Meall a' Bhuiridh,1107.9,795,"Ma,M,Sim,HHB",S,Highland,225061,750346,TRUE,FALSE,FALSE,FALSE,TRUE,TRUE
234,Stob Dearg [Taynuilt Peak],1103.1,97.8,"MT,Sim,HHB,sHu",S,Argyll and Bute,206236,730745,FALSE,FALSE,FALSE,FALSE,FALSE,TRUE
235,Creise,1099.8,169.4,"Ma,M,Sim,HHB",S,Highland,223854,750645,TRUE,FALSE,FALSE,FALSE,TRUE,TRUE
236,Clach Leathad,1099,67.8,"MT,Sim,HHB",S,Highland,224032,749319,FALSE,FALSE,FALSE,FALSE,FALSE,TRUE
237,Stob Ghabhar,1089.2,392,"Ma,M,Sim,HHB",S,Argyll and Bute/Highland,223017,745515,TRUE,FALSE,FALSE,FALSE,TRUE,TRUE
238,Ben Starav,1079.5,448.8,"Ma,M,Sim,HHB",S,Highland,212576,742714,TRUE,FALSE,FALSE,FALSE,TRUE,TRUE
241,Stob Coir' an Albannaich,1044.9,307,"Ma,M,Sim,HHB",S,Argyll and Bute/Highland,216952,744303,TRUE,FALSE,FALSE,FALSE,TRUE,TRUE
243,Drochaid Ghlas,1024.4,90.6,"MT,Sim,HHB,sHu",S,Argyll and Bute,208333,730771,FALSE,FALSE,FALSE,FALSE,FALSE,TRUE
244,Stob Daimh [Stob Diamh],999.2,134.5,"Hu,M,Sim,HHB",S,Argyll and Bute,209482,730859,TRUE,FALSE,FALSE,FALSE,FALSE,TRUE
245,Glas Bheinn Mhor,997.7,231.3,"Ma,M,Sim,HHB",S,Argyll and Bute/Highland,215328,742984,TRUE,FALSE,FALSE,FALSE,TRUE,TRUE
249,Beinn Eunaich,989,425,"Ma,M,Sim,HHB",S,Argyll and Bute,213562,732797,TRUE,FALSE,FALSE,FALSE,TRUE,TRUE
250,Stob Garbh,981.7,50.5,"MT,Sim,HHB",S,Argyll and Bute,209559,730249,FALSE,FALSE,FALSE,FALSE,FALSE,TRUE
251,Beinn a' Chochuill,980,252,"Ma,M,Sim,HHB",S,Argyll and Bute,210977,732849,TRUE,FALSE,FALSE,FALSE,TRUE,TRUE
253,Sron an Isean,966.6,55,"MT,Sim,HHB",S,Argyll and Bute,209927,731146,FALSE,FALSE,FALSE,FALSE,FALSE,TRUE
254,Beinn nan Aighenan,959,343.4,"Ma,M,Sim,HHB",S,Argyll and Bute,214856,740543,TRUE,FALSE,FALSE,FALSE,TRUE,TRUE
255,Stob a' Choire Odhair,945,279.4,"Ma,M,Sim,HHB",S,Argyll and Bute/Highland,225731,745982,TRUE,FALSE,FALSE,FALSE,TRUE,TRUE
256,Stob a' Bhruaich Leith,941.5,42.2,"MT,Sim,HHB",S,Argyll and Bute/Highland,220864,745986,FALSE,FALSE,FALSE,FALSE,FALSE,TRUE
257,Meall Cruidh,930,35,"MT,Sim,HHB",S,Argyll and Bute,212913,741562,FALSE,FALSE,FALSE,FALSE,FALSE,TRUE
258,Meall nan Eun,928.1,174.5,"Ma,M,Sim,HHB",S,Argyll and Bute,219248,744903,TRUE,FALSE,FALSE,FALSE,TRUE,TRUE
259,Stob an Duine Ruaidh,918,66,"MT,Sim,HHB",S,Argyll and Bute,212463,740999,FALSE,FALSE,FALSE,FALSE,FALSE,TRUE
260,Meall Cuanail,920.2,94.5,"MT,Sim,HHB,sHu",S,Argyll and Bute,206977,729562,FALSE,FALSE,FALSE,FALSE,FALSE,TRUE
261,Meall nan Each,904.2,88.1,"Sim,HHB",S,Argyll and Bute,205677,731319,FALSE,FALSE,FALSE,FALSE,FALSE,TRUE
262,Beinn a' Bhuiridh,898.4,172.2,"Ma,C,Sim,HHB",S,Argyll and Bute,209436,728381,FALSE,FALSE,FALSE,FALSE,TRUE,TRUE
263,Stob Dubh,883,521,"Ma,C,Sim,HHB",S,Highland,216638,748831,FALSE,FALSE,FALSE,FALSE,TRUE,TRUE
264,Beinn Mhic Chasgaig,864,166,"Ma,C,Sim,HHB",S,Highland,222147,750228,FALSE,FALSE,FALSE,FALSE,TRUE,TRUE
265,Beinn Udlaidh,840.4,522,"Ma,C,Sim,HHB",S,Argyll and Bute,228029,733268,FALSE,FALSE,FALSE,FALSE,TRUE,TRUE
266,Beinn Bhreac-liath,802,215,"Ma,C,Sim",S,Argyll and Bute,230277,733917,FALSE,FALSE,FALSE,FALSE,TRUE,TRUE
267,Beinn Mhic Mhonaidh,796,420,"Ma,C,Sim",S,Argyll and Bute,220872,735013,FALSE,FALSE,FALSE,FALSE,TRUE,TRUE
268,Beinn nan Lus,709,240,"Ma,G,Sim",S,Argyll and Bute,213074,737572,FALSE,FALSE,FALSE,FALSE,TRUE,TRUE
269,Meall Garbh,700.3,258.7,"Ma,G,Sim",S,Argyll and Bute,216795,736720,FALSE,FALSE,FALSE,FALSE,TRUE,TRUE
270,Beinn Suidhe,676.3,280,"Ma,G,Sim",S,Argyll and Bute,221171,740052,FALSE,FALSE,FALSE,FALSE,TRUE,TRUE
271,Meall Tairbh,664.4,256,"Ma,G,Sim",S,Argyll and Bute,225092,737586,FALSE,FALSE,FALSE,FALSE,TRUE,TRUE
272,Beinn Donachain,651.4,376,"Ma,G,Sim",S,Argyll and Bute,219896,731658,FALSE,FALSE,FALSE,FALSE,TRUE,TRUE
273,Ben Inverveigh,637.5,146.4,"Hu,Sim,sMa",S,Argyll and Bute,227123,738200,FALSE,FALSE,FALSE,FALSE,FALSE,TRUE
274,Beinn na Sroine,635.8,221,"Ma,G,Sim",S,Argyll and Bute,223400,728946,FALSE,FALSE,FALSE,FALSE,TRUE,TRUE
275,Meall Buidhe,623.9,140.2,"Hu,Sim",S,Argyll and Bute,218297,737560,FALSE,FALSE,FALSE,FALSE,FALSE,TRUE
276,Beinn a' Chuirn,569.4,159.2,"Ma,5,HF",S,Argyll and Bute,221714,737318,FALSE,FALSE,FALSE,FALSE,TRUE,FALSE
277,Meall Mor,492,160,"Ma,4",S,Argyll and Bute/Highland,230312,747127,FALSE,FALSE,FALSE,FALSE,TRUE,FALSE
278,Ben Nevis [Beinn Nibheis],1344.53,1344.5,"Ma,M,Sim,HHB,CoH,CoA,CoU,SIB",S,Highland,216666,771288,TRUE,FALSE,FALSE,FALSE,TRUE,TRUE
279,Aonach Beag,1234,404,"Ma,M,Sim,HHB",S,Highland,219706,771502,TRUE,FALSE,FALSE,FALSE,TRUE,TRUE
280,Carn Dearg (NW) [Carn Dearg (North)],1221,36,"MT,Sim,HHB",S,Highland,215942,771916,FALSE,FALSE,FALSE,FALSE,FALSE,TRUE
281,Aonach Mor,1220.4,133,"Hu,M,Sim,HHB",S,Highland,219306,772962,TRUE,FALSE,FALSE,FALSE,FALSE,TRUE
282,Carn Mor Dearg,1220,162,"Ma,M,Sim,HHB",S,Highland,217748,772172,TRUE,FALSE,FALSE,FALSE,TRUE,TRUE
285,Stob Choire Claurigh,1177,446,"Ma,M,Sim,HHB",S,Highland,226196,773878,TRUE,FALSE,FALSE,FALSE,TRUE,TRUE
287,Binnein Mor,1130,759,"Ma,M,Sim,HHB",S,Highland,221219,766352,TRUE,FALSE,FALSE,FALSE,TRUE,TRUE
288,Stob Coire na Ceannain,1123,59,"MT,Sim,HHB",S,Highland,226780,774590,FALSE,FALSE,FALSE,FALSE,FALSE,TRUE
289,Stob Coire an Laoigh,1116,74,"M,Sim,HHB",S,Highland,223983,772532,TRUE,FALSE,FALSE,FALSE,FALSE,TRUE
290,Stob Coire Easain,1115,611,"Ma,M,Sim,HHB",S,Highland,230802,773066,TRUE,FALSE,FALSE,FALSE,TRUE,TRUE
291,Caisteal,1106,51,"MT,Sim,HHB",S,Highland,224664,772938,FALSE,FALSE,FALSE,FALSE,FALSE,TRUE
292,Stob a' Choire Mheadhoin,1105,140,"Hu,M,Sim,HHB,sMa",S,Highland,231651,773643,TRUE,FALSE,FALSE,FALSE,FALSE,TRUE
295,Sgurr a' Mhaim,1099,316,"Ma,M,Sim,HHB",S,Highland,216465,766730,TRUE,FALSE,FALSE,FALSE,TRUE,TRUE
296,Sgurr Choinnich Mor,1094,159,"Ma,M,Sim,HHB",S,Highland,222771,771420,TRUE,FALSE,FALSE,FALSE,TRUE,TRUE
297,Stob Coire Easain,1080,45,"MT,Sim,HHB",S,Highland,223475,772737,FALSE,FALSE,FALSE,FALSE,FALSE,TRUE
299,Stob an Chul-Choire [Stob an Cul Choire],1070.1,69.1,"MT,Sim,HHB",S,Highland,220309,773109,FALSE,FALSE,FALSE,FALSE,FALSE,TRUE
301,Na Gruagaichean,1054.3,96.8,"M,Sim,HHB,sHu",S,Highland,220309,765201,TRUE,FALSE,FALSE,FALSE,FALSE,TRUE
302,Na Gruagaichean NW Top [Na Gruagaichean North Top],1038.8,44.3,"MT,Sim,HHB",S,Highland,220108,765442,FALSE,FALSE,FALSE,FALSE,FALSE,TRUE
303,Am Bodach,1031.8,152.8,"Ma,M,Sim,HHB",S,Highland,217638,765097,TRUE,FALSE,FALSE,FALSE,TRUE,TRUE
304,Carn Dearg (SW) [Carn Dearg (South)],1020,35,"MT,Sim,HHB",S,Highland,215565,770110,FALSE,FALSE,FALSE,FALSE,FALSE,TRUE
305,Sgurr Eilde Mor,1010,271,"Ma,M,Sim,HHB",S,Highland,223054,765787,TRUE,FALSE,FALSE,FALSE,TRUE,TRUE
308,Sgurr an Iubhair [Sgor an Iubhair],999.7,76.8,"MT,Sim,HHB",S,Highland,216522,765513,FALSE,FALSE,FALSE,FALSE,FALSE,TRUE
309,Stob Ban,999.7,237.1,"Ma,M,Sim,HHB",S,Highland,214777,765443,TRUE,FALSE,FALSE,FALSE,TRUE,TRUE
310,Stob Choire a' Mhail,990,66,"MT,Sim,HHB",S,Highland,216329,766001,FALSE,FALSE,FALSE,FALSE,FALSE,TRUE
312,An Gearanach,981.5,151.7,"Ma,M,Sim,HHB",S,Highland,218770,766992,TRUE,FALSE,FALSE,FALSE,TRUE,TRUE
313,Stob Coire a' Chairn,981.3,124.5,"Hu,Sim,HHB,M",S,Highland,218561,766063,TRUE,FALSE,FALSE,FALSE,FALSE,TRUE
314,Stob Ban,977,174,"Ma,M,Sim,HHB",S,Highland,226669,772395,TRUE,FALSE,FALSE,FALSE,TRUE,TRUE
316,Sgurr a' Bhuic,963,65,"MT,Sim,HHB",S,Highland,220408,770168,FALSE,FALSE,FALSE,FALSE,FALSE,TRUE
317,Sgurr Choinnich Beag,963,62,"MT,Sim,HHB",S,Highland,222019,771038,FALSE,FALSE,FALSE,FALSE,FALSE,TRUE
318,Stob Coire Gaibhre [Stob Coire na Gaibhre],958,34,"MT,Sim,HHB",S,Highland,226093,775715,FALSE,FALSE,FALSE,FALSE,FALSE,TRUE
319,Sgor Eilde Beag,955.7,32.6,"MT,Sim,HHB",S,Highland,221963,765300,FALSE,FALSE,FALSE,FALSE,FALSE,TRUE
320,Binnein Beag,943,197,"Ma,M,Sim,HHB",S,Highland,222173,767714,TRUE,FALSE,FALSE,FALSE,TRUE,TRUE
321,Mullach nan Coirean,939.3,92.3,"M,Sim,HHB,sHu",S,Highland,212233,766243,TRUE,FALSE,FALSE,FALSE,FALSE,TRUE
322,Tom na Sroine,918.7,33.8,"MT,Sim,HHB",S,Highland,220774,774515,FALSE,FALSE,FALSE,FALSE,FALSE,TRUE
323,Mullach nan Coirean SE Top [Mullach nan Coirean South Top],917.5,67.5,"MT,Sim,HHB",S,Highland,213125,765472,FALSE,FALSE,FALSE,FALSE,FALSE,TRUE
324,Mullach nan Coirean East Top,916.6,38.6,"MT,Sim,HHB",S,Highland,213731,765600,FALSE,FALSE,FALSE,FALSE,FALSE,TRUE
325,Meall a' Chaorainn,909.6,34.9,"Sim,HHB",S,Highland,211497,765734,FALSE,FALSE,FALSE,FALSE,FALSE,TRUE
326,Stob Coire a' Chairn South Top,908.7,40.8,"Sim,HHB",S,Highland,218148,765676,FALSE,FALSE,FALSE,FALSE,FALSE,TRUE
327,Leum Uilleim,906.5,496,"Ma,C,Sim,HHB",S,Highland,233071,764141,FALSE,FALSE,FALSE,FALSE,TRUE,TRUE
328,Cruach Innse,857,306,"Ma,C,Sim,HHB",S,Highland,227991,776372,FALSE,FALSE,FALSE,FALSE,TRUE,TRUE
329,Sgurr Innse,809,216,"Ma,C,Sim",S,Highland,229024,774822,FALSE,FALSE,FALSE,FALSE,TRUE,TRUE
330,Mam na Gualainn,796.5,461,"Ma,C,Sim",S,Highland,211508,762547,FALSE,FALSE,FALSE,FALSE,TRUE,TRUE
331,Glas Bheinn,789.8,387.2,"Ma,C,Sim",S,Highland,225896,764116,FALSE,FALSE,FALSE,FALSE,TRUE,TRUE
332,Cnap Cruinn,741.9,245,"Ma,G,Sim",S,Highland,230283,777485,FALSE,FALSE,FALSE,FALSE,TRUE,TRUE
333,Meall Mor,721,144,"Hu,Sim,sMa",S,Highland,228054,770556,FALSE,FALSE,FALSE,FALSE,FALSE,TRUE
334,Meall an t-Suidhe,711,146,"Hu,Sim,sMa",S,Highland,213939,772994,FALSE,FALSE,FALSE,FALSE,FALSE,TRUE
335,Beinn na Cloiche,645.1,193,"Ma,G,Sim",S,Highland,228468,764867,FALSE,FALSE,FALSE,FALSE,TRUE,TRUE
336,Meall a' Bhainne,631.6,148,"Hu,Sim,sMa",S,Highland,230632,766368,FALSE,FALSE,FALSE,FALSE,FALSE,TRUE
337,Creag Ghuanach,621,212,"Ma,G,Sim",S,Highland,229995,769002,FALSE,FALSE,FALSE,FALSE,TRUE,TRUE
338,Tom Meadhoin,621.8,156.2,"Ma,G,Sim",S,Highland,208731,762108,FALSE,FALSE,FALSE,FALSE,TRUE,TRUE
339,Beinn na Gucaig,616,451,"Ma,G,Sim",S,Highland,206291,765334,FALSE,FALSE,FALSE,FALSE,TRUE,TRUE
341,Doire Ban,566,161,"Ma,5,HF",S,Highland,209054,764379,FALSE,FALSE,FALSE,FALSE,TRUE,FALSE
342,Bidean Bad na h-Iolaire [Bidein Bad na h-Iolaire],528,263,"Ma,5,HF",S,Highland,211488,770806,FALSE,FALSE,FALSE,FALSE,TRUE,FALSE
343,Druim na h-Earba,287.9,155,"Ma,2",S,Highland,209036,771315,FALSE,FALSE,FALSE,FALSE,TRUE,FALSE
345,Ben Alder,1148,783,"Ma,M,Sim,HHB",S,Highland,249616,771855,TRUE,FALSE,FALSE,FALSE,TRUE,TRUE
346,Geal-charn,1132,410,"Ma,M,Sim,HHB",S,Highland,246992,774628,TRUE,FALSE,FALSE,FALSE,TRUE,TRUE
347,Aonach Beag,1115.8,99,"M,Sim,HHB,sHu",S,Highland,245786,774190,TRUE,FALSE,FALSE,FALSE,FALSE,TRUE
348,Beinn Eibhinn,1103.3,127,"Hu,M,Sim,HHB",S,Highland,244965,773302,TRUE,FALSE,FALSE,FALSE,FALSE,TRUE
349,Beinn a' Chlachair,1087.8,540,"Ma,M,Sim,HHB",S,Highland,247123,778156,TRUE,FALSE,FALSE,FALSE,TRUE,TRUE
350,Geal Charn,1049.7,311,"Ma,M,Sim,HHB",S,Highland,250432,781181,TRUE,FALSE,FALSE,FALSE,TRUE,TRUE
351,Chno Dearg,1046,644,"Ma,M,Sim,HHB",S,Highland,237741,774114,TRUE,FALSE,FALSE,FALSE,TRUE,TRUE
352,Carn Dearg,1034,158,"Ma,M,Sim,HHB",S,Highland,250416,776444,TRUE,FALSE,FALSE,FALSE,TRUE,TRUE
353,Sgor Iutharn,1028,57,"MT,Sim,HHB",S,Highland,248970,774386,FALSE,FALSE,FALSE,FALSE,FALSE,TRUE
354,Beinn Bheoil,1019,186,"Ma,M,Sim,HHB",S,Highland,251716,771721,TRUE,FALSE,FALSE,FALSE,TRUE,TRUE
356,Stob Coire Sgriodain,979,90,"M,Sim,HHB,sHu",S,Highland,235668,774381,TRUE,FALSE,FALSE,FALSE,FALSE,TRUE
358,Meall Garbh,976,53,"MT,Sim,HHB",S,Highland,237172,772760,FALSE,FALSE,FALSE,FALSE,FALSE,TRUE
360,Stob Coire Sgriodain South Top,958,45,"MT,Sim,HHB",S,Highland,235935,773883,FALSE,FALSE,FALSE,FALSE,FALSE,TRUE
361,Sgor Gaibhre,954.7,300,"Ma,M,Sim,HHB",S,Highland/Perth and Kinross,244477,767447,TRUE,FALSE,FALSE,FALSE,TRUE,TRUE
362,Sron Coire na h-Iolaire,956,71,"MT,Sim,HHB",S,Highland,251305,770437,FALSE,FALSE,FALSE,FALSE,FALSE,TRUE
363,Carn Dearg,941,221,"Ma,M,Sim,HHB",S,Highland/Perth and Kinross,241773,766142,TRUE,FALSE,FALSE,FALSE,TRUE,TRUE
364,Beinn na Lap,935,406,"Ma,M,Sim,HHB",S,Highland,237617,769585,TRUE,FALSE,FALSE,FALSE,TRUE,TRUE
365,Sgor Choinnich,928.6,126.3,"Hu,MT,Sim,HHB",S,Highland/Perth and Kinross,244360,768323,FALSE,FALSE,FALSE,FALSE,FALSE,TRUE
367,Creag Pitridh,924.5,104.2,"Hu,M,Sim,HHB",S,Highland,248750,781459,TRUE,FALSE,FALSE,FALSE,FALSE,TRUE
368,Mullach Coire nan Nead,922,39,"MT,Sim,HHB",S,Highland,243026,773429,FALSE,FALSE,FALSE,FALSE,FALSE,TRUE
369,Diollaid a' Chairn,925,38,"MT,Sim,HHB",S,Highland,248714,775776,FALSE,FALSE,FALSE,FALSE,FALSE,TRUE
370,The Fara,911.4,475,"Ma,C,Sim,HHB",S,Highland,259825,784265,FALSE,FALSE,FALSE,FALSE,TRUE,TRUE
371,The Fara South Top,904,32,"Sim,HHB",S,Highland,259539,782958,FALSE,FALSE,FALSE,FALSE,FALSE,TRUE
372,Beinn a' Chumhainn,901.9,145.3,"Hu,Sim,HHB,sMa,xC",S,Highland/Perth and Kinross,246261,771035,FALSE,FALSE,FALSE,FALSE,FALSE,TRUE
373,Leacann na Sguabaich,899.9,69.9,"Sim,HHB",S,Highland,258634,781966,FALSE,FALSE,FALSE,FALSE,FALSE,TRUE
374,Beinn Pharlagain - Meall na Meoig [Meall na Meoig],867.3,192.4,"Ma,C,Sim,HHB",S,Perth and Kinross,244816,764212,FALSE,FALSE,FALSE,FALSE,TRUE,TRUE
375,Binnein Shuas,747.2,391.4,"Ma,G,Sim",S,Highland,246298,782677,FALSE,FALSE,FALSE,FALSE,TRUE,TRUE
376,Beinn Eilde,674,147.3,"Hu,Sim,sMa",S,Highland,256354,785040,FALSE,FALSE,FALSE,FALSE,FALSE,TRUE
377,Binnein Shios,667.1,284,"Ma,G,Sim",S,Highland,249254,785722,FALSE,FALSE,FALSE,FALSE,TRUE,TRUE
378,Meall nan Eagan,657.9,166.2,"Ma,G,Sim",S,Highland,259681,787474,FALSE,FALSE,FALSE,FALSE,TRUE,TRUE
379,Cruban Beag,590,216,"Ma,5,HF",S,Highland,266856,792457,FALSE,FALSE,FALSE,FALSE,TRUE,FALSE
380,Creag na Doire Duibhe,571,166,"Ma,5,HF",S,Highland,261506,790585,FALSE,FALSE,FALSE,FALSE,TRUE,FALSE
381,Meall Luidh Mor,514,153,"Ma,5,HF",S,Highland,241694,779718,FALSE,FALSE,FALSE,FALSE,TRUE,FALSE
382,Sron Smeur,512.7,163.3,"Ma,5,HF",S,Perth and Kinross,245179,760172,FALSE,FALSE,FALSE,FALSE,TRUE,FALSE
383,Beinn Udlamain,1010.2,555,"Ma,M,Sim,HHB",S,Highland/Perth and Kinross,257945,773975,TRUE,FALSE,FALSE,FALSE,TRUE,TRUE
384,Sgairneach Mhor,991.4,182,"Ma,M,Sim,HHB",S,Perth and Kinross,259864,773126,TRUE,FALSE,FALSE,FALSE,TRUE,TRUE
386,A' Mharconaich,973.2,112,"Hu,M,Sim,HHB",S,Highland,260423,776293,TRUE,FALSE,FALSE,FALSE,FALSE,TRUE
388,Meall Chuaich,950.8,466,"Ma,M,Sim,HHB",S,Highland,271648,787834,TRUE,FALSE,FALSE,FALSE,TRUE,TRUE
389,Carn na Caim,940.8,328.1,"Ma,M,Sim,HHB",S,Highland/Perth and Kinross,267702,782151,TRUE,FALSE,FALSE,FALSE,TRUE,TRUE
390,A' Bhuidheanach Bheag,936,109,"Hu,M,Sim,HHB",S,Highland/Perth and Kinross,266059,777594,TRUE,FALSE,FALSE,FALSE,FALSE,TRUE
391,Glas Mheall Mor,928,69.2,"MT,Sim,HHB",S,Perth and Kinross,268062,776957,FALSE,FALSE,FALSE,FALSE,FALSE,TRUE
392,Geal-charn,917.1,178,"Ma,M,Sim,HHB",S,Highland,259644,778261,TRUE,FALSE,FALSE,FALSE,TRUE,TRUE
394,Carn na Caim South Top [Mullach Coire nan Cisteachan],914.6,30.4,"MT,Sim,HHB",S,Highland/Perth and Kinross,266387,780691,FALSE,FALSE,FALSE,FALSE,FALSE,TRUE
395,Beinn a' Chuallaich,892.2,527,"Ma,C,Sim,HHB",S,Perth and Kinross,268458,761774,FALSE,FALSE,FALSE,FALSE,TRUE,TRUE
396,Stob an Aonaich Mhoir,855.6,231.8,"Ma,C,Sim,HHB",S,Perth and Kinross,253748,769426,FALSE,FALSE,FALSE,FALSE,TRUE,TRUE
397,Beinn Mholach,841.8,196,"Ma,C,Sim,HHB",S,Perth and Kinross,258750,765490,FALSE,FALSE,FALSE,FALSE,TRUE,TRUE
398,Glas Mheall Mor,829.3,146.7,"Hu,Sim,sMa",S,Perth and Kinross,256337,767303,FALSE,FALSE,FALSE,FALSE,FALSE,TRUE
400,An Dun,827.4,232,"Ma,Sim,C",S,Highland/Perth and Kinross,271650,780142,FALSE,FALSE,FALSE,FALSE,TRUE,TRUE
401,The Sow of Atholl [Meall an Dobharchain],798.9,160.8,"Ma,C,Sim",S,Perth and Kinross,262517,774118,FALSE,FALSE,FALSE,FALSE,TRUE,TRUE
402,Meall na Leitreach,777.1,331,"Ma,C,Sim",S,Perth and Kinross,264053,770274,FALSE,FALSE,FALSE,FALSE,TRUE,TRUE
403,Creag Ruadh,658.8,198,"Ma,G,Sim",S,Highland,268508,788184,FALSE,FALSE,FALSE,FALSE,TRUE,TRUE
404,Creag a' Mhadaidh,611.4,154.8,"Ma,G,Sim",S,Perth and Kinross,263469,765024,FALSE,FALSE,FALSE,FALSE,TRUE,TRUE
405,Drumcroy Hill,512,189,"Ma,5,HF",S,Perth and Kinross,274159,762965,FALSE,FALSE,FALSE,FALSE,TRUE,FALSE
406,Beinn Dearg,1008.7,473,"Ma,M,Sim,HHB",S,Perth and Kinross,285296,777800,TRUE,FALSE,FALSE,FALSE,TRUE,TRUE
407,An Sgarsoch,1006.5,319,"Ma,M,Sim,HHB",S,Aberdeenshire/Perth and Kinross,293339,783685,TRUE,FALSE,FALSE,FALSE,TRUE,TRUE
408,Carn an Fhidhleir [Carn Ealar],994,286,"Ma,M,Sim,HHB",S,Aberdeenshire/Highland/Perth and Kinross,290476,784196,TRUE,FALSE,FALSE,FALSE,TRUE,TRUE
409,Carn a' Chlamain,963.5,317,"Ma,M,Sim,HHB",S,Perth and Kinross,291591,775807,TRUE,FALSE,FALSE,FALSE,TRUE,TRUE
413,Leathad an Taobhain,911.7,155,"Ma,C,Sim,HHB",S,Highland/Perth and Kinross,282174,785829,FALSE,FALSE,FALSE,FALSE,TRUE,TRUE
414,Beinn Bhreac,912.44,171,"Ma,C,Sim,HHB",S,Perth and Kinross,286838,782077,FALSE,FALSE,FALSE,FALSE,TRUE,TRUE
415,Beinn Mheadhonach,900.9,164.7,"Ma,C,Sim,HHB",S,Perth and Kinross,288006,775899,FALSE,FALSE,FALSE,FALSE,TRUE,TRUE
416,A' Chaoirnich [Maol Creag an Loch],875.7,213.8,"Ma,C,Sim,HHB",S,Highland,273523,780711,FALSE,FALSE,FALSE,FALSE,TRUE,TRUE
417,Carn Dearg Mor,857.4,290,"Ma,C,Sim,HHB",S,Highland,282325,791187,FALSE,FALSE,FALSE,FALSE,TRUE,TRUE
418,Carn an Fhidhleir Lorgaidh,848.6,142.1,"Hu,Sim,HHB,sMa",S,Highland,285623,787486,FALSE,FALSE,FALSE,FALSE,FALSE,TRUE
419,Meall Odhar a' Chire,835,144,"Hu,Sim,sMa",S,Perth and Kinross,279671,778597,FALSE,FALSE,FALSE,FALSE,FALSE,TRUE
420,Meallach Mhor,769,234.1,"Ma,C,Sim",S,Highland,277658,790877,FALSE,FALSE,FALSE,FALSE,TRUE,TRUE
421,Beinn a' Ghlo - Carn nan Gabhar,1121.9,658,"Ma,M,Sim,HHB",S,Perth and Kinross,297118,773315,TRUE,FALSE,FALSE,FALSE,TRUE,TRUE
422,Beinn a' Ghlo - Braigh Coire Chruinn-bhalgain,1070,222.4,"Ma,M,Sim,HHB",S,Perth and Kinross,294564,772404,TRUE,FALSE,FALSE,FALSE,TRUE,TRUE
423,Airgiod Bheinn,1061.7,53.1,"MT,Sim,HHB",S,Perth and Kinross,296188,771995,FALSE,FALSE,FALSE,FALSE,FALSE,TRUE
424,Glas Tulaichean,1051,384,"Ma,M,Sim,HHB",S,Perth and Kinross,305104,776011,TRUE,FALSE,FALSE,FALSE,TRUE,TRUE
425,Beinn Iutharn Mhor,1045,247,"Ma,M,Sim,HHB",S,Aberdeenshire/Perth and Kinross,304566,779279,TRUE,FALSE,FALSE,FALSE,TRUE,TRUE
426,Carn an Righ,1029,258,"Ma,M,Sim,HHB",S,Perth and Kinross,302871,777268,TRUE,FALSE,FALSE,FALSE,TRUE,TRUE
427,Mam nan Carn,986,76,"MT,Sim,HHB",S,Perth and Kinross,304899,777966,FALSE,FALSE,FALSE,FALSE,FALSE,TRUE
428,Carn a' Gheoidh,976.1,299,"Ma,M,Sim,HHB",S,Aberdeenshire/Perth and Kinross,310703,776700,TRUE,FALSE,FALSE,FALSE,TRUE,TRUE
429,Beinn a' Ghlo - Carn Liath,975.8,207.1,"Ma,M,Sim,HHB",S,Perth and Kinross,293607,769830,TRUE,FALSE,FALSE,FALSE,TRUE,TRUE
430,Beinn Iutharn Bheag,953,105,"Hu,MT,Sim,HHB",S,Aberdeenshire,306522,779124,FALSE,FALSE,FALSE,FALSE,FALSE,TRUE
432,Carn Bhac,945.1,186.9,"Ma,M,Sim,HHB",S,Aberdeenshire,305103,783227,TRUE,FALSE,FALSE,FALSE,TRUE,TRUE
433,An Socach,942.8,187,"Ma,M,Sim,HHB",S,Aberdeenshire,307982,779983,TRUE,FALSE,FALSE,FALSE,TRUE,TRUE
434,An Socach East Top,937.3,38.5,"MT,Sim,HHB",S,Aberdeenshire,309897,780577,FALSE,FALSE,FALSE,FALSE,FALSE,TRUE
435,The Cairnwell,933,127.1,"Hu,M,Sim,HHB",S,Aberdeenshire/Perth and Kinross,313485,777361,TRUE,FALSE,FALSE,FALSE,FALSE,TRUE
438,Carn Aosda,915.3,122.1,"Hu,M,Sim,HHB",S,Aberdeenshire,313397,779164,TRUE,FALSE,FALSE,FALSE,FALSE,TRUE
439,Carn Bhinnein,917.5,64.3,"MT,Sim,HHB",S,Perth and Kinross,309136,776283,FALSE,FALSE,FALSE,FALSE,FALSE,TRUE
441,Ben Vuirich,903.1,345.9,"Ma,C,Sim,HHB",S,Perth and Kinross,299725,770010,FALSE,FALSE,FALSE,FALSE,TRUE,TRUE
442,Sgor Mor,886.9,129.7,"Hu,Sim,HHB,xC",S,Aberdeenshire,311550,782523,FALSE,FALSE,FALSE,FALSE,FALSE,TRUE
443,Meall a' Choire Bhuidhe,868,143,"Hu,Sim,HHB,sMa",S,Perth and Kinross,306187,771040,FALSE,FALSE,FALSE,FALSE,FALSE,TRUE
444,Morrone,859.5,157.6,"Ma,C,Sim,HHB",S,Aberdeenshire,313212,788645,FALSE,FALSE,FALSE,FALSE,TRUE,TRUE
445,Ben Vrackie,842.2,405.6,"Ma,C,Sim,HHB",S,Perth and Kinross,295080,763243,FALSE,FALSE,FALSE,FALSE,TRUE,TRUE
446,Ben Gulabin,806,203,"Ma,C,Sim",S,Perth and Kinross,310040,772214,FALSE,FALSE,FALSE,FALSE,TRUE,TRUE
447,Meall Uaine,794,147.3,"Hu,Sim,sMa,xC",S,Perth and Kinross,311060,767411,FALSE,FALSE,FALSE,FALSE,FALSE,TRUE
448,Blath Bhalg,640.4,266,"Ma,G,Sim",S,Perth and Kinross,301937,761121,FALSE,FALSE,FALSE,FALSE,TRUE,TRUE
449,Creag an t-Sithein,634.4,148.3,"Hu,Sim,sMa",S,Perth and Kinross,303185,765831,FALSE,FALSE,FALSE,FALSE,FALSE,TRUE
450,Creag nam Mial,561.8,208,"Ma,5,HF",S,Perth and Kinross,305381,754117,FALSE,FALSE,FALSE,FALSE,TRUE,FALSE
453,Deuchary Hill,511,220,"Ma,5,HF",S,Perth and Kinross,303733,748516,FALSE,FALSE,FALSE,FALSE,TRUE,FALSE
454,Hill of Persie,445.7,168,"Ma,4",S,Perth and Kinross,312246,756057,FALSE,FALSE,FALSE,FALSE,TRUE,FALSE
456,Newtyle Hill,317,185,"Ma,3",S,Perth and Kinross,305002,741889,FALSE,FALSE,FALSE,FALSE,TRUE,FALSE
457,Lochnagar - Cac Carn Beag,1155.7,671,"Ma,M,Sim,HHB",S,Aberdeenshire,324372,786140,TRUE,FALSE,FALSE,FALSE,TRUE,TRUE
459,Carn a' Choire Bhoidheach,1109.9,72.9,"M,Sim,HHB",S,Aberdeenshire,322673,784557,TRUE,FALSE,FALSE,FALSE,FALSE,TRUE
460,Cuidhe Crom,1083.2,39.6,"MT,Sim,HHB",S,Aberdeenshire,325995,784923,FALSE,FALSE,FALSE,FALSE,FALSE,TRUE
461,Glas Maol,1067.7,195.2,"Ma,M,Sim,HHB,CoH,CoA,CoU",S,Angus,316699,776577,TRUE,FALSE,FALSE,FALSE,TRUE,TRUE
463,Cairn of Claise,1063.1,118.9,"Hu,M,Sim,HHB",S,Aberdeenshire/Angus,318549,778891,TRUE,FALSE,FALSE,FALSE,FALSE,TRUE
465,Carn an t-Sagairt Mor,1047,85,"M,Sim,HHB",S,Aberdeenshire,320810,784280,TRUE,FALSE,FALSE,FALSE,FALSE,TRUE
466,Carn an t-Sagairt Beag,1044.3,41,"MT,Sim,HHB",S,Aberdeenshire,321659,784863,FALSE,FALSE,FALSE,FALSE,FALSE,TRUE
467,Carn an Tuirc,1018.8,61.6,"M,Sim,HHB",S,Aberdeenshire,317454,780481,TRUE,FALSE,FALSE,FALSE,FALSE,TRUE
468,Cairn Bannoch,1011.1,76,"M,Sim,HHB",S,Aberdeenshire/Angus,322288,782555,TRUE,FALSE,FALSE,FALSE,FALSE,TRUE
470,Broad Cairn,997.1,63.9,"M,Sim,HHB",S,Aberdeenshire/Angus,324056,781567,TRUE,FALSE,FALSE,FALSE,FALSE,TRUE
472,Creag Leacach,988.2,70.7,"M,Sim,HHB",S,Angus/Perth and Kinross,315467,774549,TRUE,FALSE,FALSE,FALSE,FALSE,TRUE
473,Creag an Dubh-loch,982.6,44.8,"MT,Sim,HHB",S,Aberdeenshire,323283,782319,FALSE,FALSE,FALSE,FALSE,FALSE,TRUE
475,Meikle Pap,980,63,"MT,Sim,HHB",S,Aberdeenshire,325990,786060,FALSE,FALSE,FALSE,FALSE,FALSE,TRUE
476,Meall Coire na Saobhaidhe,973,70.8,"MT,Sim,HHB",S,Aberdeenshire,324251,787297,FALSE,FALSE,FALSE,FALSE,FALSE,TRUE
479,Tolmount,957.8,73.7,"M,Sim,HHB",S,Aberdeenshire/Angus,321050,780017,TRUE,FALSE,FALSE,FALSE,FALSE,TRUE
480,Tom Buidhe,957.8,72.6,"M,Sim,HHB",S,Angus,321367,778775,TRUE,FALSE,FALSE,FALSE,FALSE,TRUE
483,Driesh,947.6,136.9,"Hu,M,Sim,HHB",S,Angus,327116,773590,TRUE,FALSE,FALSE,FALSE,FALSE,TRUE
485,Mount Keen,939.4,312,"Ma,M,Sim,HHB",S,Aberdeenshire/Angus,340905,786928,TRUE,FALSE,FALSE,FALSE,TRUE,TRUE
486,Mayar,928.6,112,"Hu,M,Sim,HHB",S,Angus,324081,773749,TRUE,FALSE,FALSE,FALSE,FALSE,TRUE
489,Crow Craigies,918.5,36,"MT,Sim,HHB",S,Angus,322204,779867,FALSE,FALSE,FALSE,FALSE,FALSE,TRUE
490,Finalty Hill,905,68,"Sim,HHB",S,Angus,321250,775080,FALSE,FALSE,FALSE,FALSE,FALSE,TRUE
491,Ben Tirran [The Goet],897,246,"Ma,C,Sim,HHB",S,Angus,337342,774615,FALSE,FALSE,FALSE,FALSE,TRUE,TRUE
492,Conachcraig,862.5,185,"Ma,C,Sim,HHB",S,Aberdeenshire,327950,786522,FALSE,FALSE,FALSE,FALSE,TRUE,TRUE
493,Hill of Strone,847.5,141.5,"Hu,Sim,HHB,sMa",S,Angus,328782,772919,FALSE,FALSE,FALSE,FALSE,FALSE,TRUE
494,Creag nan Gabhar,834,178,"Ma,C,Sim",S,Aberdeenshire,315464,784113,FALSE,FALSE,FALSE,FALSE,TRUE,TRUE
495,Monamenach,807,199.8,"Ma,C,Sim",S,Angus/Perth and Kinross,317600,770671,FALSE,FALSE,FALSE,FALSE,TRUE,TRUE
496,Mount Battock,778,286,"Ma,C,Sim,CoH,CoA",S,Aberdeenshire/Angus,354964,784470,FALSE,FALSE,FALSE,FALSE,TRUE,TRUE
497,Mount Blair,744.4,400,"Ma,G,Sim",S,Angus/Perth and Kinross,316741,762969,FALSE,FALSE,FALSE,FALSE,TRUE,TRUE
498,Badandun Hill,740.3,155.4,"Ma,G,Sim",S,Angus,320745,767883,FALSE,FALSE,FALSE,FALSE,TRUE,TRUE
499,Hunt Hill,705.4,181,"Ma,G,Sim",S,Angus,338002,780534,FALSE,FALSE,FALSE,FALSE,TRUE,TRUE
500,Duchray Hill [Mealna Letter],703.1,265,"Ma,G,Sim",S,Angus/Perth and Kinross,316151,767255,FALSE,FALSE,FALSE,FALSE,TRUE,TRUE
501,Hill of Wirren,678,311,"Ma,G,Sim",S,Angus,352285,773936,FALSE,FALSE,FALSE,FALSE,TRUE,TRUE
502,Cat Law,670.4,296.5,"Ma,G,Sim",S,Angus,331888,761073,FALSE,FALSE,FALSE,FALSE,TRUE,TRUE
503,Corwharn,609.1,152.5,"Ma,Sim,G",S,Angus,328864,765103,FALSE,FALSE,FALSE,FALSE,TRUE,TRUE
504,The Coyles of Muick,599.2,234,"Ma,5,HF",S,Aberdeenshire,332869,791040,FALSE,FALSE,FALSE,FALSE,TRUE,FALSE
505,Crock,554,154.3,"Ma,5,HF",S,Angus,322621,763254,FALSE,FALSE,FALSE,FALSE,TRUE,FALSE
506,Meall Mor,551,173,"Ma,5,HF",S,Angus/Perth and Kinross,317331,760246,FALSE,FALSE,FALSE,FALSE,TRUE,FALSE
507,Kerloch,534,181,"Ma,5,HF",S,Aberdeenshire,369654,787888,FALSE,FALSE,FALSE,FALSE,TRUE,FALSE
508,Hare Cairn,516,180,"Ma,5,HF",S,Angus,324212,762347,FALSE,FALSE,FALSE,FALSE,TRUE,FALSE
509,Creigh Hill,498.2,168.2,"Ma,4",S,Angus,327078,759364,FALSE,FALSE,FALSE,FALSE,TRUE,FALSE
510,Creag Ghiubhais,486,205,"Ma,4",S,Aberdeenshire,331247,795467,FALSE,FALSE,FALSE,FALSE,TRUE,FALSE
512,Strathfinella Hill,414,239,"Ma,4",S,Aberdeenshire,369305,778737,FALSE,FALSE,FALSE,FALSE,TRUE,FALSE
513,Mile Hill,410,185,"Ma,4",S,Angus,331137,757145,FALSE,FALSE,FALSE,FALSE,TRUE,FALSE
515,Cairn-mon-earn,378.5,151.7,"Ma,3",S,Aberdeenshire,378263,791929,FALSE,FALSE,FALSE,FALSE,TRUE,FALSE
517,Hill of Garvock,277,219,"Ma,2",S,Aberdeenshire,372666,769186,FALSE,FALSE,FALSE,FALSE,TRUE,FALSE
518,Ben Macdui [Beinn Macduibh],1309.3,950,"Ma,M,Sim,HHB,CoH,CoA,CoU",S,Aberdeenshire/Moray,298899,798943,TRUE,FALSE,FALSE,FALSE,TRUE,TRUE
519,Braeriach,1296,461,"Ma,M,Sim,HHB",S,Aberdeenshire/Highland,295328,799915,TRUE,FALSE,FALSE,FALSE,TRUE,TRUE
521,Cairn Toul,1291,166,"Ma,M,Sim,HHB",S,Aberdeenshire,296329,797229,TRUE,FALSE,FALSE,FALSE,TRUE,TRUE
522,Carn na Criche,1265,50,"MT,Sim,HHB",S,Aberdeenshire,293934,798267,FALSE,FALSE,FALSE,FALSE,FALSE,TRUE
523,Sgor an Lochain Uaine,1258,118,"Hu,M,Sim,HHB",S,Aberdeenshire,295422,797694,TRUE,FALSE,FALSE,FALSE,FALSE,TRUE
525,Cairn Gorm,1244.8,145.8,"Hu,M,Sim,HHB,sMa",S,Highland/Moray,300516,804065,TRUE,FALSE,FALSE,FALSE,FALSE,TRUE
527,Cairn Lochan,1214,91,"MT,Sim,HHB,sHu",S,Highland/Moray,298510,802558,FALSE,FALSE,FALSE,FALSE,FALSE,TRUE
528,Stob Coire an t-Saighdeir,1213,46,"MT,Sim,HHB",S,Aberdeenshire,296275,796361,FALSE,FALSE,FALSE,FALSE,FALSE,TRUE
529,Beinn a' Bhuird [Beinn a' Bhuird North Top],1196,456.2,"Ma,M,Sim,HHB",S,Aberdeenshire/Moray,309230,800621,TRUE,FALSE,FALSE,FALSE,TRUE,TRUE
530,Sron na Lairige,1184,50,"MT,Sim,HHB",S,Aberdeenshire/Highland,296426,800624,FALSE,FALSE,FALSE,FALSE,FALSE,TRUE
531,Beinn Mheadhoin,1182.9,254,"Ma,M,Sim,HHB",S,Moray,302460,801695,TRUE,FALSE,FALSE,FALSE,TRUE,TRUE
532,Beinn a' Bhuird South Top,1178.5,49.5,"MT,Sim,HHB",S,Aberdeenshire,309188,798610,FALSE,FALSE,FALSE,FALSE,FALSE,TRUE
534,Stob Coire an t-Sneachda,1176,65.3,"MT,Sim,HHB",S,Highland/Moray,299624,802985,FALSE,FALSE,FALSE,FALSE,FALSE,TRUE
535,Cnap a' Chleirich,1172.6,34.6,"MT,Sim,HHB",S,Aberdeenshire/Moray,310761,801013,FALSE,FALSE,FALSE,FALSE,FALSE,TRUE
536,Ben Avon - Leabaidh an Daimh Bhuidhe,1172,198,"Ma,M,Sim,HHB",S,Aberdeenshire/Moray,313193,801845,TRUE,FALSE,FALSE,FALSE,TRUE,TRUE
538,Beinn Bhrotain,1157,258,"Ma,M,Sim,HHB",S,Aberdeenshire,295413,792292,TRUE,FALSE,FALSE,FALSE,TRUE,TRUE
539,Derry Cairngorm,1155.8,142,"Hu,M,Sim,HHB,sMa",S,Aberdeenshire,301734,798032,TRUE,FALSE,FALSE,FALSE,FALSE,TRUE
548,Sgor Gaoith,1116,242.8,"Ma,M,Sim,HHB",S,Highland,290300,798960,TRUE,FALSE,FALSE,FALSE,TRUE,TRUE
549,Monadh Mor,1113.4,138.8,"Hu,Sim,M,HHB,sMa",S,Aberdeenshire/Highland,293866,794217,TRUE,FALSE,FALSE,FALSE,FALSE,TRUE
551,Sgoran Dubh Mor,1111,59.5,"MT,Sim,HHB",S,Highland,290498,800277,FALSE,FALSE,FALSE,FALSE,FALSE,TRUE
554,Creagan a' Choire Etchachan,1107.2,54.3,"MT,Sim,HHB",S,Aberdeenshire,301194,799619,FALSE,FALSE,FALSE,FALSE,FALSE,TRUE
557,Bynack More,1090,283,"Ma,M,Sim,HHB",S,Highland,304189,806373,TRUE,FALSE,FALSE,FALSE,TRUE,TRUE
559,Beinn a' Chaorainn,1083.3,246.3,"Ma,M,Sim,HHB",S,Aberdeenshire/Moray,304515,801359,TRUE,FALSE,FALSE,FALSE,TRUE,TRUE
564,Creag an Leth-choin [Lurcher's Crag],1052.6,55.7,"MT,Sim,HHB",S,Highland,296846,803366,FALSE,FALSE,FALSE,FALSE,FALSE,TRUE
565,Carn Ban Mor,1050.5,39,"MT,Sim,HHB",S,Highland,289379,797204,FALSE,FALSE,FALSE,FALSE,FALSE,TRUE
567,Carn a' Mhaim,1037,231,"Ma,M,Sim,HHB",S,Aberdeenshire,299458,795199,TRUE,FALSE,FALSE,FALSE,TRUE,TRUE
570,West Meur Gorm Craig,1023.1,41.4,"MT,Sim,HHB",S,Moray,315342,803670,FALSE,FALSE,FALSE,FALSE,FALSE,TRUE
571,Mullach Clach a' Bhlair,1019,104.9,"Hu,M,Sim,HHB",S,Highland,288286,792702,TRUE,FALSE,FALSE,FALSE,FALSE,TRUE
572,Beinn a' Chaorainn Bheag,1016,66.7,"MT,Sim,HHB",S,Moray,305726,801717,FALSE,FALSE,FALSE,FALSE,FALSE,TRUE
573,A' Choinneach,1017,77,"MT,Sim,HHB",S,Highland/Moray,303207,804833,FALSE,FALSE,FALSE,FALSE,FALSE,TRUE
575,The Devil's Point,1006.9,90.6,"M,Sim,HHB,sHu",S,Aberdeenshire,297609,795115,TRUE,FALSE,FALSE,FALSE,FALSE,TRUE
576,Meall Dubhag,997.4,33.3,"MT,Sim,HHB",S,Highland,288042,795552,FALSE,FALSE,FALSE,FALSE,FALSE,TRUE
578,Sgurr an Lochan Uaine,982.9,44.2,"MT,Sim,HHB",S,Aberdeenshire,302566,799109,FALSE,FALSE,FALSE,FALSE,FALSE,TRUE
579,Meall Buidhe,975,36.4,"MT,Sim,HHB",S,Highland,289159,800171,FALSE,FALSE,FALSE,FALSE,FALSE,TRUE
581,Creag an Dail Mhor,972,64.4,"MT,Sim,HHB",S,Aberdeenshire,313186,798224,FALSE,FALSE,FALSE,FALSE,FALSE,TRUE
585,Carn Cloich-mhuilinn,942.1,74.6,"MT,Sim,HHB",S,Aberdeenshire,296861,790686,FALSE,FALSE,FALSE,FALSE,FALSE,TRUE
587,Beinn Bhreac,930.3,80.9,"M,Sim,HHB",S,Aberdeenshire,305870,797075,TRUE,FALSE,FALSE,FALSE,FALSE,TRUE
589,Geal-charn,920.9,55.7,"MT,Sim,HHB",S,Highland,288403,801413,FALSE,FALSE,FALSE,FALSE,FALSE,TRUE
590,Tom Dubh,919.8,40.1,"MT,Sim,HHB",S,Highland,292143,795278,FALSE,FALSE,FALSE,FALSE,FALSE,TRUE
592,Meall Gaineimh,913.6,69.6,"Sim,HHB",S,Moray,316681,805113,FALSE,FALSE,FALSE,FALSE,FALSE,TRUE
593,Culardoch,900,312,"Ma,C,Sim,HHB",S,Aberdeenshire,319350,798826,FALSE,FALSE,FALSE,FALSE,TRUE,TRUE
594,Creag Mhor,895,167,"Ma,C,Sim,HHB",S,Moray,305745,804781,FALSE,FALSE,FALSE,FALSE,TRUE,TRUE
595,Carn Liath,861.5,33.1,"Sim,HHB,xC",S,Aberdeenshire,316489,797623,FALSE,FALSE,FALSE,FALSE,FALSE,TRUE
596,Creag an Dail Bheag,863,211,"Ma,Sim,HHB,C",S,Aberdeenshire,315733,798159,FALSE,FALSE,FALSE,FALSE,TRUE,TRUE
597,Brown Cow Hill,829,295,"Ma,C,Sim",S,Aberdeenshire,322104,804456,FALSE,FALSE,FALSE,FALSE,TRUE,TRUE
598,Geal Charn,821,173,"Ma,C,Sim",S,Highland,309051,812699,FALSE,FALSE,FALSE,FALSE,TRUE,TRUE
599,Carn na Drochaide,818,222,"Ma,C,Sim",S,Aberdeenshire,312738,793845,FALSE,FALSE,FALSE,FALSE,TRUE,TRUE
600,Sgor Mor,813.8,235,"Ma,C,Sim",S,Aberdeenshire,300730,791428,FALSE,FALSE,FALSE,FALSE,TRUE,TRUE
601,Meall a' Bhuachaille,810,436,"Ma,C,Sim",S,Highland,299086,811543,FALSE,FALSE,FALSE,FALSE,TRUE,TRUE
602,Carn Ealasaid,792,156,"Ma,C,Sim",S,Aberdeenshire/Moray,322770,811777,FALSE,FALSE,FALSE,FALSE,TRUE,TRUE
603,Geallaig Hill,743.2,312,"Ma,G,Sim",S,Aberdeenshire,329792,798182,FALSE,FALSE,FALSE,FALSE,TRUE,TRUE
604,Cnap Chaochan Aitinn,715,159,"Ma,G,Sim",S,Moray,314578,809964,FALSE,FALSE,FALSE,FALSE,TRUE,TRUE
605,Carn na Farraidh,686.3,143.7,"Hu,Sim,sMa",S,Highland,311448,814753,FALSE,FALSE,FALSE,FALSE,FALSE,TRUE
606,Creag Bhalg,668.2,160.4,"Ma,G,Sim",S,Aberdeenshire,309175,791237,FALSE,FALSE,FALSE,FALSE,TRUE,TRUE
607,Craig Leek,634.8,143.7,"Hu,Sim,sMa",S,Aberdeenshire,318535,793059,FALSE,FALSE,FALSE,FALSE,FALSE,TRUE
608,Meall Alvie,560.3,209.6,"Ma,5,HF",S,Aberdeenshire,320344,791922,FALSE,FALSE,FALSE,FALSE,TRUE,FALSE
609,Ord Ban,429,167,"Ma,4",S,Highland,289170,808530,FALSE,FALSE,FALSE,FALSE,TRUE,FALSE
610,Carn Glas-choire,659.4,251,"Ma,G,Sim,CoH,CoA",S,Highland,289150,829163,FALSE,FALSE,FALSE,FALSE,TRUE,TRUE
611,Carn nan Tri-tighearnan,614.8,333,"Ma,G,Sim",S,Highland,282312,839037,FALSE,FALSE,FALSE,FALSE,TRUE,TRUE
612,Carn na Loine,549,232,"Ma,5,HF",S,Highland,307001,836098,FALSE,FALSE,FALSE,FALSE,TRUE,FALSE
614,Meall Mor,492,175,"Ma,4",S,Highland,273735,835576,FALSE,FALSE,FALSE,FALSE,TRUE,FALSE
616,Beinn Mhor,471,192,"Ma,4",S,Highland,299372,828102,FALSE,FALSE,FALSE,FALSE,TRUE,FALSE
617,Knock of Braemoray,456,169,"Ma,4",S,Moray,301185,841734,FALSE,FALSE,FALSE,FALSE,TRUE,FALSE
618,Brown Muir,339,201,"Ma,3",S,Moray,325847,854876,FALSE,FALSE,FALSE,FALSE,TRUE,FALSE
619,Hill of the Wangie,319,157,"Ma,3",S,Moray,313667,853744,FALSE,FALSE,FALSE,FALSE,TRUE,FALSE
620,Burgiehill,254,167,"Ma,2",S,Moray,309726,855912,FALSE,FALSE,FALSE,FALSE,TRUE,FALSE
621,Carn Dearg,945.7,591,"Ma,M,Sim,HHB",S,Highland,263568,802398,TRUE,FALSE,FALSE,FALSE,TRUE,TRUE
622,Carn Ban,942.3,57.2,"MT,Sim,HHB",S,Highland,263188,803178,FALSE,FALSE,FALSE,FALSE,FALSE,TRUE
623,A' Chailleach,929.3,108.3,"Hu,M,Sim,HHB",S,Highland,268110,804178,TRUE,FALSE,FALSE,FALSE,FALSE,TRUE
624,Geal Charn,926.3,101.1,"Hu,M,Sim,HHB",S,Highland,256143,798769,TRUE,FALSE,FALSE,FALSE,FALSE,TRUE
626,Carn Sgulain,920.3,71.6,"M,Sim,HHB",S,Highland,268302,805821,TRUE,FALSE,FALSE,FALSE,FALSE,TRUE
627,Carn Ballach (SW Top),919.8,48.7,"MT,Sim,HHB",S,Highland,264353,804473,FALSE,FALSE,FALSE,FALSE,FALSE,TRUE
631,Gairbeinn,895.5,211,"Ma,C,Sim,HHB",S,Highland,246050,798526,FALSE,FALSE,FALSE,FALSE,TRUE,TRUE
632,Corrieyairack Hill,892,135.7,"Hu,Sim,HHB,xC",S,Highland,242981,799585,FALSE,FALSE,FALSE,FALSE,FALSE,TRUE
633,Carn an Fhreiceadain,878,172,"Ma,C,Sim,HHB",S,Highland,272561,807134,FALSE,FALSE,FALSE,FALSE,TRUE,TRUE
634,Meall na h-Aisre,862.1,155,"Ma,C,Sim,HHB",S,Highland,251545,800060,FALSE,FALSE,FALSE,FALSE,TRUE,TRUE
635,Marg na Craige,833.6,149,"Hu,Sim,sMa",S,Highland,262070,797331,FALSE,FALSE,FALSE,FALSE,FALSE,TRUE
636,Geal-charn Mor,824,227,"Ma,C,Sim",S,Highland,283636,812329,FALSE,FALSE,FALSE,FALSE,TRUE,TRUE
637,Carn Dearg,816.5,201,"Ma,C,Sim",S,Highland,234997,796627,FALSE,FALSE,FALSE,FALSE,TRUE,TRUE
638,Carn a' Chuilinn,817,178,"Ma,C,Sim",S,Highland,241672,803402,FALSE,FALSE,FALSE,FALSE,TRUE,TRUE
639,Carn na Saobhaidhe,811.1,170,"Ma,C,Sim",S,Highland,259896,814409,FALSE,FALSE,FALSE,FALSE,TRUE,TRUE
640,Carn na Laraiche Maoile,811,107.7,"Hu,Sim,xC",S,Highland,258448,811266,FALSE,FALSE,FALSE,FALSE,FALSE,TRUE
641,Carn Easgann Bana,779.9,142.7,"Hu,Sim,sMa,xC",S,Highland,248521,806326,FALSE,FALSE,FALSE,FALSE,FALSE,TRUE
642,Carn Dearg,768,196,"Ma,C,Sim",S,Highland,235722,794884,FALSE,FALSE,FALSE,FALSE,TRUE,TRUE
643,Creag Dhubh,752.9,388,"Ma,G,Sim",S,Highland,267799,797234,FALSE,FALSE,FALSE,FALSE,TRUE,TRUE
644,Cnoc Fraing,745,142,"Hu,Sim,sMa",S,Highland,280600,814300,FALSE,FALSE,FALSE,FALSE,FALSE,TRUE
645,Creag Liath,743.5,190.3,"Ma,G,Sim",S,Highland,266373,800773,FALSE,FALSE,FALSE,FALSE,TRUE,TRUE
646,Carn na h-Easgainn,617.2,173,"Ma,G,Sim",S,Highland,274392,832081,FALSE,FALSE,FALSE,FALSE,TRUE,TRUE
647,Beinn Mheadhoin,555.2,152.5,"Ma,5,HF",S,Highland,260418,821470,FALSE,FALSE,FALSE,FALSE,TRUE,FALSE
648,Beinn a' Bhacaidh,555,254,"Ma,5,HF",S,Highland,243150,811925,FALSE,FALSE,FALSE,FALSE,TRUE,FALSE
650,Creag a' Chliabhain,519,208,"Ma,5,HF",S,Highland,257586,820580,FALSE,FALSE,FALSE,FALSE,TRUE,FALSE
651,Meall an Tarsaid,492.3,154.7,"Ma,4",S,Highland,249159,813067,FALSE,FALSE,FALSE,FALSE,TRUE,FALSE
653,Creag Bheag,487.1,159,"Ma,4",S,Highland,274539,801652,FALSE,FALSE,FALSE,FALSE,TRUE,FALSE
654,Tom Bailgeann,464,242,"Ma,4",S,Highland,258840,829481,FALSE,FALSE,FALSE,FALSE,TRUE,FALSE
655,Stac na Cathaig,446,213,"Ma,4",S,Highland,264002,830139,FALSE,FALSE,FALSE,FALSE,TRUE,FALSE
656,Stac Gorm,430,183,"Ma,4",S,Highland,263042,827323,FALSE,FALSE,FALSE,FALSE,TRUE,FALSE
657,Creag nan Clag,407,168,"Ma,4",S,Highland,259752,828352,FALSE,FALSE,FALSE,FALSE,TRUE,FALSE
658,Creag Meagaidh,1128.1,868,"Ma,M,Sim,HHB",S,Highland,241839,787545,TRUE,FALSE,FALSE,FALSE,TRUE,TRUE
660,Puist Coire Ardair,1070.8,47.1,"MT,Sim,HHB",S,Highland,243702,787275,FALSE,FALSE,FALSE,FALSE,FALSE,TRUE
662,Stob Poite Coire Ardair,1052.5,107,"Hu,M,Sim,HHB",S,Highland,242884,788845,TRUE,FALSE,FALSE,FALSE,FALSE,TRUE
663,Beinn a' Chaorainn,1049.1,227,"Ma,M,Sim,HHB",S,Highland,238605,785062,TRUE,FALSE,FALSE,FALSE,TRUE,TRUE
666,Beinn a' Chaorainn North Top,1042.9,37.1,"MT,Sim,HHB",S,Highland,238389,785701,FALSE,FALSE,FALSE,FALSE,FALSE,TRUE
667,Meall Coire Choille-rais,1028,50.3,"MT,Sim,HHB",S,Highland,243269,786270,FALSE,FALSE,FALSE,FALSE,FALSE,TRUE
668,Carn Liath,1006.1,86.9,"M,Sim,HHB",S,Highland,247228,790326,TRUE,FALSE,FALSE,FALSE,FALSE,TRUE
671,An Cearcallach,993.1,36.4,"MT,Sim,HHB",S,Highland,242249,785382,FALSE,FALSE,FALSE,FALSE,FALSE,TRUE
672,Meall an t-Snaim,969.3,38,"MT,Sim,HHB",S,Highland,245916,790440,FALSE,FALSE,FALSE,FALSE,FALSE,TRUE
674,Stob Coire Dubh,915.6,30.8,"MT,Sim,HHB",S,Highland,249631,791675,FALSE,FALSE,FALSE,FALSE,FALSE,TRUE
675,Beinn Teallach,914.6,301.5,"Ma,M,Sim,HHB,xC",S,Highland,236136,785973,TRUE,FALSE,FALSE,FALSE,TRUE,TRUE
676,Carn Dearg,834.4,251,"Ma,C,Sim",S,Highland,234504,788700,FALSE,FALSE,FALSE,FALSE,TRUE,TRUE
677,Beinn Iaruinn,804.3,445,"Ma,C,Sim",S,Highland,229698,790045,FALSE,FALSE,FALSE,FALSE,TRUE,TRUE
678,Leana Mhor,683.9,174.3,"Ma,G,Sim",S,Highland,228476,787885,FALSE,FALSE,FALSE,FALSE,TRUE,TRUE
679,Leana Mhor,676.8,157.5,"Ma,G,Sim",S,Highland,231689,787918,FALSE,FALSE,FALSE,FALSE,TRUE,TRUE
680,Creag Dhubh,659.6,332,"Ma,G,Sim",S,Highland,232274,782455,FALSE,FALSE,FALSE,FALSE,TRUE,TRUE
681,Creag Ruadh,622.2,310,"Ma,G,Sim",S,Highland,255806,791394,FALSE,FALSE,FALSE,FALSE,TRUE,TRUE
682,Beinn a' Mhonicag,567,268,"Ma,5,HF",S,Highland,228788,785494,FALSE,FALSE,FALSE,FALSE,TRUE,FALSE
683,Gleouraich,1035.1,767.7,"Ma,M,Sim,HHB",S,Highland,203945,805345,TRUE,FALSE,FALSE,FALSE,TRUE,TRUE
684,Sgurr a' Mhaoraich,1026.6,708,"Ma,M,Sim,HHB",S,Highland,198398,806562,TRUE,FALSE,FALSE,FALSE,TRUE,TRUE
685,Aonach air Chrith,1019.5,493,"Ma,M,Sim,HHB",S,Highland,205103,808354,TRUE,FALSE,FALSE,FALSE,TRUE,TRUE
687,Sgurr an Doire Leathain,1010,189,"Ma,M,Sim,HHB",S,Highland,201524,809889,TRUE,FALSE,FALSE,FALSE,TRUE,TRUE
688,The Saddle,1011.5,334,"Ma,M,Sim,HHB",S,Highland,193610,813124,TRUE,FALSE,FALSE,FALSE,TRUE,TRUE
689,Creag Coire na Fiar Bhealaich [Craig Coire na Fiar Bhealaich],1007.1,59,"MT,Sim,HHB",S,Highland,204713,805110,FALSE,FALSE,FALSE,FALSE,FALSE,TRUE
690,Sgurr an Lochain,1004,123,"Hu,M,Sim,HHB",S,Highland,200584,810427,TRUE,FALSE,FALSE,FALSE,FALSE,TRUE
691,Spidean Mialach,995.9,259.5,"Ma,M,Sim,HHB",S,Highland,206592,804306,TRUE,FALSE,FALSE,FALSE,TRUE,TRUE
692,Druim Shionnach,985.2,101.3,"Hu,M,Sim,HHB",S,Highland,207441,808484,TRUE,FALSE,FALSE,FALSE,FALSE,TRUE
693,Maol Chinn-dearg,980.3,137.6,"Hu,M,Sim,HHB",S,Highland,203221,808769,TRUE,FALSE,FALSE,FALSE,FALSE,TRUE
695,Beinn Sgritheall,974,500,"Ma,M,Sim,HHB",S,Highland,183587,812682,TRUE,FALSE,FALSE,FALSE,TRUE,TRUE
700,Creag a' Mhaim,946.2,79.6,"M,Sim,HHB",S,Highland,208790,807772,TRUE,FALSE,FALSE,FALSE,FALSE,TRUE
701,Sgurr na Sgine,946,247,"Ma,M,Sim,HHB",S,Highland,194616,811367,TRUE,FALSE,FALSE,FALSE,TRUE,TRUE
703,Spidean Dhomhuill Bhric,940.4,47.8,"MT,Sim,HHB",S,Highland,192208,812936,FALSE,FALSE,FALSE,FALSE,FALSE,TRUE
704,Druim Shionnach West Top,935.4,38.6,"MT,Sim,HHB",S,Highland,206291,808212,FALSE,FALSE,FALSE,FALSE,FALSE,TRUE
707,Sgurr Leac nan Each,918.9,65.6,"MT,Sim,HHB",S,Highland,191773,813312,FALSE,FALSE,FALSE,FALSE,FALSE,TRUE
708,Creag nan Damh,917.2,196,"Ma,M,Sim,HHB",S,Highland,198348,811202,TRUE,FALSE,FALSE,FALSE,TRUE,TRUE
709,Beinn Sgritheall East Top,906,72,"Sim,HHB",S,Highland,184525,812360,FALSE,FALSE,FALSE,FALSE,FALSE,TRUE
710,Sgurr Thionail,905.5,121.7,"Hu,Sim,HHB",S,Highland,198495,808921,FALSE,FALSE,FALSE,FALSE,FALSE,TRUE
711,Faochag,909,57,"Sim,HHB,xMT",S,Highland,195466,812331,FALSE,FALSE,FALSE,FALSE,FALSE,TRUE
712,Sgurr Coire na Feinne,901.7,31.3,"Sim,HHB",S,Highland,202790,809301,FALSE,FALSE,FALSE,FALSE,FALSE,TRUE
713,Buidhe Bheinn,885.5,165,"Ma,C,Sim,HHB",S,Highland,196334,809056,FALSE,FALSE,FALSE,FALSE,TRUE,TRUE
714,Am Bathaich,899.5,115.2,"Hu,Sim,HHB,xMT",S,Highland,198832,807559,FALSE,FALSE,FALSE,FALSE,FALSE,TRUE
715,Buidhe Bheinn West Top,879,57,"Sim,HHB,xC",S,Highland,195676,808756,FALSE,FALSE,FALSE,FALSE,FALSE,TRUE
716,Sgurr a' Bhac Chaolais,885.2,121,"Hu,Sim,HHB,xC",S,Highland,195833,811037,FALSE,FALSE,FALSE,FALSE,FALSE,TRUE
717,Druim Fiaclach,869.8,125,"Hu,Sim,HHB,xC",S,Highland,179139,779179,FALSE,FALSE,FALSE,FALSE,FALSE,TRUE
718,Beinn na h-Eaglaise,805,201,"Ma,C,Sim",S,Highland,185433,812006,FALSE,FALSE,FALSE,FALSE,TRUE,TRUE
719,Druim nan Cnamh [Beinn Loinne],789,354,"Ma,C,Sim",S,Highland,213078,807695,FALSE,FALSE,FALSE,FALSE,TRUE,TRUE
720,Sgurr Mhic Bharraich,779,317,"Ma,C,Sim",S,Highland,191765,817364,FALSE,FALSE,FALSE,FALSE,TRUE,TRUE
721,Beinn nan Caorach,774,227,"Ma,C,Sim",S,Highland,187152,812122,FALSE,FALSE,FALSE,FALSE,TRUE,TRUE
722,Beinn a' Chapuill,759.8,259,"Ma,G,Sim",S,Highland,183510,814847,FALSE,FALSE,FALSE,FALSE,TRUE,TRUE
723,Druim Fada,710.7,484,"Ma,G,Sim",S,Highland,189466,808338,FALSE,FALSE,FALSE,FALSE,TRUE,TRUE
724,Biod an Fhithich,645.9,154.1,"Ma,G,Sim",S,Highland,195082,814739,FALSE,FALSE,FALSE,FALSE,TRUE,TRUE
725,Beinn Clachach,642.3,228.4,"Ma,G,Sim",S,Highland,188594,810918,FALSE,FALSE,FALSE,FALSE,TRUE,TRUE
726,Beinn a' Chuirn,603,261,"Ma,Sim,G",S,Highland,187004,822003,FALSE,FALSE,FALSE,FALSE,TRUE,TRUE
727,Beinn Mhialairigh,548,194,"Ma,5,HF",S,Highland,180009,812857,FALSE,FALSE,FALSE,FALSE,TRUE,FALSE
728,Beinn a' Chaoinich,410,272,"Ma,4",S,Highland,185985,818396,FALSE,FALSE,FALSE,FALSE,TRUE,FALSE
729,Glas Bheinn,397,221,"Ma,3",S,Highland,182161,822740,FALSE,FALSE,FALSE,FALSE,TRUE,FALSE
730,Sgurr na Ciche,1040.2,839,"Ma,M,Sim,HHB",S,Highland,190222,796685,TRUE,FALSE,FALSE,FALSE,TRUE,TRUE
731,Ladhar Bheinn,1020,795,"Ma,M,Sim,HHB",S,Highland,182400,803983,TRUE,FALSE,FALSE,FALSE,TRUE,TRUE
732,Garbh Chioch Mhor,1012.9,169.5,"Ma,M,Sim,HHB",S,Highland,190956,796101,TRUE,FALSE,FALSE,FALSE,TRUE,TRUE
733,Sgurr Mor,1003,341,"Ma,M,Sim,HHB",S,Highland,196534,798041,TRUE,FALSE,FALSE,FALSE,TRUE,TRUE
735,Stob a' Choire Odhair,960,45,"MT,Sim,HHB",S,Highland,183015,804311,FALSE,FALSE,FALSE,FALSE,FALSE,TRUE
736,Sgurr nan Coireachan,953.8,221.7,"Ma,M,Sim,HHB",S,Highland,193308,795827,TRUE,FALSE,FALSE,FALSE,TRUE,TRUE
737,Meall Buidhe,945.5,497,"Ma,M,Sim,HHB",S,Highland,184898,798976,TRUE,FALSE,FALSE,FALSE,TRUE,TRUE
738,Meall Buidhe SE Top,940.7,31.5,"MT,Sim,HHB",S,Highland,185261,798752,FALSE,FALSE,FALSE,FALSE,FALSE,TRUE
739,Luinne Bheinn,938.6,256.6,"Ma,M,Sim,HHB",S,Highland,186979,800740,TRUE,FALSE,FALSE,FALSE,TRUE,TRUE
741,Gairich,918.8,552,"Ma,M,Sim,HHB",S,Highland,202589,799581,TRUE,FALSE,FALSE,FALSE,TRUE,TRUE
742,Sgurr a' Choire-bheithe,913.32,390,"Ma,C,Sim,HHB",S,Highland,189594,801597,FALSE,FALSE,FALSE,FALSE,TRUE,TRUE
743,Sgurr an Fhuarain,901,183,"Ma,C,Sim,HHB",S,Highland,198739,797981,FALSE,FALSE,FALSE,FALSE,TRUE,TRUE
744,Sgurr nan Eugallt,897.5,612,"Ma,C,Sim,HHB",S,Highland,192715,804868,FALSE,FALSE,FALSE,FALSE,TRUE,TRUE
746,Sgurr Beag,890,143,"Hu,Sim,HHB,sMa",S,Highland,195927,797098,FALSE,FALSE,FALSE,FALSE,FALSE,TRUE
747,Beinn an Aodainn [Ben Aden],887,250.7,"Ma,C,Sim,HHB",S,Highland,189939,798626,FALSE,FALSE,FALSE,FALSE,TRUE,TRUE
748,Fraoch Bheinn,857.3,399,"Ma,C,Sim,HHB",S,Highland,198607,794039,FALSE,FALSE,FALSE,FALSE,TRUE,TRUE
749,Beinn Bhuidhe,855.4,308.4,"Ma,C,Sim,HHB",S,Highland,182176,796727,FALSE,FALSE,FALSE,FALSE,TRUE,TRUE
750,Aonach Sgoilte,848.4,141.6,"Hu,Sim,HHB,sMa",S,Highland,184016,802706,FALSE,FALSE,FALSE,FALSE,FALSE,TRUE
751,Sgurr Cos na Breachd-laoidh,835,187,"Ma,C,Sim",S,Highland,194875,794679,FALSE,FALSE,FALSE,FALSE,TRUE,TRUE
752,Sgurr Coire Choinnichean,796,304,"Ma,C,Sim",S,Highland,179075,801079,FALSE,FALSE,FALSE,FALSE,TRUE,TRUE
753,Beinn na Caillich,785,317,"Ma,C,Sim",S,Highland,179594,806698,FALSE,FALSE,FALSE,FALSE,TRUE,TRUE
754,Meall Bhasiter,716.7,142.5,"Hu,Sim",S,Highland,184625,797194,FALSE,FALSE,FALSE,FALSE,FALSE,TRUE
755,Slat Bheinn,700.6,270.2,"Ma,G,Sim",S,Highland,191003,802747,FALSE,FALSE,FALSE,FALSE,TRUE,TRUE
756,Meall nan Eun,667,174,"Ma,G,Sim",S,Highland,190351,805233,FALSE,FALSE,FALSE,FALSE,TRUE,TRUE
757,Druim na Cluain-airighe,517,382,"Ma,5,HF",S,Highland,175160,803465,FALSE,FALSE,FALSE,FALSE,TRUE,FALSE
758,Sron a' Choire Ghairbh,936.2,621,"Ma,M,Sim,HHB",S,Highland,222247,794560,TRUE,FALSE,FALSE,FALSE,TRUE,TRUE
759,Meall na Teanga,916.8,305.5,"Ma,M,Sim,HHB",S,Highland,222024,792473,TRUE,FALSE,FALSE,FALSE,TRUE,TRUE
760,Meall Coire Lochain,905.7,92.9,"Sim,HHB,sHu",S,Highland,221526,792009,FALSE,FALSE,FALSE,FALSE,FALSE,TRUE
761,Ben Tee,901.6,354,"Ma,C,Sim,HHB",S,Highland,224065,797200,FALSE,FALSE,FALSE,FALSE,TRUE,TRUE
762,Meall a' Choire Ghlais,900.2,34.4,"Sim,HHB",S,Highland,221937,795711,FALSE,FALSE,FALSE,FALSE,FALSE,TRUE
763,Sgurr Mhurlagain,880,515,"Ma,C,Sim,HHB",S,Highland,201259,794469,FALSE,FALSE,FALSE,FALSE,TRUE,TRUE
764,Meall na h-Eilde,837.2,450,"Ma,C,Sim",S,Highland,218549,794631,FALSE,FALSE,FALSE,FALSE,TRUE,TRUE
765,Meall Coire nan Saobhaidh,825.4,103.3,"Hu,Sim,xC",S,Highland,217463,795128,FALSE,FALSE,FALSE,FALSE,FALSE,TRUE
766,Geal Charn,804,156,"Ma,C,Sim",S,Highland,215618,794266,FALSE,FALSE,FALSE,FALSE,TRUE,TRUE
767,Meall Dubh,789,544,"Ma,C,Sim",S,Highland,224533,807847,FALSE,FALSE,FALSE,FALSE,TRUE,TRUE
768,Sgurr Choinnich [Sgurr Choinich],749,277,"Ma,G,Sim",S,Highland,212768,794969,FALSE,FALSE,FALSE,FALSE,TRUE,TRUE
769,Glas Bheinn,731.5,292,"Ma,G,Sim",S,Highland,217151,791896,FALSE,FALSE,FALSE,FALSE,TRUE,TRUE
770,Meall Blair,656.5,213,"Ma,G,Sim",S,Highland,207742,795046,FALSE,FALSE,FALSE,FALSE,TRUE,TRUE
771,Burach,607,236,"Ma,Sim,G",S,Highland,238291,814150,FALSE,FALSE,FALSE,FALSE,TRUE,TRUE
773,Gulvain [Gaor Bheinn],987,842,"Ma,M,Sim,HHB",S,Highland,200267,787575,TRUE,FALSE,FALSE,FALSE,TRUE,TRUE
774,Sgurr Thuilm,963,614,"Ma,M,Sim,HHB",S,Highland,193906,787980,TRUE,FALSE,FALSE,FALSE,TRUE,TRUE
775,Gulvain South Top,961,98,"MT,Sim,HHB,sHu",S,Highland,199674,786454,FALSE,FALSE,FALSE,FALSE,FALSE,TRUE
776,Sgurr nan Coireachan,956.3,231.8,"Ma,M,Sim,HHB",S,Highland,190290,788013,TRUE,FALSE,FALSE,FALSE,TRUE,TRUE
777,Streap,909,438,"Ma,C,Sim,HHB",S,Highland,194660,786376,FALSE,FALSE,FALSE,FALSE,TRUE,TRUE
778,Beinn Gharbh,895.3,149.6,"Hu,Sim,HHB,sMa",S,Highland,188205,787660,FALSE,FALSE,FALSE,FALSE,FALSE,TRUE
779,Bidein a' Chabair,867.5,553,"Ma,C,Sim,HHB",S,Highland,188903,793060,FALSE,FALSE,FALSE,FALSE,TRUE,TRUE
780,Carn Mor,830,614,"Ma,C,Sim",S,Highland,190305,790943,FALSE,FALSE,FALSE,FALSE,TRUE,TRUE
781,Beinn an Tuim,812.7,147.3,"Hu,Sim,sMa,xC",S,Highland,192931,783548,FALSE,FALSE,FALSE,FALSE,FALSE,TRUE
782,Sgurr an Utha,796,499,"Ma,C,Sim",S,Highland,188504,783977,FALSE,FALSE,FALSE,FALSE,TRUE,TRUE
783,Beinn Bhan,795.9,495,"Ma,C,Sim",S,Highland,214059,785713,FALSE,FALSE,FALSE,FALSE,TRUE,TRUE
784,Meall a' Phubuill,772.7,467,"Ma,C,Sim",S,Highland,202938,785418,FALSE,FALSE,FALSE,FALSE,TRUE,TRUE
785,Braigh nan Uamhachan,765,276,"Ma,C,Sim",S,Highland,197541,786723,FALSE,FALSE,FALSE,FALSE,TRUE,TRUE
786,Druim Fada,744,518,"Ma,G,Sim",S,Highland,208699,782406,FALSE,FALSE,FALSE,FALSE,TRUE,TRUE
787,Mullach Coire nan Geur-oirean,727,191,"Ma,G,Sim",S,Highland,204912,789283,FALSE,FALSE,FALSE,FALSE,TRUE,TRUE
788,An Stac,717.8,223,"Ma,G,Sim",S,Highland,186675,788905,FALSE,FALSE,FALSE,FALSE,TRUE,TRUE
789,Meith Bheinn,710,325,"Ma,G,Sim",S,Highland,182146,787254,FALSE,FALSE,FALSE,FALSE,TRUE,TRUE
790,Meall Onfhaidh,679.3,297,"Ma,G,Sim",S,Highland,201040,784080,FALSE,FALSE,FALSE,FALSE,TRUE,TRUE
791,Aodann Chleireig,662.6,314.2,"Ma,G,Sim",S,Highland,199463,782548,FALSE,FALSE,FALSE,FALSE,TRUE,TRUE
792,Glas-charn,633.3,329,"Ma,G,Sim",S,Highland,184641,783741,FALSE,FALSE,FALSE,FALSE,TRUE,TRUE
793,Sithean Mor [Sidhean Mor],601.5,324,"Ma,Sim,G",S,Highland,172948,786621,FALSE,FALSE,FALSE,FALSE,TRUE,TRUE
794,Druim a' Chuirn,584,182,"Ma,5,HF",S,Highland,182717,788728,FALSE,FALSE,FALSE,FALSE,TRUE,FALSE
795,Beinn nan Cabar,574,198,"Ma,5,HF",S,Highland,176529,786562,FALSE,FALSE,FALSE,FALSE,TRUE,FALSE
796,Carn a' Ghobhair [Sgurr Eireagoraidh],548,470,"Ma,5,HF",S,Highland,171680,796426,FALSE,FALSE,FALSE,FALSE,TRUE,FALSE
797,Creag Bhan,510,224,"Ma,5,HF",S,Highland,178239,784672,FALSE,FALSE,FALSE,FALSE,TRUE,FALSE
799,Sgurr Bhuidhe,440,178,"Ma,4",S,Highland,172269,794582,FALSE,FALSE,FALSE,FALSE,TRUE,FALSE
801,Cruach Doir' an Raoigh,292,245,"Ma,2",S,Highland,173473,782620,FALSE,FALSE,FALSE,FALSE,TRUE,FALSE
802,Sgurr na Dubh-chreige,197,164,"Ma,1",S,Highland,169061,793786,FALSE,FALSE,FALSE,FALSE,TRUE,FALSE
803,Carn Eighe,1182.8,1147,"Ma,M,Sim,HHB,CoH,CoA",S,Highland,212355,826197,TRUE,FALSE,FALSE,FALSE,TRUE,TRUE
804,Mam Sodhail,1179.4,132.4,"Hu,M,Sim,HHB",S,Highland,212007,825332,TRUE,FALSE,FALSE,FALSE,FALSE,TRUE
805,Sgurr nan Ceathramhnan [Sgurr nan Ceathreamhnan],1149.7,433,"Ma,M,Sim,HHB",S,Highland,205702,822851,TRUE,FALSE,FALSE,FALSE,TRUE,TRUE
806,Stob a' Choire Dhomhain,1146.5,50,"MT,Sim,HHB",S,Highland,213132,826409,FALSE,FALSE,FALSE,FALSE,FALSE,TRUE
807,Sgurr nan Ceathreamhnan West Top,1142.3,33,"MT,Sim,HHB",S,Highland,205294,822818,FALSE,FALSE,FALSE,FALSE,FALSE,TRUE
808,Stob Coire Dhomhnuill,1139.1,33.1,"MT,Sim,HHB",S,Highland,213797,826243,FALSE,FALSE,FALSE,FALSE,FALSE,TRUE
810,Tom a' Choinnich [Tom a' Choinich],1112.7,149.8,"Hu,M,Sim,HHB,sMa",S,Highland,216402,827334,TRUE,FALSE,FALSE,FALSE,FALSE,TRUE
812,Stuc Bheag,1074.9,48,"MT,Sim,HHB",S,Highland,205357,823732,FALSE,FALSE,FALSE,FALSE,FALSE,TRUE
813,An Tudair,1073.4,64,"MT,Sim,HHB",S,Highland,212751,823953,FALSE,FALSE,FALSE,FALSE,FALSE,TRUE
815,Sgurr Fhuaran,1068.8,665,"Ma,M,Sim,HHB",S,Highland,197849,816678,TRUE,FALSE,FALSE,FALSE,TRUE,TRUE
818,Toll Creagach,1053.7,181.4,"Ma,M,Sim,HHB",S,Highland,219402,828280,TRUE,FALSE,FALSE,FALSE,TRUE,TRUE
819,An Leth-chreag,1051.7,56.8,"MT,Sim,HHB",S,Highland,215406,826971,FALSE,FALSE,FALSE,FALSE,FALSE,TRUE
820,Stuc Mor,1041.6,51.5,"MT,Sim,HHB",S,Highland,205365,824280,FALSE,FALSE,FALSE,FALSE,FALSE,TRUE
821,Sgurr a' Bhealaich Dheirg,1036,311,"Ma,M,Sim,HHB",S,Highland,203517,814360,TRUE,FALSE,FALSE,FALSE,TRUE,TRUE
822,Sgurr na Lapaich,1037.3,110.2,"Hu,MT,Sim,HHB",S,Highland,215415,824393,FALSE,FALSE,FALSE,FALSE,FALSE,TRUE
823,Beinn Fhada,1031.9,647,"Ma,M,Sim,HHB",S,Highland,201855,819254,TRUE,FALSE,FALSE,FALSE,TRUE,TRUE
825,Sgurr na Ciste Duibhe,1027,178,"Ma,M,Sim,HHB",S,Highland,198401,814953,TRUE,FALSE,FALSE,FALSE,TRUE,TRUE
826,Beinn Fhionnlaidh,1004.8,173,"Ma,M,Sim,HHB",S,Highland,211560,828271,TRUE,FALSE,FALSE,FALSE,TRUE,TRUE
827,Sgurr na Carnach,1002,134,"Hu,M,Sim,HHB",S,Highland,197715,815891,TRUE,FALSE,FALSE,FALSE,FALSE,TRUE
828,Aonach Meadhoin,1001,174,"Ma,M,Sim,HHB",S,Highland,204882,813760,TRUE,FALSE,FALSE,FALSE,TRUE,TRUE
829,Mullach Cadha Rainich,995.6,35.3,"MT,Sim,HHB",S,Highland,213961,824610,FALSE,FALSE,FALSE,FALSE,FALSE,TRUE
831,Sgurr nan Spainteach,990,65,"MT,Sim,HHB",S,Highland,199144,815011,FALSE,FALSE,FALSE,FALSE,FALSE,TRUE
832,Sgurr an Fhuarail,987,71,"MT,Sim,HHB",S,Highland,205443,813982,FALSE,FALSE,FALSE,FALSE,FALSE,TRUE
833,Mullach na Dheiragain,982,144,"Hu,M,Sim,HHB,sMa",S,Highland,208045,825917,TRUE,FALSE,FALSE,FALSE,FALSE,TRUE
834,Ciste Dhubh,981.1,390.5,"Ma,M,Sim,HHB",S,Highland,206236,816619,TRUE,FALSE,FALSE,FALSE,TRUE,TRUE
835,Mullach Sithidh,974,49,"MT,Sim,HHB",S,Highland,208218,826418,FALSE,FALSE,FALSE,FALSE,FALSE,TRUE
836,Carn na Con Dhu,967,82,"MT,Sim,HHB",S,Highland,207270,824188,FALSE,FALSE,FALSE,FALSE,FALSE,TRUE
838,Sgurr a' Dubh Doire,962,48,"MT,Sim,HHB",S,Highland,203474,818543,FALSE,FALSE,FALSE,FALSE,FALSE,TRUE
839,Saileag,956,91,"M,Sim,HHB,sHu",S,Highland,201774,814827,TRUE,FALSE,FALSE,FALSE,FALSE,TRUE
840,Meall an Fhuarain Mhoir,954.9,64.7,"MT,Sim,HHB",S,Highland,199996,819619,FALSE,FALSE,FALSE,FALSE,FALSE,TRUE
844,Sgurr nan Saighead,929,107.5,"Hu,MT,Sim,HHB",S,Highland,197465,817795,FALSE,FALSE,FALSE,FALSE,FALSE,TRUE
845,An Socach,919.7,123.8,"Hu,M,Sim,HHB",S,Highland,208816,822999,TRUE,FALSE,FALSE,FALSE,FALSE,TRUE
846,A' Ghlas-bheinn,918,407,"Ma,M,Sim,HHB",S,Highland,200822,823104,TRUE,FALSE,FALSE,FALSE,TRUE,TRUE
847,Stuc Fraoch Choire,918.4,37,"MT,Sim,HHB",S,Highland,205223,825310,FALSE,FALSE,FALSE,FALSE,FALSE,TRUE
850,Stob Coire na Cloiche,912.5,38.2,"Sim,HHB,xMT,CT",S,Highland,207521,822725,FALSE,FALSE,FALSE,FALSE,FALSE,TRUE
851,Creag na h-Eige [Frith an Achaidh Mhoir],911.8,68.3,"Sim,HHB",S,Highland,214053,828248,FALSE,FALSE,FALSE,FALSE,FALSE,TRUE
852,An Socach East Top,903.8,32.9,"Sim,HHB",S,Highland,209336,823439,FALSE,FALSE,FALSE,FALSE,FALSE,TRUE
853,Sgurr an Airgid,841.2,394,"Ma,C,Sim,HHB",S,Highland,194043,822714,FALSE,FALSE,FALSE,FALSE,TRUE,TRUE
854,Sgurr Gaorsaic,838.2,169.2,"Ma,C,Sim,HHB",S,Highland,203607,821937,FALSE,FALSE,FALSE,FALSE,TRUE,TRUE
855,Am Bathach,798.1,232.4,"Ma,C,Sim",S,Highland,207335,814340,FALSE,FALSE,FALSE,FALSE,TRUE,TRUE
856,Carnan Cruithneachd,727.8,220,"Ma,G,Sim",S,Highland,199448,825828,FALSE,FALSE,FALSE,FALSE,TRUE,TRUE
857,Carn Loch na Gobhlaig,716,143,"Hu,Sim,sMa",S,Highland,225728,830156,FALSE,FALSE,FALSE,FALSE,FALSE,TRUE
858,Carn Bad a' Chreamha,633.3,146.8,"Hu,Sim,sMa",S,Highland,192577,826460,FALSE,FALSE,FALSE,FALSE,FALSE,TRUE
859,Beinn a' Mheadhoin,611.9,243,"Ma,G,Sim",S,Highland,221863,825560,FALSE,FALSE,FALSE,FALSE,TRUE,TRUE
860,Meall Sguman,544,153,"Ma,5,HF",S,Highland,202274,826719,FALSE,FALSE,FALSE,FALSE,TRUE,FALSE
861,Beinn a' Mheadhain [Beinn a' Mheadhoin],414,195,"Ma,4",S,Highland,191848,828834,FALSE,FALSE,FALSE,FALSE,TRUE,FALSE
862,A' Chraileag [A' Chralaig],1120,786,"Ma,M,Sim,HHB",S,Highland,209431,814791,TRUE,FALSE,FALSE,FALSE,TRUE,TRUE
863,Sgurr nan Conbhairean,1109,382,"Ma,M,Sim,HHB",S,Highland,212988,813896,TRUE,FALSE,FALSE,FALSE,TRUE,TRUE
864,Mullach Fraoch-choire,1100.9,151.3,"Ma,M,Sim,HHB",S,Highland,209492,817152,TRUE,FALSE,FALSE,FALSE,TRUE,TRUE
866,Stob Coire na Craileig [Stob Coire na Cralaig],1007.4,55.3,"MT,Sim,HHB",S,Highland,209140,816310,FALSE,FALSE,FALSE,FALSE,FALSE,TRUE
867,Sail Chaorainn,999.2,87,"M,Sim,HHB",S,Highland,213314,815443,TRUE,FALSE,FALSE,FALSE,FALSE,TRUE
869,Carn na Coire Mheadhoin,997.9,38,"MT,Sim,HHB",S,Highland,213433,815882,FALSE,FALSE,FALSE,FALSE,FALSE,TRUE
870,Creag a' Chaorainn,997,37.1,"MT,Sim,HHB",S,Highland,213704,813167,FALSE,FALSE,FALSE,FALSE,FALSE,TRUE
871,Carn Ghluasaid,956.3,62.7,"M,Sim,HHB",S,Highland,214576,812523,TRUE,FALSE,FALSE,FALSE,FALSE,TRUE
872,A' Chioch,946.6,31.1,"MT,Sim,HHB",S,Highland,210896,815357,FALSE,FALSE,FALSE,FALSE,FALSE,TRUE
873,Tigh Mor na Seilge,927.4,39.5,"MT,Sim,HHB",S,Highland,214028,816615,FALSE,FALSE,FALSE,FALSE,FALSE,TRUE
875,Aonach Shasuinn,888,237,"Ma,C,Sim,HHB",S,Highland,217328,818024,FALSE,FALSE,FALSE,FALSE,TRUE,TRUE
876,Carn a' Choire Ghairbh,862.5,199,"Ma,C,Sim,HHB",S,Highland,213685,818878,FALSE,FALSE,FALSE,FALSE,TRUE,TRUE
877,Carn a' Chaochain,706.6,270,"Ma,G,Sim",S,Highland,223514,817794,FALSE,FALSE,FALSE,FALSE,TRUE,TRUE
878,Meall Fuar-mhonaidh,698.4,233,"Ma,G,Sim",S,Highland,245704,822214,FALSE,FALSE,FALSE,FALSE,TRUE,TRUE
879,Meall a' Chrathaich,678.9,184,"Ma,G,Sim",S,Highland,236068,822079,FALSE,FALSE,FALSE,FALSE,TRUE,TRUE
880,Carn Mhic an Toisich,678.2,176,"Ma,G,Sim",S,Highland,231053,818587,FALSE,FALSE,FALSE,FALSE,TRUE,TRUE
881,Glas-bheinn Mhor,651,156,"Ma,G,Sim",S,Highland,243693,823155,FALSE,FALSE,FALSE,FALSE,TRUE,TRUE
882,Creag Dhubh,539,204,"Ma,5,HF",S,Highland,222503,821656,FALSE,FALSE,FALSE,FALSE,TRUE,FALSE
883,Carn Fiaclach,457,154,"Ma,4",S,Highland,227890,827248,FALSE,FALSE,FALSE,FALSE,TRUE,FALSE
884,Sgurr a' Choire Ghlais,1083.7,819,"Ma,M,Sim,HHB",S,Highland,225837,843056,TRUE,FALSE,FALSE,FALSE,TRUE,TRUE
885,Sgurr a' Chaorachain,1053,568,"Ma,M,Sim,HHB",S,Highland,208750,844737,TRUE,FALSE,FALSE,FALSE,TRUE,TRUE
886,Sgurr Fhuar-thuill,1049.2,148.1,"Hu,M,Sim,HHB,sMa",S,Highland,223580,843754,TRUE,FALSE,FALSE,FALSE,FALSE,TRUE
887,Bidean an Eoin Deirg,1046.6,85,"MT,Sim,HHB",S,Highland,210361,844324,FALSE,FALSE,FALSE,FALSE,FALSE,TRUE
888,Creag Ghorm a' Bhealaich,1030.3,81.8,"MT,Sim,HHB",S,Highland,224479,843505,FALSE,FALSE,FALSE,FALSE,FALSE,TRUE
890,Maoile Lunndaidh,1004.9,10.5,M,S,Highland,213506,845853,TRUE,FALSE,FALSE,FALSE,FALSE,FALSE
891,Creag Toll a' Choin,1005.3,403,"Ma,Sim,HHB,xMT",S,Highland,213082,845325,FALSE,FALSE,FALSE,FALSE,TRUE,TRUE
892,Sgurr Choinnich,999.3,133,"Hu,M,Sim,HHB",S,Highland,207625,844627,TRUE,FALSE,FALSE,FALSE,FALSE,TRUE
894,Sgurr na Ruaidhe,993,226,"Ma,M,Sim,HHB",S,Highland,228900,842615,TRUE,FALSE,FALSE,FALSE,TRUE,TRUE
895,Carn nan Gobhar,992,137,"Hu,M,Sim,HHB",S,Highland,227303,843890,TRUE,FALSE,FALSE,FALSE,FALSE,TRUE
896,Lurg Mhor,987.5,443,"Ma,M,Sim,HHB",S,Highland,206480,840451,TRUE,FALSE,FALSE,FALSE,TRUE,TRUE
897,Meall Mor,974,39,"MT,Sim,HHB",S,Highland,207210,840577,FALSE,FALSE,FALSE,FALSE,FALSE,TRUE
898,Bidein a' Choire Sheasgaich,945,208.2,"Ma,M,Sim,HHB",S,Highland,204906,841264,TRUE,FALSE,FALSE,FALSE,TRUE,TRUE
899,Moruisg,925.7,592,"Ma,M,Sim,HHB",S,Highland,210114,849939,TRUE,FALSE,FALSE,FALSE,TRUE,TRUE
900,Sgurr nan Ceannaichean,913.43,185,"Ma,C,Sim,HHB,xMT",S,Highland,208724,848063,FALSE,FALSE,FALSE,FALSE,TRUE,TRUE
901,Aonach na Reise [Sgurr na Ruaidhe East Top],911.9,41,"Sim,HHB",S,Highland,230405,842849,FALSE,FALSE,FALSE,FALSE,FALSE,TRUE
902,Sgurr na Conbhaire,901.9,79.9,"Sim,HHB",S,Highland,208073,843348,FALSE,FALSE,FALSE,FALSE,FALSE,TRUE
903,Sgurr a' Mhuilinn,878.8,580,"Ma,C,Sim,HHB",S,Highland,226467,855747,FALSE,FALSE,FALSE,FALSE,TRUE,TRUE
904,Beinn Tharsuinn,861.2,224,"Ma,C,Sim,HHB",S,Highland,205518,843349,FALSE,FALSE,FALSE,FALSE,TRUE,TRUE
905,Beinn a' Bhathaich Ard [Beinn a' Bha' ach Ard],862,241,"Ma,C,Sim,HHB",S,Highland,236059,843484,FALSE,FALSE,FALSE,FALSE,TRUE,TRUE
906,Sgurr na Feartaig,863,267,"Ma,C,Sim,HHB",S,Highland,205513,845398,FALSE,FALSE,FALSE,FALSE,TRUE,TRUE
907,Bac an Eich,849,336,"Ma,C,Sim,HHB",S,Highland,222214,848951,FALSE,FALSE,FALSE,FALSE,TRUE,TRUE
908,Sgurr a' Choire-rainich,846.9,139.5,"Hu,Sim,HHB",S,Highland,224796,856911,FALSE,FALSE,FALSE,FALSE,FALSE,TRUE
909,Meallan nan Uan,838.3,156.4,"Ma,C,Sim,HHB",S,Highland,226368,854474,FALSE,FALSE,FALSE,FALSE,TRUE,TRUE
910,An Sithean [An Sidhean],814,270,"Ma,C,Sim",S,Highland,217103,845392,FALSE,FALSE,FALSE,FALSE,TRUE,TRUE
911,Beinn Dronaig,796.8,434,"Ma,C,Sim",S,Highland,203706,838184,FALSE,FALSE,FALSE,FALSE,TRUE,TRUE
912,Beinn na Muice,693.8,160.6,"Ma,G,Sim",S,Highland,221883,840231,FALSE,FALSE,FALSE,FALSE,TRUE,TRUE
913,Meall na Faochaig,680.6,273,"Ma,G,Sim",S,Highland,225750,852502,FALSE,FALSE,FALSE,FALSE,TRUE,TRUE
914,Carn na Coinnich,673.4,265,"Ma,G,Sim",S,Highland,232454,851053,FALSE,FALSE,FALSE,FALSE,TRUE,TRUE
915,Beinn Mheadhoin,664.3,217,"Ma,G,Sim",S,Highland,225882,847769,FALSE,FALSE,FALSE,FALSE,TRUE,TRUE
916,Creag Dhubh Mhor,611,168,"Ma,G,Sim",S,Highland,198285,840477,FALSE,FALSE,FALSE,FALSE,TRUE,TRUE
917,Sgurr Marcasaidh,580,295,"Ma,5,HF",S,Highland,235406,859273,FALSE,FALSE,FALSE,FALSE,TRUE,FALSE
918,Creag Loch nan Dearcag,537,232,"Ma,5,HF",S,Highland,233337,856735,FALSE,FALSE,FALSE,FALSE,TRUE,FALSE
919,Carn nan Iomairean,485,227,"Ma,4",S,Highland,191422,835203,FALSE,FALSE,FALSE,FALSE,TRUE,FALSE
920,Beinn Conchra,453,205,"Ma,4",S,Highland,188719,829170,FALSE,FALSE,FALSE,FALSE,TRUE,FALSE
921,Auchtertyre Hill,452.6,245,"Ma,4",S,Highland,183252,828951,FALSE,FALSE,FALSE,FALSE,TRUE,FALSE
923,Creag Mhor,407,158,"Ma,4",S,Highland,190304,831601,FALSE,FALSE,FALSE,FALSE,TRUE,FALSE
924,Carn Faire nan Con,370,239,"Ma,3",S,Highland,239564,859184,FALSE,FALSE,FALSE,FALSE,TRUE,FALSE
925,Torr Achilty,256,218,"Ma,2",S,Highland,244763,855088,FALSE,FALSE,FALSE,FALSE,TRUE,FALSE
926,Sgurr na Lapaich,1151.9,841,"Ma,M,Sim,HHB",S,Highland,216103,835125,TRUE,FALSE,FALSE,FALSE,TRUE,TRUE
927,An Riabhachan,1129,302,"Ma,M,Sim,HHB",S,Highland,213362,834483,TRUE,FALSE,FALSE,FALSE,TRUE,TRUE
929,Sgurr nan Clachan Geala,1092.8,61.9,"MT,Sim,HHB",S,Highland,216171,834240,FALSE,FALSE,FALSE,FALSE,FALSE,TRUE
931,An Socach,1069,207,"Ma,M,Sim,HHB",S,Highland,210061,833274,TRUE,FALSE,FALSE,FALSE,TRUE,TRUE
934,An Riabhachan West Top,1038,37,"MT,Sim,HHB",S,Highland,211733,833774,FALSE,FALSE,FALSE,FALSE,FALSE,TRUE
936,Carn nan Gobhar,992.3,197.5,"Ma,M,Sim,HHB",S,Highland,218188,834362,TRUE,FALSE,FALSE,FALSE,TRUE,TRUE
939,Creag Dubh,947.2,94,"MT,Sim,HHB,sHu",S,Highland,219970,835075,FALSE,FALSE,FALSE,FALSE,FALSE,TRUE
940,Aonach Buidhe,899,474,"Ma,C,Sim,HHB",S,Highland,205762,832466,FALSE,FALSE,FALSE,FALSE,TRUE,TRUE
941,Sguman Coinntich,879,415,"Ma,C,Sim,HHB",S,Highland,197698,830361,FALSE,FALSE,FALSE,FALSE,TRUE,TRUE
942,Faochaig,868,230,"Ma,C,Sim,HHB",S,Highland,202184,831717,FALSE,FALSE,FALSE,FALSE,TRUE,TRUE
943,Sgorr na Diollaid,817.9,306,"Ma,C,Sim",S,Highland,228181,836263,FALSE,FALSE,FALSE,FALSE,TRUE,TRUE
944,An Cruachan,705,237,"Ma,G,Sim",S,Highland,209381,835872,FALSE,FALSE,FALSE,FALSE,TRUE,TRUE
945,Carn na Breabaig,679,177,"Ma,G,Sim",S,Highland,206669,830161,FALSE,FALSE,FALSE,FALSE,TRUE,TRUE
946,Carn Gorm,677.3,194,"Ma,G,Sim",S,Highland,232858,835513,FALSE,FALSE,FALSE,FALSE,TRUE,TRUE
947,Meallan Odhar Doire nan Gillean,598.8,177,"Ma,5,HF",S,Highland,215622,837780,FALSE,FALSE,FALSE,FALSE,TRUE,FALSE
948,Beinn Dubh an Iaruinn,591,240,"Ma,5,HF",S,Highland,218231,839225,FALSE,FALSE,FALSE,FALSE,TRUE,FALSE
949,Carn a' Bhodaich,501,290,"Ma,5,HF",S,Highland,256987,837508,FALSE,FALSE,FALSE,FALSE,TRUE,FALSE
950,Meall na h-Eilrig,465,187,"Ma,4",S,Highland,253708,832616,FALSE,FALSE,FALSE,FALSE,TRUE,FALSE
951,Carn nam Bad,458.1,212,"Ma,4",S,Highland,240172,833924,FALSE,FALSE,FALSE,FALSE,TRUE,FALSE
952,Meall Innis an Loichel,390,171,"Ma,3",S,Highland,220420,838959,FALSE,FALSE,FALSE,FALSE,TRUE,FALSE
953,Liathach - Spidean a' Choire Leith,1054.8,957,"Ma,M,Sim,HHB",S,Highland,192934,857970,TRUE,FALSE,FALSE,FALSE,TRUE,TRUE
954,Liathach - Mullach an Rathain,1023.9,152.1,"Ma,M,Sim,HHB",S,Highland,191186,857691,TRUE,FALSE,FALSE,FALSE,TRUE,TRUE
955,Beinn Eighe - Ruadh-stac Mor,1010,632,"Ma,M,Sim,HHB",S,Highland,195142,861152,TRUE,FALSE,FALSE,FALSE,TRUE,TRUE
956,Beinn Eighe - Spidean Coire nan Clach,993,172,"Ma,M,Sim,HHB",S,Highland,196615,859780,TRUE,FALSE,FALSE,FALSE,TRUE,TRUE
957,Beinn Alligin - Sgurr Mor,986,601,"Ma,M,Sim,HHB",S,Highland,186565,861271,TRUE,FALSE,FALSE,FALSE,TRUE,TRUE
958,Stob a' Choire Liath Mhor,983.5,51.8,"MT,Sim,HHB",S,Highland,193284,858103,FALSE,FALSE,FALSE,FALSE,FALSE,TRUE
959,Sail Mhor,980,118,"Hu,MT,Sim,HHB",S,Highland,193815,860587,FALSE,FALSE,FALSE,FALSE,FALSE,TRUE
960,Coinneach Mhor,976,108,"Hu,MT,Sim,HHB",S,Highland,194447,860017,FALSE,FALSE,FALSE,FALSE,FALSE,TRUE
961,Sgurr Ban,970,65,"MT,Sim,HHB",S,Highland,197456,860020,FALSE,FALSE,FALSE,FALSE,FALSE,TRUE
962,Sgurr nan Fhir Duibhe,963,117,"Hu,MT,Sim,HHB",S,Highland,198165,860020,FALSE,FALSE,FALSE,FALSE,FALSE,TRUE
963,Meall Dearg [Northern Pinnacles],955,38,"MT,Sim,HHB",S,Highland,191383,857943,FALSE,FALSE,FALSE,FALSE,FALSE,TRUE
967,Am Fasarinen,928.6,56.8,"MT,Sim,HHB",S,Highland,192341,857471,FALSE,FALSE,FALSE,FALSE,FALSE,TRUE
968,Beinn Alligin - Tom na Gruagaich,922,155,"Ma,M,Sim,HHB",S,Highland,185958,860153,TRUE,FALSE,FALSE,FALSE,TRUE,TRUE
969,Stuc a' Choire Dhuibh Bhig,915.4,82.8,"MT,Sim,HHB",S,Highland,194218,858226,FALSE,FALSE,FALSE,FALSE,FALSE,TRUE
970,Beinn Dearg,913.7,469,"Ma,C,Sim,HHB",S,Highland,189530,860821,FALSE,FALSE,FALSE,FALSE,TRUE,TRUE
971,Ruadh-stac Beag,896,181,"Ma,C,Sim,HHB",S,Highland,197276,861340,FALSE,FALSE,FALSE,FALSE,TRUE,TRUE
972,Meall a' Ghiuthais [Meall a' Ghiubhais],887,418,"Ma,C,Sim,HHB",S,Highland,197606,863420,FALSE,FALSE,FALSE,FALSE,TRUE,TRUE
973,Baosbheinn,875,443,"Ma,C,Sim,HHB",S,Highland,187032,865421,FALSE,FALSE,FALSE,FALSE,TRUE,TRUE
974,Beinn an Eoin,855,434,"Ma,C,Sim,HHB",S,Highland,190512,864635,FALSE,FALSE,FALSE,FALSE,TRUE,TRUE
975,Beinn a' Chearcaill,725.4,368,"Ma,G,Sim",S,Highland,193101,863764,FALSE,FALSE,FALSE,FALSE,TRUE,TRUE
976,An Ruadh-mheallan,671.7,201,"Ma,G,Sim",S,Highland,183614,861462,FALSE,FALSE,FALSE,FALSE,TRUE,TRUE
977,Meall an Doirein,422.7,297,"Ma,4",S,Highland,185905,875418,FALSE,FALSE,FALSE,FALSE,TRUE,FALSE
978,Meall Lochan a' Chleirich,403,216,"Ma,4",S,Highland,187215,871623,FALSE,FALSE,FALSE,FALSE,TRUE,FALSE
979,Sithean Mor [Sidhean Mor],383,150.8,"Ma,3",S,Highland,183596,874013,FALSE,FALSE,FALSE,FALSE,TRUE,FALSE
980,An Cuaidh,296,161,"Ma,2",S,Highland,176500,889127,FALSE,FALSE,FALSE,FALSE,TRUE,FALSE
981,Sgorr Ruadh,960.7,723,"Ma,M,Sim,HHB",S,Highland,195907,850506,TRUE,FALSE,FALSE,FALSE,TRUE,TRUE
982,Maol Chean-dearg,933,514,"Ma,M,Sim,HHB",S,Highland,192406,849911,TRUE,FALSE,FALSE,FALSE,TRUE,TRUE
983,Beinn Liath Mhor,926,271,"Ma,M,Sim,HHB",S,Highland,196408,851981,TRUE,FALSE,FALSE,FALSE,TRUE,TRUE
984,Fuar Tholl,907,242,"Ma,C,Sim,HHB",S,Highland,197544,848946,FALSE,FALSE,FALSE,FALSE,TRUE,TRUE
985,Raeburn's Buttress [Sgorr Ruadh East Top],903.4,35,"Sim,HHB",S,Highland,196378,850687,FALSE,FALSE,FALSE,FALSE,FALSE,TRUE
986,Beinn Damh,902.4,517,"Ma,C,Sim,HHB",S,Highland,189261,850199,FALSE,FALSE,FALSE,FALSE,TRUE,TRUE
987,Beinn Bhan,895.7,851,"Ma,C,Sim,HHB",S,Highland,180360,845039,FALSE,FALSE,FALSE,FALSE,TRUE,TRUE
988,An Ruadh-Stac,890.4,327,"Ma,C,Sim,HHB",S,Highland,192148,848060,FALSE,FALSE,FALSE,FALSE,TRUE,TRUE
989,Sgorr nan Lochan Uaine,871,206,"Ma,C,Sim,HHB",S,Highland,196909,853149,FALSE,FALSE,FALSE,FALSE,TRUE,TRUE
990,Sgurr a' Chaorachain,792,209,"Ma,C,Sim",S,Highland,179660,841753,FALSE,FALSE,FALSE,FALSE,TRUE,TRUE
991,Sgurr Dubh,782,215,"Ma,C,Sim",S,Highland,197909,855790,FALSE,FALSE,FALSE,FALSE,TRUE,TRUE
992,Beinn na h-Eaglaise,735.1,305.4,"Ma,G,Sim",S,Highland,190871,852361,FALSE,FALSE,FALSE,FALSE,TRUE,TRUE
993,Sgurr a' Gharaidh,732.3,333,"Ma,G,Sim",S,Highland,188409,844370,FALSE,FALSE,FALSE,FALSE,TRUE,TRUE
994,Carn Breac,677.8,392,"Ma,G,Sim",S,Highland,204636,853103,FALSE,FALSE,FALSE,FALSE,TRUE,TRUE
995,Beinn a' Chlachain [Meall an Doireachain],625.8,373,"Ma,G,Sim",S,Highland,172415,849050,FALSE,FALSE,FALSE,FALSE,TRUE,TRUE
996,Beinn na Feusaige,626.8,227.9,"Ma,G,Sim",S,Highland,209007,854241,FALSE,FALSE,FALSE,FALSE,TRUE,TRUE
997,Ben Shieldaig,534,403,"Ma,5,HF",S,Highland,183360,852405,FALSE,FALSE,FALSE,FALSE,TRUE,FALSE
998,An Staonach,516,229,"Ma,5,HF",S,Highland,182999,848095,FALSE,FALSE,FALSE,FALSE,TRUE,FALSE
999,Bidein Clann Raonaild,466,230,"Ma,4",S,Highland,205373,859196,FALSE,FALSE,FALSE,FALSE,TRUE,FALSE
1000,Seana Mheallan,437,242,"Ma,4",S,Highland,192881,855120,FALSE,FALSE,FALSE,FALSE,TRUE,FALSE
1001,Bad a' Chreamha,395,256,"Ma,3",S,Highland,185766,836646,FALSE,FALSE,FALSE,FALSE,TRUE,FALSE
1002,An Sgurr,391,202,"Ma,3",S,Highland,185701,838743,FALSE,FALSE,FALSE,FALSE,TRUE,FALSE
1003,An Teallach - Bidein a' Ghlas Thuill,1062.6,757,"Ma,M,Sim,HHB",S,Highland,206896,884367,TRUE,FALSE,FALSE,FALSE,TRUE,TRUE
1004,An Teallach - Sgurr Fiona,1058.7,141.7,"Hu,M,Sim,HHB,sMa",S,Highland,206406,883679,TRUE,FALSE,FALSE,FALSE,FALSE,TRUE
1005,Corrag Bhuidhe,1047.2,40.5,"MT,Sim,HHB",S,Highland,206481,883425,FALSE,FALSE,FALSE,FALSE,FALSE,TRUE
1007,Mullach Coire Mhic Fhearchair,1015.2,591,"Ma,M,Sim,HHB",S,Highland,205205,873508,TRUE,FALSE,FALSE,FALSE,TRUE,TRUE
1008,Sgurr Creag an Eich,1016.4,97.1,"MT,Sim,HHB,sHu",S,Highland,205555,883829,FALSE,FALSE,FALSE,FALSE,FALSE,TRUE
1009,Sgurr Ban,989,165,"Ma,M,Sim,HHB",S,Highland,205581,874554,TRUE,FALSE,FALSE,FALSE,TRUE,TRUE
1010,Slioch,981,626,"Ma,M,Sim,HHB",S,Highland,200467,869073,TRUE,FALSE,FALSE,FALSE,TRUE,TRUE
1013,Glas Mheall Mor,979.5,102.7,"Hu,MT,Sim,HHB",S,Highland,207624,885380,FALSE,FALSE,FALSE,FALSE,FALSE,TRUE
1014,A' Mhaighdean,965.8,443,"Ma,M,Sim,HHB",S,Highland,200775,874913,TRUE,FALSE,FALSE,FALSE,TRUE,TRUE
1015,Stob Cadha Gobhlach,958.5,126.2,"Hu,MT,Sim,HHB",S,Highland,206874,882590,FALSE,FALSE,FALSE,FALSE,FALSE,TRUE
1016,Glas Mheall Liath,960.5,32.4,"MT,Sim,HHB",S,Highland,207771,884102,FALSE,FALSE,FALSE,FALSE,FALSE,TRUE
1017,Sail Liath,952.4,55.4,"MT,Sim,HHB",S,Highland,207165,882494,FALSE,FALSE,FALSE,FALSE,FALSE,TRUE
1019,Beinn Tarsuinn,933.8,207.1,"Ma,M,Sim,HHB",S,Highland,203961,872794,TRUE,FALSE,FALSE,FALSE,TRUE,TRUE
1020,Sgurr an Tuill Bhain,934,56,"MT,Sim,HHB",S,Highland,201856,868876,FALSE,FALSE,FALSE,FALSE,FALSE,TRUE
1022,Sgurr Dubh,915.4,48.7,"MT,Sim,HHB",S,Highland,206051,872925,FALSE,FALSE,FALSE,FALSE,FALSE,TRUE
1023,Ruadh Stac Mor,918.7,169.8,"Ma,M,Sim,HHB,xC",S,Highland,201853,875655,TRUE,FALSE,FALSE,FALSE,TRUE,TRUE
1024,Beinn a' Chlaidheimh,913.96,268,"Ma,C,Sim,HHB,xMT",S,Highland,206135,877581,FALSE,FALSE,FALSE,FALSE,TRUE,TRUE
1025,Beinn Dearg Mor,906.28,564,"Ma,C,Sim,HHB",S,Highland,203217,879939,FALSE,FALSE,FALSE,FALSE,TRUE,TRUE
1026,Beinn Lair,859,455,"Ma,C,Sim,HHB",S,Highland,198158,873279,FALSE,FALSE,FALSE,FALSE,TRUE,TRUE
1027,Beinn a' Chaisgein Mor,856,345,"Ma,C,Sim,HHB",S,Highland,198251,878553,FALSE,FALSE,FALSE,FALSE,TRUE,TRUE
1028,Beinn Dearg Bheag,820,225,"Ma,C,Sim",S,Highland,201995,881135,FALSE,FALSE,FALSE,FALSE,TRUE,TRUE
1029,Creag Rainich,807.9,452,"Ma,C,Sim",S,Highland,209600,875156,FALSE,FALSE,FALSE,FALSE,TRUE,TRUE
1030,Beinn Airigh Charr,791.7,474,"Ma,C,Sim",S,Highland,193030,876186,FALSE,FALSE,FALSE,FALSE,TRUE,TRUE
1031,Sail Mhor,767,322,"Ma,C,Sim",S,Highland,203296,888706,FALSE,FALSE,FALSE,FALSE,TRUE,TRUE
1032,Meall Mheinnidh,721.8,233.1,"Ma,G,Sim",S,Highland,195495,874845,FALSE,FALSE,FALSE,FALSE,TRUE,TRUE
1033,Beinn a' Mhuinidh,689.9,381,"Ma,G,Sim",S,Highland,203208,866048,FALSE,FALSE,FALSE,FALSE,TRUE,TRUE
1034,Beinn a' Chaisgein Beag,682.3,173.8,"Ma,G,Sim",S,Highland,196600,882142,FALSE,FALSE,FALSE,FALSE,TRUE,TRUE
1035,Beinn Ghobhlach,634.9,400.7,"Ma,G,Sim",S,Highland,205554,894342,FALSE,FALSE,FALSE,FALSE,TRUE,TRUE
1036,Beinn nam Ban,580,243,"Ma,5,HF",S,Highland,210895,890828,FALSE,FALSE,FALSE,FALSE,TRUE,FALSE
1037,Cnoc a' Bhaid-rallaich,543.3,164.7,"Ma,5,HF",S,Highland,206602,893042,FALSE,FALSE,FALSE,FALSE,TRUE,FALSE
1038,Meall Glac Tigh-fail,521,178,"Ma,5,HF",S,Highland,216129,882783,FALSE,FALSE,FALSE,FALSE,TRUE,FALSE
1040,Sgurr Mor,1108.9,914,"Ma,M,Sim,HHB,CoH",S,Highland,220323,871818,TRUE,FALSE,FALSE,FALSE,TRUE,TRUE
1041,Sgurr nan Clach Geala,1093,229,"Ma,M,Sim,HHB",S,Highland,218428,871473,TRUE,FALSE,FALSE,FALSE,TRUE,TRUE
1042,Sgurr Breac,999.6,450.8,"Ma,M,Sim,HHB",S,Highland,215840,871107,TRUE,FALSE,FALSE,FALSE,TRUE,TRUE
1043,A' Chailleach,998.6,182.9,"Ma,M,Sim,HHB",S,Highland,213621,871413,TRUE,FALSE,FALSE,FALSE,TRUE,TRUE
1045,Carn na Criche,961.7,70.7,"MT,Sim,HHB",S,Highland,219619,872534,FALSE,FALSE,FALSE,FALSE,FALSE,TRUE
1046,Beinn Liath Mhor Fannaich,954.2,107,"Hu,M,Sim,HHB",S,Highland,221960,872410,TRUE,FALSE,FALSE,FALSE,FALSE,TRUE
1047,Meall Gorm,949.7,112.3,"Hu,M,Sim,HHB",S,Highland,222192,869584,TRUE,FALSE,FALSE,FALSE,FALSE,TRUE
1048,Toman Coinnich [Toman Coinich],936.6,73.4,"MT,Sim,HHB",S,Highland,214874,871381,FALSE,FALSE,FALSE,FALSE,FALSE,TRUE
1049,Meall a' Chrasgaidh,934,115,"Hu,M,Sim,HHB",S,Highland,218482,873320,TRUE,FALSE,FALSE,FALSE,FALSE,TRUE
1050,Fionn Bheinn,933,658,"Ma,M,Sim,HHB",S,Highland,214750,862149,TRUE,FALSE,FALSE,FALSE,TRUE,TRUE
1051,Sgurr nan Each,923,109,"Hu,M,Sim,HHB",S,Highland,218465,869770,TRUE,FALSE,FALSE,FALSE,FALSE,TRUE
1052,An Coileachan,924,148.3,"Hu,M,Sim,HHB,sMa",S,Highland,224172,868024,TRUE,FALSE,FALSE,FALSE,FALSE,TRUE
1054,Beinn Liath Mhor a' Ghiubhais Li [Beinn Liath Mhor a' Ghiuthais],766,281,"Ma,C,Sim",S,Highland,228083,871315,FALSE,FALSE,FALSE,FALSE,TRUE,TRUE
1055,Groban,749,306,"Ma,G,Sim",S,Highland,209983,870888,FALSE,FALSE,FALSE,FALSE,TRUE,TRUE
1056,Beinn nan Ramh,711,386,"Ma,G,Sim",S,Highland,213961,866156,FALSE,FALSE,FALSE,FALSE,TRUE,TRUE
1057,Meall a' Chaorainn,705,189,"Ma,G,Sim",S,Highland,213601,860408,FALSE,FALSE,FALSE,FALSE,TRUE,TRUE
1058,Meallan Chuaich,697.9,146.5,"Hu,Sim,sMa",S,Highland,211544,869802,FALSE,FALSE,FALSE,FALSE,FALSE,TRUE
1059,Beinn Bheag,668.4,198.5,"Ma,G,Sim",S,Highland,208516,871400,FALSE,FALSE,FALSE,FALSE,TRUE,TRUE
1060,An Cabar,558.3,250,"Ma,5,HF",S,Highland,225732,864114,FALSE,FALSE,FALSE,FALSE,TRUE,FALSE
1061,Carn na Dubh Choille,480,159,"Ma,4",S,Highland,238703,867348,FALSE,FALSE,FALSE,FALSE,TRUE,FALSE
1062,Beinn Dearg,1084,810,"Ma,M,Sim,HHB",S,Highland,225933,881183,TRUE,FALSE,FALSE,FALSE,TRUE,TRUE
1063,Cona' Mheall,977.8,164.8,"Ma,M,Sim,HHB",S,Highland,227509,881642,TRUE,FALSE,FALSE,FALSE,TRUE,TRUE
1064,Meall nan Ceapraichean,976.8,126.6,"Hu,M,Sim,HHB",S,Highland,225727,882548,TRUE,FALSE,FALSE,FALSE,FALSE,TRUE
1066,Am Faochagach,953,367,"Ma,M,Sim,HHB",S,Highland,230362,879372,TRUE,FALSE,FALSE,FALSE,TRUE,TRUE
1068,Eididh nan Clach Geala,927,166,"Ma,M,Sim,HHB",S,Highland,225787,884215,TRUE,FALSE,FALSE,FALSE,TRUE,TRUE
1069,Seana Bhraigh,926,251,"Ma,M,Sim,HHB",S,Highland,228181,887884,TRUE,FALSE,FALSE,FALSE,TRUE,TRUE
1070,Carn Gorm-loch,909,146,"Hu,Sim,HHB,sMa",S,Highland,231895,880081,FALSE,FALSE,FALSE,FALSE,FALSE,TRUE
1071,Creag an Duine [An Sgurr],905,91,"Sim,HHB,sHu",S,Highland,229687,887960,FALSE,FALSE,FALSE,FALSE,FALSE,TRUE
1072,Seana Bhraigh South Top,905,61,"Sim,HHB",S,Highland,228824,887190,FALSE,FALSE,FALSE,FALSE,FALSE,TRUE
1073,Beinn Enaiglair,890,234,"Ma,C,Sim,HHB",S,Highland,222500,880525,FALSE,FALSE,FALSE,FALSE,TRUE,TRUE
1074,Carn Ban,843.3,205,"Ma,C,Sim,HHB",S,Highland,233849,887583,FALSE,FALSE,FALSE,FALSE,TRUE,TRUE
1075,Meall Doire Faid,728.8,174.9,"Ma,G,Sim",S,Highland,222082,879211,FALSE,FALSE,FALSE,FALSE,TRUE,TRUE
1076,Carn a' Choin Deirg,701,319,"Ma,G,Sim",S,Highland,239750,892353,FALSE,FALSE,FALSE,FALSE,TRUE,TRUE
1077,Beinn Bhreac [Meall Dubh],666.3,158.8,"Ma,G,Sim",S,Highland,222574,888658,FALSE,FALSE,FALSE,FALSE,TRUE,TRUE
1078,Meall a' Chaorainn,632,157,"Ma,G,Sim",S,Highland,236005,882730,FALSE,FALSE,FALSE,FALSE,TRUE,TRUE
1079,Cnoc Damh,588,366,"Ma,5,HF",S,Highland,227039,896233,FALSE,FALSE,FALSE,FALSE,TRUE,FALSE
1080,Meall an Fhuarain,578,341,"Ma,5,HF",S,Highland,228050,902376,FALSE,FALSE,FALSE,FALSE,TRUE,FALSE
1081,Beinn Eilideach,559,187,"Ma,5,HF",S,Highland,217064,892677,FALSE,FALSE,FALSE,FALSE,TRUE,FALSE
1082,Meall Liath Choire,549,252,"Ma,5,HF",S,Highland,222688,896191,FALSE,FALSE,FALSE,FALSE,TRUE,FALSE
1083,Meall Coire an Lochain,517,182,"Ma,5,HF",S,Highland,221183,906523,FALSE,FALSE,FALSE,FALSE,TRUE,FALSE
1084,Meall Dheirgidh,506,303,"Ma,5,HF",S,Highland,247312,894351,FALSE,FALSE,FALSE,FALSE,TRUE,FALSE
1085,Breac-Bheinn,464,159,"Ma,4",S,Highland,249809,895090,FALSE,FALSE,FALSE,FALSE,TRUE,FALSE
1087,Creag Loisgte,415,177,"Ma,4",S,Highland,236762,895787,FALSE,FALSE,FALSE,FALSE,TRUE,FALSE
1088,Ben Wyvis - Glas Leathad Mor,1046,691,"Ma,M,Sim,HHB",S,Highland,246297,868379,TRUE,FALSE,FALSE,FALSE,TRUE,TRUE
1090,Tom a' Choinnich,954,87,"MT,Sim,HHB",S,Highland,246358,870032,FALSE,FALSE,FALSE,FALSE,FALSE,TRUE
1092,Glas Leathad Beag,927.8,130,"Hu,MT,Sim,HHB",S,Highland,249231,870677,FALSE,FALSE,FALSE,FALSE,FALSE,TRUE
1095,Carn Chuinneag,839,461,"Ma,C,Sim,HHB",S,Highland,248360,883334,FALSE,FALSE,FALSE,FALSE,TRUE,TRUE
1096,Beinn a' Chaisteil,787,280,"Ma,C,Sim",S,Highland,236996,880114,FALSE,FALSE,FALSE,FALSE,TRUE,TRUE
1097,Little Wyvis,763,249,"Ma,C,Sim",S,Highland,242958,864480,FALSE,FALSE,FALSE,FALSE,TRUE,TRUE
1098,Beinn nan Eun,743.1,254.7,"Ma,G,Sim",S,Highland,244814,875981,FALSE,FALSE,FALSE,FALSE,TRUE,TRUE
1099,Meall Mor,738,263,"Ma,G,Sim",S,Highland,251527,874564,FALSE,FALSE,FALSE,FALSE,TRUE,TRUE
1100,Beinn Tharsuinn,710,176,"Ma,G,Sim",S,Highland,241251,882934,FALSE,FALSE,FALSE,FALSE,TRUE,TRUE
1101,Carn Loch nan Amhaichean,697.3,205,"Ma,G,Sim",S,Highland,241126,875764,FALSE,FALSE,FALSE,FALSE,TRUE,TRUE
1102,Beinn Tharsuinn,692,353,"Ma,G,Sim",S,Highland,260639,879285,FALSE,FALSE,FALSE,FALSE,TRUE,TRUE
1103,Carn Salachaidh,648,235,"Ma,G,Sim",S,Highland,251887,887443,FALSE,FALSE,FALSE,FALSE,TRUE,TRUE
1104,Cnoc Ceislein,523,240,"Ma,5,HF",S,Highland,258914,870625,FALSE,FALSE,FALSE,FALSE,TRUE,FALSE
1105,Cnoc Corr Guinie,396,183,"Ma,3",S,Highland,267172,875479,FALSE,FALSE,FALSE,FALSE,TRUE,FALSE
1106,Cnoc an t-Sabhail,380,209,"Ma,3",S,Highland,269439,878705,FALSE,FALSE,FALSE,FALSE,TRUE,FALSE
1107,Struie,373,157,"Ma,3",S,Highland,265842,884996,FALSE,FALSE,FALSE,FALSE,TRUE,FALSE
1108,Cnoc an t-Sabhail,322,174,"Ma,3",S,Highland,272157,881715,FALSE,FALSE,FALSE,FALSE,TRUE,FALSE
1109,Cnoc Mor,269,161,"Ma,2",S,Highland,249026,856956,FALSE,FALSE,FALSE,FALSE,TRUE,FALSE
1110,Mount Eagle,256,221,"Ma,2",S,Highland,264855,859012,FALSE,FALSE,FALSE,FALSE,TRUE,FALSE
1111,Hill of Nigg,205,191,"Ma,2",S,Highland,282061,870542,FALSE,FALSE,FALSE,FALSE,TRUE,FALSE
1113,Farrmheall,521,362,"Ma,5,HF",S,Highland,230826,958790,FALSE,FALSE,FALSE,FALSE,TRUE,FALSE
1114,Creag Riabhach,485,349,"Ma,4",S,Highland,227888,963803,FALSE,FALSE,FALSE,FALSE,TRUE,FALSE
1115,An Grianan,467,154,"Ma,4",S,Highland,226467,962704,FALSE,FALSE,FALSE,FALSE,TRUE,FALSE
1116,Fashven,460,212,"Ma,4",S,Highland,231387,967513,FALSE,FALSE,FALSE,FALSE,TRUE,FALSE
1117,Beinn Dearg,423.8,150.7,"Ma,4",S,Highland,227974,965817,FALSE,FALSE,FALSE,FALSE,TRUE,FALSE
1118,Sgribhis-bheinn,371,217,"Ma,3",S,Highland,231930,971352,FALSE,FALSE,FALSE,FALSE,TRUE,FALSE
1119,An Socach,362,165,"Ma,3",S,Highland,226547,958614,FALSE,FALSE,FALSE,FALSE,TRUE,FALSE
1120,Ghlas-bheinn,333,156,"Ma,3",S,Highland,233220,961450,FALSE,FALSE,FALSE,FALSE,TRUE,FALSE
1122,Beinn Akie,288,161,"Ma,2",S,Highland,234088,965007,FALSE,FALSE,FALSE,FALSE,TRUE,FALSE
1123,Ben Hope,927,772,"Ma,M,Sim,HHB",S,Highland,247750,950151,TRUE,FALSE,FALSE,FALSE,TRUE,TRUE
1124,Foinaven [Foinne Bhein] - Ganu Mor,911.05,688,"Ma,C,Sim,HHB",S,Highland,231520,950697,FALSE,FALSE,FALSE,FALSE,TRUE,TRUE
1125,Ceann Garbh,902,63,"Sim,HHB",S,Highland,231291,951495,FALSE,FALSE,FALSE,FALSE,FALSE,TRUE
1126,Ben Hee,873,607,"Ma,C,Sim,HHB",S,Highland,242655,933942,FALSE,FALSE,FALSE,FALSE,TRUE,TRUE
1127,Meallan Liath Coire Mhic Dhughaill,800.8,349.9,"Ma,C,Sim",S,Highland,235720,939151,FALSE,FALSE,FALSE,FALSE,TRUE,TRUE
1128,Cranstackie,801,560,"Ma,C,Sim",S,Highland,235060,955604,FALSE,FALSE,FALSE,FALSE,TRUE,TRUE
1129,Arkle,787,392,"Ma,C,Sim",S,Highland,230275,946180,FALSE,FALSE,FALSE,FALSE,TRUE,TRUE
1130,Meall Horn,776.7,264,"Ma,C,Sim",S,Highland,235262,944922,FALSE,FALSE,FALSE,FALSE,TRUE,TRUE
1131,Beinn Spionnaidh,773,211,"Ma,C,Sim",S,Highland,236195,957297,FALSE,FALSE,FALSE,FALSE,TRUE,TRUE
1132,Ben Loyal - An Caisteal,764.2,609,"Ma,C,Sim",S,Highland,257811,948861,FALSE,FALSE,FALSE,FALSE,TRUE,TRUE
1133,Carn an Tionail,758.5,209,"Ma,G,Sim",S,Highland,239231,939037,FALSE,FALSE,FALSE,FALSE,TRUE,TRUE
1134,Sabhal Beag,730.4,167.5,"Ma,G,Sim",S,Highland,237304,942912,FALSE,FALSE,FALSE,FALSE,TRUE,TRUE
1135,Beinn Direach,688.9,152,"Ma,G,Sim",S,Highland,240619,938061,FALSE,FALSE,FALSE,FALSE,TRUE,TRUE
1137,Cnoc nan Cuilean,558,208,"Ma,5,HF",S,Highland,259742,946188,FALSE,FALSE,FALSE,FALSE,TRUE,FALSE
1138,Creag Dhubh Mhor,553,156,"Ma,5,HF",S,Highland,245882,933693,FALSE,FALSE,FALSE,FALSE,TRUE,FALSE
1139,Ben Hiel,535,210,"Ma,5,HF",S,Highland,259582,950051,FALSE,FALSE,FALSE,FALSE,TRUE,FALSE
1140,An Lean-charn,521,328,"Ma,5,HF",S,Highland,241979,952581,FALSE,FALSE,FALSE,FALSE,TRUE,FALSE
1141,Meall an Fhuarain,472,215,"Ma,4",S,Highland,251323,930546,FALSE,FALSE,FALSE,FALSE,TRUE,FALSE
1142,Creag Dhubh Bheag,472,203,"Ma,4",S,Highland,247484,930766,FALSE,FALSE,FALSE,FALSE,TRUE,FALSE
1143,Feinne-bheinn Mhor,465,178,"Ma,4",S,Highland,243439,946277,FALSE,FALSE,FALSE,FALSE,TRUE,FALSE
1144,Meall Meadhonach,423,196,"Ma,4",S,Highland,241001,962799,FALSE,FALSE,FALSE,FALSE,TRUE,FALSE
1145,Meadie Ridge,414,159,"Ma,4",S,Highland,249930,943804,FALSE,FALSE,FALSE,FALSE,TRUE,FALSE
1146,Ben Hutig,408,194,"Ma,4",S,Highland,253874,965259,FALSE,FALSE,FALSE,FALSE,TRUE,FALSE
1147,Cnoc an Daimh Mor,357,162,"Ma,3",S,Highland,253310,942720,FALSE,FALSE,FALSE,FALSE,TRUE,FALSE
1150,Morven,706,576,"Ma,G,Sim,CoH,CoA",S,Highland,300467,928534,FALSE,FALSE,FALSE,FALSE,TRUE,TRUE
1151,Scaraben,626,331,"Ma,G,Sim",S,Highland,306608,926840,FALSE,FALSE,FALSE,FALSE,TRUE,TRUE
1152,Ben Griam Mor,590,433,"Ma,5,HF",S,Highland,280656,938939,FALSE,FALSE,FALSE,FALSE,TRUE,FALSE
1153,Ben Griam Beg,579.8,335,"Ma,5,HF",S,Highland,283186,941177,FALSE,FALSE,FALSE,FALSE,TRUE,FALSE
1154,Creag Scalabsdale,555,200,"Ma,5,HF",S,Highland,297002,924062,FALSE,FALSE,FALSE,FALSE,TRUE,FALSE
1155,Beinn Stumanadh,527,389,"Ma,5,HF",S,Highland,264087,949901,FALSE,FALSE,FALSE,FALSE,TRUE,FALSE
1156,Smean,511,212,"Ma,5,HF",S,Highland,303260,927636,FALSE,FALSE,FALSE,FALSE,TRUE,FALSE
1157,Maiden Pap,484,169,"Ma,4",S,Highland,304832,929365,FALSE,FALSE,FALSE,FALSE,TRUE,FALSE
1158,Braigh na h-Eaglaise,423.7,185.1,"Ma,4",S,Highland,306488,922092,FALSE,FALSE,FALSE,FALSE,TRUE,FALSE
1159,Beinn Dubhain,417,223,"Ma,4",S,Highland,293682,920716,FALSE,FALSE,FALSE,FALSE,TRUE,FALSE
1160,Creag Thoraraidh,404.5,155.1,"Ma,4",S,Highland,304062,918761,FALSE,FALSE,FALSE,FALSE,TRUE,FALSE
1163,Cnoc na Maoile,401.1,152.5,"Ma,4",S,Highland,300791,921218,FALSE,FALSE,FALSE,FALSE,TRUE,FALSE
1164,Meall nan Clach Ruadha,336,171,"Ma,3",S,Highland,260515,956992,FALSE,FALSE,FALSE,FALSE,TRUE,FALSE
1165,Ben Klibreck - Meall nan Con,962.1,819,"Ma,M,Sim,HHB",S,Highland,258530,929921,TRUE,FALSE,FALSE,FALSE,TRUE,TRUE
1166,Creag Mhor,712.6,369,"Ma,G,Sim",S,Highland,269844,924016,FALSE,FALSE,FALSE,FALSE,TRUE,TRUE
1167,Ben Armine,705.3,243,"Ma,G,Sim",S,Highland,269485,927338,FALSE,FALSE,FALSE,FALSE,TRUE,TRUE
1168,Beinn Dhorain,628.3,416,"Ma,G,Sim",S,Highland,292547,915655,FALSE,FALSE,FALSE,FALSE,TRUE,TRUE
1169,Beinn Mhealaich,592,256,"Ma,5,HF",S,Highland,296095,914965,FALSE,FALSE,FALSE,FALSE,TRUE,FALSE
1170,Carn Garbh,545,167,"Ma,5,HF",S,Highland,289277,913789,FALSE,FALSE,FALSE,FALSE,TRUE,FALSE
1171,Ben Horn,520,354,"Ma,5,HF",S,Highland,280727,906348,FALSE,FALSE,FALSE,FALSE,TRUE,FALSE
1172,Beinn Lunndaidh,446,223,"Ma,4",S,Highland,279116,901990,FALSE,FALSE,FALSE,FALSE,TRUE,FALSE
1173,Cnoc an Liath-bhaid Mhoir,434,158,"Ma,4",S,Highland,275935,929138,FALSE,FALSE,FALSE,FALSE,TRUE,FALSE
1174,Creag nam Fiadh,387,173,"Ma,3",S,Highland,284109,923715,FALSE,FALSE,FALSE,FALSE,TRUE,FALSE
1175,Meall a' Chaise,372,205,"Ma,3",S,Highland,265115,911915,FALSE,FALSE,FALSE,FALSE,TRUE,FALSE
1176,Beinn Domhnaill,349.1,200,"Ma,3",S,Highland,267962,896679,FALSE,FALSE,FALSE,FALSE,TRUE,FALSE
1177,Creag a' Ghobhair,345.4,174.6,"Ma,3",S,Highland,265972,894069,FALSE,FALSE,FALSE,FALSE,TRUE,FALSE
1180,Meall Dola,323,158,"Ma,3",S,Highland,261999,906948,FALSE,FALSE,FALSE,FALSE,TRUE,FALSE
1182,Creag an Amalaidh,260.9,154,"Ma,2",S,Highland,275879,897520,FALSE,FALSE,FALSE,FALSE,TRUE,FALSE
1183,Ben More Assynt,998.9,836,"Ma,M,Sim,HHB,CoH,CoA",S,Highland,231830,920150,TRUE,FALSE,FALSE,FALSE,TRUE,TRUE
1184,Conival,987.6,102,"Hu,M,Sim,HHB",S,Highland,230330,919938,TRUE,FALSE,FALSE,FALSE,FALSE,TRUE
1186,Ben More Assynt South Top,959.3,46.8,"MT,Sim,HHB",S,Highland,232401,919289,FALSE,FALSE,FALSE,FALSE,FALSE,TRUE
1187,Breabag,815,307,"Ma,C,Sim",S,Highland,228672,915738,FALSE,FALSE,FALSE,FALSE,TRUE,TRUE
1188,Quinag - Sail Gharbh,809,550,"Ma,C,Sim",S,Highland,220937,929210,FALSE,FALSE,FALSE,FALSE,TRUE,TRUE
1189,Beinn Leoid,792,498,"Ma,C,Sim",S,Highland,232026,929488,FALSE,FALSE,FALSE,FALSE,TRUE,TRUE
1190,Quinag - Sail Ghorm [Sail Gorm],776,158,"Ma,C,Sim",S,Highland,219838,930426,FALSE,FALSE,FALSE,FALSE,TRUE,TRUE
1191,Glas Bheinn,776,159,"Ma,C,Sim",S,Highland,225485,926502,FALSE,FALSE,FALSE,FALSE,TRUE,TRUE
1192,Quinag - Spidean Coinich,764,192,"Ma,C,Sim",S,Highland,220603,927746,FALSE,FALSE,FALSE,FALSE,TRUE,TRUE
1193,Meallan a' Chuail,750.5,205,"Ma,G,Sim",S,Highland,234462,929241,FALSE,FALSE,FALSE,FALSE,TRUE,TRUE
1194,Ben Stack,721,531,"Ma,G,Sim",S,Highland,226936,942296,FALSE,FALSE,FALSE,FALSE,TRUE,TRUE
1195,Meall an Fheur Loch,613,164.8,"Ma,G,Sim",S,Highland,236194,931061,FALSE,FALSE,FALSE,FALSE,TRUE,TRUE
1197,Beinn an Eoin,545,272,"Ma,5,HF",S,Highland,238950,908277,FALSE,FALSE,FALSE,FALSE,TRUE,FALSE
1198,Maovally,511,199,"Ma,5,HF",S,Highland,237819,921209,FALSE,FALSE,FALSE,FALSE,TRUE,FALSE
1199,Ben Dreavie,512.2,240,"Ma,5,HF",S,Highland,226099,939842,FALSE,FALSE,FALSE,FALSE,TRUE,FALSE
1202,Beinn Sgeireach,476,157,"Ma,4",S,Highland,245356,911824,FALSE,FALSE,FALSE,FALSE,TRUE,FALSE
1205,Cul Mor,849.7,652,"Ma,C,Sim,HHB",S,Highland,216203,911919,FALSE,FALSE,FALSE,FALSE,TRUE,TRUE
1206,Canisp,847,689,"Ma,C,Sim,HHB",S,Highland,220289,918733,FALSE,FALSE,FALSE,FALSE,TRUE,TRUE
1207,Cul Beag,769.4,546,"Ma,C,Sim",S,Highland,214035,908835,FALSE,FALSE,FALSE,FALSE,TRUE,TRUE
1208,Ben More Coigach [Beinn Mhor na Coigich],743.4,655,"Ma,G,Sim",S,Highland,209396,904256,FALSE,FALSE,FALSE,FALSE,TRUE,TRUE
1209,Suilven,731.4,496,"Ma,G,Sim",S,Highland,215321,918360,FALSE,FALSE,FALSE,FALSE,TRUE,TRUE
1210,Sgurr an Fhidhleir,703.9,160.3,"Ma,G,Sim",S,Highland,209441,905453,FALSE,FALSE,FALSE,FALSE,TRUE,TRUE
1211,Beinn an Eoin,619,355,"Ma,G,Sim",S,Highland,210491,906438,FALSE,FALSE,FALSE,FALSE,TRUE,TRUE
1212,Stac Pollaidh,612.4,439.8,"Ma,G,Sim",S,Highland,210718,910614,FALSE,FALSE,FALSE,FALSE,TRUE,TRUE
1214,Beinn Reidh,567,172,"Ma,5,HF",S,Highland,221126,921238,FALSE,FALSE,FALSE,FALSE,TRUE,FALSE
1217,Meall an Fheadain,204,178,"Ma,2",S,Highland,199881,910962,FALSE,FALSE,FALSE,FALSE,TRUE,FALSE
1218,The Storr,718.7,671,"Ma,G,Sim",S,Highland,149537,854047,FALSE,FALSE,FALSE,FALSE,TRUE,TRUE
1219,Hartaval,669,180,"Ma,G,Sim",S,Highland,148016,855103,FALSE,FALSE,FALSE,FALSE,TRUE,TRUE
1220,Baca Ruadh,638.2,145.7,"Hu,Sim,sMa",S,Highland,147485,857558,FALSE,FALSE,FALSE,FALSE,FALSE,TRUE
1221,Ben Dearg,552,221,"Ma,5,HF",S,Highland,147836,850424,FALSE,FALSE,FALSE,FALSE,TRUE,FALSE
1222,Meall na Suiramach,543,280,"Ma,5,HF",S,Highland,144609,869523,FALSE,FALSE,FALSE,FALSE,TRUE,FALSE
1223,Healabhal Bheag,489,462,"Ma,4",S,Highland,122438,842089,FALSE,FALSE,FALSE,FALSE,TRUE,FALSE
1224,Healabhal Mhor,471,184,"Ma,4",S,Highland,121970,844525,FALSE,FALSE,FALSE,FALSE,TRUE,FALSE
1225,Bioda Buidhe,466,183,"Ma,4",S,Highland,143911,866412,FALSE,FALSE,FALSE,FALSE,TRUE,FALSE
1226,Ben Lee,444,375,"Ma,4",S,Highland,150246,833627,FALSE,FALSE,FALSE,FALSE,TRUE,FALSE
1227,Dun Caan,444,444,"Ma,4,SIB",S,Highland,157914,839495,FALSE,FALSE,FALSE,FALSE,TRUE,FALSE
1228,Roineval,439,330,"Ma,4",S,Highland,141840,835059,FALSE,FALSE,FALSE,FALSE,TRUE,FALSE
1229,Beinn na Greine,417,266,"Ma,4",S,Highland,145961,841624,FALSE,FALSE,FALSE,FALSE,TRUE,FALSE
1230,Ben Tianavaig,413,366,"Ma,4",S,Highland,151178,840986,FALSE,FALSE,FALSE,FALSE,TRUE,FALSE
1231,Beinn Bhac-ghlais,409,155,"Ma,4",S,Highland,122914,840504,FALSE,FALSE,FALSE,FALSE,TRUE,FALSE
1232,Sithean a' Bhealaich Chumhaing,393,235,"Ma,3",S,Highland,150893,846628,FALSE,FALSE,FALSE,FALSE,TRUE,FALSE
1233,Beinn Chreagach,326,220,"Ma,3",S,Highland,128906,853441,FALSE,FALSE,FALSE,FALSE,TRUE,FALSE
1234,Beinn Bhreac,329,241,"Ma,3",S,Highland,125360,853083,FALSE,FALSE,FALSE,FALSE,TRUE,FALSE
1235,Biod an Athair,314,178,"Ma,3",S,Highland,115827,854949,FALSE,FALSE,FALSE,FALSE,TRUE,FALSE
1236,Cruachan-Glen Vic Askill,295,194,"Ma,2",S,Highland,135753,846059,FALSE,FALSE,FALSE,FALSE,TRUE,FALSE
1237,Ben Geary,284,166,"Ma,2",S,Highland,125358,861476,FALSE,FALSE,FALSE,FALSE,TRUE,FALSE
1238,Beinn na h-Iolaire,254,192,"Ma,2",S,Highland,159984,850260,FALSE,FALSE,FALSE,FALSE,TRUE,FALSE
1239,Sgurr Alasdair,992,992,"Ma,M,Sim,HHB,SIB",S,Highland,145002,820783,TRUE,FALSE,FALSE,FALSE,TRUE,TRUE
1240,Sgurr Dearg - Inaccessible Pinnacle,985.8,187.6,"Ma,M,Sim,HHB",S,Highland,144404,821565,TRUE,FALSE,FALSE,FALSE,TRUE,TRUE
1243,Sgurr a' Ghreadaidh,972.1,123,"Hu,M,Sim,HHB",S,Highland,144525,823126,TRUE,FALSE,FALSE,FALSE,FALSE,TRUE
1245,Sgurr na Banachdich [Sgurr na Banachdaich],965,114,"Hu,M,Sim,HHB",S,Highland,144046,822448,TRUE,FALSE,FALSE,FALSE,FALSE,TRUE
1246,Sgurr nan Gillean,966.1,205,"Ma,M,Sim,HHB",S,Highland,147157,825296,TRUE,FALSE,FALSE,FALSE,TRUE,TRUE
1247,Bruach na Frithe,958.8,126,"Hu,M,Sim,HHB",S,Highland,146084,825200,TRUE,FALSE,FALSE,FALSE,FALSE,TRUE
1248,Sgurr Mhic Choinnich,948.1,56,"M,Sim,HHB",S,Highland,145021,821046,TRUE,FALSE,FALSE,FALSE,FALSE,TRUE
1250,Sgurr Dubh Mor,944.1,89,"M,Sim,HHB",S,Highland,145760,820544,TRUE,FALSE,FALSE,FALSE,FALSE,TRUE
1252,Sgurr Dubh an Da Bheinn,938.6,54.8,"MT,Sim,HHB",S,Highland,145520,820461,FALSE,FALSE,FALSE,FALSE,FALSE,TRUE
1253,Sgurr a' Fionn Choire,936,31.7,"MT,Sim,HHB",S,Highland,146429,825207,FALSE,FALSE,FALSE,FALSE,FALSE,TRUE
1254,Am Basteir,934,49,"M,Sim,HHB",S,Highland,146564,825302,TRUE,FALSE,FALSE,FALSE,FALSE,TRUE
1255,Blabheinn [Bla Bheinn],928.8,859,"Ma,M,Sim,HHB",S,Highland,152990,821743,TRUE,FALSE,FALSE,FALSE,TRUE,TRUE
1256,Sgurr Thormaid,926,38,"MT,Sim,HHB",S,Highland,144099,822633,FALSE,FALSE,FALSE,FALSE,FALSE,TRUE
1258,Sgurr nan Eag,926.3,130.3,"Hu,M,Sim,HHB",S,Highland,145705,819536,TRUE,FALSE,FALSE,FALSE,FALSE,TRUE
1259,Sgurr a' Mhadaidh,918,72.9,"M,Sim,HHB",S,Highland,144699,823512,TRUE,FALSE,FALSE,FALSE,FALSE,TRUE
1261,Knight's Peak,914.24,38,"Sim,HHB,xMT",S,Highland,147180,825426,FALSE,FALSE,FALSE,FALSE,FALSE,TRUE
1262,Garbh-bheinn,808.3,181,"Ma,C,Sim,HHB",S,Highland,153125,823246,FALSE,FALSE,FALSE,FALSE,TRUE,TRUE
1263,Glamaig - Sgurr Mhairi,775,485,"Ma,C,Sim,HHB",S,Highland,151361,830006,FALSE,FALSE,FALSE,FALSE,TRUE,TRUE
1264,Marsco,737.2,414,"Ma,G,Sim",S,Highland,150761,825183,FALSE,FALSE,FALSE,FALSE,TRUE,TRUE
1265,Beinn Dearg Mhor,733.5,319,"Ma,G,Sim",S,Highland,152030,828494,FALSE,FALSE,FALSE,FALSE,TRUE,TRUE
1266,Belig,701.6,246.5,"Ma,G,Sim",S,Highland,154395,824051,FALSE,FALSE,FALSE,FALSE,TRUE,TRUE
1267,Beinn Dearg Mheadhonach,653.1,141.2,"Hu,Sim",S,Highland,151519,827112,FALSE,FALSE,FALSE,FALSE,FALSE,TRUE
1268,Glas Bheinn Mhor,569,188,"Ma,5,HF",S,Highland,155387,825763,FALSE,FALSE,FALSE,FALSE,TRUE,FALSE
1269,Sgurr na Stri,495,226,"Ma,4",S,Highland,150070,819269,FALSE,FALSE,FALSE,FALSE,TRUE,FALSE
1270,Ruadh Stac,493,156,"Ma,4",S,Highland,151489,823280,FALSE,FALSE,FALSE,FALSE,TRUE,FALSE
1271,Beinn a' Bhraghad,461,276,"Ma,4",S,Highland,140971,825420,FALSE,FALSE,FALSE,FALSE,TRUE,FALSE
1272,Beinn Bhreac,448,293,"Ma,4",S,Highland,134571,826954,FALSE,FALSE,FALSE,FALSE,TRUE,FALSE
1273,An Cruachan,435,223,"Ma,4",S,Highland,138172,822515,FALSE,FALSE,FALSE,FALSE,TRUE,FALSE
1274,Biod Mor,384,192,"Ma,3",S,Highland,137061,827396,FALSE,FALSE,FALSE,FALSE,TRUE,FALSE
1275,Arnaval,369,193,"Ma,3",S,Highland,134530,831671,FALSE,FALSE,FALSE,FALSE,TRUE,FALSE
1276,Ben Meabost,345.6,232,"Ma,3",S,Highland,153656,815954,FALSE,FALSE,FALSE,FALSE,TRUE,FALSE
1277,Meall a' Mhaoil,284,155,"Ma,2",S,Highland,155384,830777,FALSE,FALSE,FALSE,FALSE,TRUE,FALSE
1279,Sgurr na Coinnich,739.1,714,"Ma,G,Sim",S,Highland,176247,822264,FALSE,FALSE,FALSE,FALSE,TRUE,TRUE
1280,Beinn na Caillich,732.1,696,"Ma,G,Sim",S,Highland,160136,823295,FALSE,FALSE,FALSE,FALSE,TRUE,TRUE
1281,Beinn na Caillich,731.4,153.3,"Ma,G,Sim",S,Highland,177042,822974,FALSE,FALSE,FALSE,FALSE,TRUE,TRUE
1282,Beinn Dearg Mhor,709.3,153.5,"Ma,G,Sim",S,Highland,158773,822853,FALSE,FALSE,FALSE,FALSE,TRUE,TRUE
1283,Ben Aslak,609,329,"Ma,Sim,G",S,Highland,175075,819132,FALSE,FALSE,FALSE,FALSE,TRUE,TRUE
1284,Beinn na Cro [Ben na Cro],572,384,"Ma,5,HF",S,Highland,156930,824194,FALSE,FALSE,FALSE,FALSE,TRUE,FALSE
1285,Beinn na Seamraig,561,167,"Ma,5,HF",S,Highland,172898,817786,FALSE,FALSE,FALSE,FALSE,TRUE,FALSE
1286,Mullach na Carn,396,396,"Ma,3,SIB",S,Highland,160578,829238,FALSE,FALSE,FALSE,FALSE,TRUE,FALSE
1287,Beinn nan Carn,301,248,"Ma,3",S,Highland,163603,818091,FALSE,FALSE,FALSE,FALSE,TRUE,FALSE
1288,Sgorach Breac,299,276,"Ma,2",S,Highland,165168,813206,FALSE,FALSE,FALSE,FALSE,TRUE,FALSE
1289,Sgurr na h-Iolaire,292,179,"Ma,2",S,Highland,161711,809062,FALSE,FALSE,FALSE,FALSE,TRUE,FALSE
1290,Sgurr nan Caorach,281.2,216,"Ma,2",S,Highland,159372,803011,FALSE,FALSE,FALSE,FALSE,TRUE,FALSE
1292,Askival,812,812,"Ma,C,Sim,HHB,SIB",S,Highland,139310,795223,FALSE,FALSE,FALSE,FALSE,TRUE,TRUE
1293,Ainshval,781,326,"Ma,C,Sim,HHB",S,Highland,137841,794333,FALSE,FALSE,FALSE,FALSE,TRUE,TRUE
1294,Trollabhal [Trollaval] [Trallval],702,189,"Ma,G,Sim",S,Highland,137738,795206,FALSE,FALSE,FALSE,FALSE,TRUE,TRUE
1295,Orval,571,406,"Ma,5,HF",S,Highland,133364,799112,FALSE,FALSE,FALSE,FALSE,TRUE,FALSE
1296,An Sgurr,394,394,"Ma,3,SIB",S,Highland,146316,784711,FALSE,FALSE,FALSE,FALSE,TRUE,FALSE
1297,Sgorr an Fharaidh,340,264,"Ma,3",S,Highland,148536,789308,FALSE,FALSE,FALSE,FALSE,TRUE,FALSE
1298,Mullach Mor,304,219,"Ma,3",S,Highland,138663,801513,FALSE,FALSE,FALSE,FALSE,TRUE,FALSE
1300,Carn a' Ghaill,211,211,"Ma,2,SIB",S,Highland,126376,806454,FALSE,FALSE,FALSE,FALSE,TRUE,FALSE
1301,Ben More,966,966,"Ma,M,Sim,HHB,SIB",S,Argyll and Bute,152577,733078,TRUE,FALSE,FALSE,FALSE,TRUE,TRUE
1302,Dun da Ghaoithe,766,659,"Ma,C,Sim",S,Argyll and Bute,167247,736218,FALSE,FALSE,FALSE,FALSE,TRUE,TRUE
1303,Beinn Talaidh,761.6,430,"Ma,G,Sim,xC",S,Argyll and Bute,162543,734709,FALSE,FALSE,FALSE,FALSE,TRUE,TRUE
1304,Sgurr Dearg,741,246,"Ma,G,Sim",S,Argyll and Bute,166546,733990,FALSE,FALSE,FALSE,FALSE,TRUE,TRUE
1305,Ben Buie,718.1,515,"Ma,G,Sim",S,Argyll and Bute,160413,727077,FALSE,FALSE,FALSE,FALSE,TRUE,TRUE
1306,Corra-bheinn,704.8,317,"Ma,G,Sim",S,Argyll and Bute,157330,732186,FALSE,FALSE,FALSE,FALSE,TRUE,TRUE
1307,Cruachan Dearg,704,130.2,"Hu,Sim",S,Argyll and Bute,156841,733201,FALSE,FALSE,FALSE,FALSE,FALSE,TRUE
1308,Beinn Fhada,702,174,"Ma,G,Sim",S,Argyll and Bute,154013,734907,FALSE,FALSE,FALSE,FALSE,TRUE,TRUE
1309,Creach-Beinn [Creach Beinn],698.7,552,"Ma,G,Sim",S,Argyll and Bute,164262,727619,FALSE,FALSE,FALSE,FALSE,TRUE,TRUE
1310,Cruach Choireadail,618,194,"Ma,G,Sim",S,Argyll and Bute,159471,730482,FALSE,FALSE,FALSE,FALSE,TRUE,TRUE
1311,Beinn a' Ghraig,591,186,"Ma,5,HF",S,Argyll and Bute,154163,737272,FALSE,FALSE,FALSE,FALSE,TRUE,FALSE
1312,Coirc Bheinn,561,188,"Ma,5,HF",S,Argyll and Bute,148748,732677,FALSE,FALSE,FALSE,FALSE,TRUE,FALSE
1313,Beinn na Sreine,521,376,"Ma,5,HF",S,Argyll and Bute,145638,730405,FALSE,FALSE,FALSE,FALSE,TRUE,FALSE
1314,Beinn na Croise,503,250,"Ma,5,HF",S,Argyll and Bute,155973,725108,FALSE,FALSE,FALSE,FALSE,TRUE,FALSE
1316,Beinn na Duatharach,456,305,"Ma,4",S,Argyll and Bute,160465,736341,FALSE,FALSE,FALSE,FALSE,TRUE,FALSE
1317,Speinne Mor,446,410,"Ma,4",S,Argyll and Bute,149934,749785,FALSE,FALSE,FALSE,FALSE,TRUE,FALSE
1318,Beinn na Drise,424,347,"Ma,4",S,Argyll and Bute,147512,742719,FALSE,FALSE,FALSE,FALSE,TRUE,FALSE
1319,Beinn Bhuidhe,413,314,"Ma,4",S,Argyll and Bute,159012,739955,FALSE,FALSE,FALSE,FALSE,TRUE,FALSE
1320,Druim Fada,405,390,"Ma,4",S,Argyll and Bute,164693,722564,FALSE,FALSE,FALSE,FALSE,TRUE,FALSE
1321,Beinn Chreagach,378.5,194,"Ma,3",S,Argyll and Bute,151985,721698,FALSE,FALSE,FALSE,FALSE,TRUE,FALSE
1322,Cruachan Min,376,261,"Ma,3",S,Argyll and Bute,144573,721722,FALSE,FALSE,FALSE,FALSE,TRUE,FALSE
1325,Maol Ban,338.3,152.1,"Ma,3",S,Argyll and Bute,168378,723882,FALSE,FALSE,FALSE,FALSE,TRUE,FALSE
1326,Creachan Mor,331,165,"Ma,3",S,Argyll and Bute,149614,719574,FALSE,FALSE,FALSE,FALSE,TRUE,FALSE
1327,Beinn Chreagach,313,313,"Ma,3,SIB",S,Argyll and Bute,140343,740206,FALSE,FALSE,FALSE,FALSE,TRUE,FALSE
1328,'S Airde Beinn,295,153,"Ma,2",S,Argyll and Bute,147088,753664,FALSE,FALSE,FALSE,FALSE,TRUE,FALSE
1329,Tom nam Fitheach,275.5,181,"Ma,2",S,Argyll and Bute,146927,748446,FALSE,FALSE,FALSE,FALSE,TRUE,FALSE
1330,Carn Ban,248,233,"Ma,2",S,Argyll and Bute,172148,728921,FALSE,FALSE,FALSE,FALSE,TRUE,FALSE
1331,Gometra,155,155,"Ma,1,SIB",S,Argyll and Bute,136117,741409,FALSE,FALSE,FALSE,FALSE,TRUE,FALSE
1333,Beinn Odhar Bheag,883.3,775,"Ma,C,Sim,HHB",S,Highland,184654,777871,FALSE,FALSE,FALSE,FALSE,TRUE,TRUE
1334,Rois-Bheinn,882.4,524,"Ma,C,Sim,HHB",S,Highland,175604,777838,FALSE,FALSE,FALSE,FALSE,TRUE,TRUE
1335,Sgurr na Ba Glaise,874.1,172.9,"Ma,C,Sim,HHB",S,Highland,177037,777740,FALSE,FALSE,FALSE,FALSE,TRUE,TRUE
1336,An Stac,814,255,"Ma,C,Sim",S,Highland,176310,779289,FALSE,FALSE,FALSE,FALSE,TRUE,TRUE
1337,Beinn Mhic Cedidh,783,296,"Ma,C,Sim",S,Highland,182830,778819,FALSE,FALSE,FALSE,FALSE,TRUE,TRUE
1338,Sgurr Dhomhuill Mor,713.7,145,"Hu,Sim,sMa",S,Highland,174037,775923,FALSE,FALSE,FALSE,FALSE,FALSE,TRUE
1339,Beinn Gaire,666.1,320,"Ma,G,Sim",S,Highland,178110,774886,FALSE,FALSE,FALSE,FALSE,TRUE,TRUE
1340,Croit Bheinn,664.5,227.5,"Ma,G,Sim",S,Highland,181087,777322,FALSE,FALSE,FALSE,FALSE,TRUE,TRUE
1341,Ben Hiant,528,463,"Ma,5,HF",S,Highland,153763,763265,FALSE,FALSE,FALSE,FALSE,TRUE,FALSE
1342,Ben Laga,512,356,"Ma,5,HF",S,Highland,164553,762108,FALSE,FALSE,FALSE,FALSE,TRUE,FALSE
1343,Meall nan Each,490,214,"Ma,4",S,Highland,163210,764306,FALSE,FALSE,FALSE,FALSE,TRUE,FALSE
1344,Meall nan Con,437,290,"Ma,4",S,Highland,150386,768138,FALSE,FALSE,FALSE,FALSE,TRUE,FALSE
1346,Beinn na Seilg,344,278,"Ma,3",S,Highland,145830,764187,FALSE,FALSE,FALSE,FALSE,TRUE,FALSE
1347,Beinn a' Bhaillidh,266,265,"Ma,2,SIB",S,Highland,164904,774163,FALSE,FALSE,FALSE,FALSE,TRUE,FALSE
1348,Beinn Bhreac,240,153,"Ma,2",S,Highland,168147,771525,FALSE,FALSE,FALSE,FALSE,TRUE,FALSE
1349,Sgurr Dhomhnuill,888.4,873,"Ma,C,Sim,HHB",S,Highland,188955,767888,FALSE,FALSE,FALSE,FALSE,TRUE,TRUE
1350,Garbh Bheinn,885,687,"Ma,C,Sim,HHB",S,Highland,190433,762214,FALSE,FALSE,FALSE,FALSE,TRUE,TRUE
1351,Sgurr Ghiubhsachain,849,614,"Ma,C,Sim,HHB",S,Highland,187560,775129,FALSE,FALSE,FALSE,FALSE,TRUE,TRUE
1352,Beinn Resipol,845,502,"Ma,C,Sim,HHB",S,Highland,176642,765464,FALSE,FALSE,FALSE,FALSE,TRUE,TRUE
1353,Druim Garbh,803.9,143.5,"Hu,Sim,sMa,xC",S,Highland,188189,768358,FALSE,FALSE,FALSE,FALSE,FALSE,TRUE
1354,Carn na Nathrach,786,382,"Ma,C,Sim",S,Highland,188628,769883,FALSE,FALSE,FALSE,FALSE,TRUE,TRUE
1355,Sgorr Craobh a' Chaorainn,775,187,"Ma,C,Sim",S,Highland,189553,775795,FALSE,FALSE,FALSE,FALSE,TRUE,TRUE
1356,Stob Coire a' Chearcaill,771,575,"Ma,C,Sim",S,Highland,201687,772682,FALSE,FALSE,FALSE,FALSE,TRUE,TRUE
1357,Druim Tarsuinn [Stob a' Bhealach an Sgriodain],770,259,"Ma,C,Sim",S,Highland,187465,772742,FALSE,FALSE,FALSE,FALSE,TRUE,TRUE
1358,Beinn na h-Uamha,762.4,269,"Ma,C,Sim",S,Highland,191715,766424,FALSE,FALSE,FALSE,FALSE,TRUE,TRUE
1359,Sgurr a' Chaorainn,760.6,205,"Ma,G,Sim",S,Highland,189498,766203,FALSE,FALSE,FALSE,FALSE,TRUE,TRUE
1360,Sgorr an Tarmachain,756,141,"Hu,Sim",S,Highland,183900,771400,FALSE,FALSE,FALSE,FALSE,FALSE,TRUE
1361,Beinn Bheag,737.4,202,"Ma,G,Sim",S,Highland,191458,763534,FALSE,FALSE,FALSE,FALSE,TRUE,TRUE
1362,Druim na Sgriodain,734.6,482,"Ma,G,Sim",S,Highland,197843,765613,FALSE,FALSE,FALSE,FALSE,TRUE,TRUE
1363,Meall nan Damh,723.4,344.4,"Ma,G,Sim",S,Highland,191949,774496,FALSE,FALSE,FALSE,FALSE,TRUE,TRUE
1364,Stob Mhic Bheathain,721,215,"Ma,G,Sim",S,Highland,191413,771386,FALSE,FALSE,FALSE,FALSE,TRUE,TRUE
1365,Sgurr nan Cnamh,701.8,159.5,"Ma,G,Sim",S,Highland,188679,764320,FALSE,FALSE,FALSE,FALSE,TRUE,TRUE
1366,Sgorr Mhic Eacharna,650.5,169.1,"Ma,G,Sim",S,Highland,192865,763044,FALSE,FALSE,FALSE,FALSE,TRUE,TRUE
1367,Glas Bheinn,635.3,151.4,"Ma,G,Sim",S,Highland,193950,775779,FALSE,FALSE,FALSE,FALSE,TRUE,TRUE
1368,Druim Leathad nam Fias,576,187,"Ma,5,HF",S,Highland,195594,770293,FALSE,FALSE,FALSE,FALSE,TRUE,FALSE
1369,Meall a' Bhainne,559,204,"Ma,5,HF",S,Highland,190151,778517,FALSE,FALSE,FALSE,FALSE,TRUE,FALSE
1370,Beinn Leamhain,508,331,"Ma,5,HF",S,Highland,195723,762293,FALSE,FALSE,FALSE,FALSE,TRUE,FALSE
1371,A' Bheinn Bhan,477,179,"Ma,4",S,Highland,194582,766514,FALSE,FALSE,FALSE,FALSE,TRUE,FALSE
1372,Meall an t-Slamain,467,200,"Ma,4",S,Highland,207101,773944,FALSE,FALSE,FALSE,FALSE,TRUE,FALSE
1373,Creach Bheinn,853,755,"Ma,C,Sim,HHB",S,Highland,187060,757648,FALSE,FALSE,FALSE,FALSE,TRUE,TRUE
1374,Fuar Bheinn,766,226,"Ma,C,Sim",S,Highland,185344,756343,FALSE,FALSE,FALSE,FALSE,TRUE,TRUE
1375,Beinn Mheadhoin,739,568,"Ma,G,Sim",S,Highland,179909,751447,FALSE,FALSE,FALSE,FALSE,TRUE,TRUE
1376,Beinn na Cille,652,193,"Ma,G,Sim",S,Highland,185392,754219,FALSE,FALSE,FALSE,FALSE,TRUE,TRUE
1377,Beinn nam Beathrach,582,313,"Ma,5,HF",S,Highland,175222,757263,FALSE,FALSE,FALSE,FALSE,TRUE,FALSE
1378,Sithean na Raplaich [Sidhean na Raplaich],551,523,"Ma,5,HF",S,Highland,163611,751688,FALSE,FALSE,FALSE,FALSE,TRUE,FALSE
1379,An Sleaghach,515,310,"Ma,5,HF",S,Highland,176481,743409,FALSE,FALSE,FALSE,FALSE,TRUE,FALSE
1380,Beinn Chlaonleud,479,273,"Ma,4",S,Highland,174817,754291,FALSE,FALSE,FALSE,FALSE,TRUE,FALSE
1381,Beinn na h-Uamha,465,240,"Ma,4",S,Highland,168201,753440,FALSE,FALSE,FALSE,FALSE,TRUE,FALSE
1382,Beinn a' Chaisil,437,182,"Ma,4",S,Highland,178065,747698,FALSE,FALSE,FALSE,FALSE,TRUE,FALSE
1383,Cruachan Charna,170,170,"Ma,1,SIB",S,Highland,161827,758983,FALSE,FALSE,FALSE,FALSE,TRUE,FALSE
1384,Cruach Mhor,589,383,"Ma,5,HF",S,Argyll and Bute,205721,714743,FALSE,FALSE,FALSE,FALSE,TRUE,FALSE
1385,Beinn Bhreac,526,160,"Ma,5,HF",S,Argyll and Bute,202767,710263,FALSE,FALSE,FALSE,FALSE,TRUE,FALSE
1386,Beinn Ghlas,516.4,471,"Ma,5,HF",S,Argyll and Bute,195746,725967,FALSE,FALSE,FALSE,FALSE,TRUE,FALSE
1387,Beinn Chapull,515,268,"Ma,5,HF",S,Argyll and Bute,193736,719606,FALSE,FALSE,FALSE,FALSE,TRUE,FALSE
1388,Carn Duchara,491,338,"Ma,4",S,Argyll and Bute,189275,710275,FALSE,FALSE,FALSE,FALSE,TRUE,FALSE
1390,Beinn Dubh Airigh,459,181,"Ma,4",S,Argyll and Bute,195850,703531,FALSE,FALSE,FALSE,FALSE,TRUE,FALSE
1391,Carn Dearg,437,174,"Ma,4",S,Argyll and Bute,189612,718977,FALSE,FALSE,FALSE,FALSE,TRUE,FALSE
1392,Beinn Ghlas,420,197,"Ma,4",S,Argyll and Bute,198925,699282,FALSE,FALSE,FALSE,FALSE,TRUE,FALSE
1393,Deadh Choimhead,383,283,"Ma,3",S,Argyll and Bute,194682,728650,FALSE,FALSE,FALSE,FALSE,TRUE,FALSE
1394,Cruach na Seilcheig,380,207,"Ma,3",S,Argyll and Bute,185442,711056,FALSE,FALSE,FALSE,FALSE,TRUE,FALSE
1395,A' Chruach,366,202,"Ma,3",S,Argyll and Bute,190356,721898,FALSE,FALSE,FALSE,FALSE,TRUE,FALSE
1396,Dun Leacainn,360,272,"Ma,3",S,Argyll and Bute,203354,701621,FALSE,FALSE,FALSE,FALSE,TRUE,FALSE
1398,Cruach nam Fearna,332,204,"Ma,3",S,Argyll and Bute,182320,715113,FALSE,FALSE,FALSE,FALSE,TRUE,FALSE
1399,Beinn Bhan,319,241,"Ma,3",S,Argyll and Bute,185683,699809,FALSE,FALSE,FALSE,FALSE,TRUE,FALSE
1400,Cnoc nam Broighleag,314,160,"Ma,3",S,Argyll and Bute,194008,693730,FALSE,FALSE,FALSE,FALSE,TRUE,FALSE
1401,Tom an t-Saighdeir,303,175,"Ma,3",S,Argyll and Bute,197192,715237,FALSE,FALSE,FALSE,FALSE,TRUE,FALSE
1402,Meall an Fhithich,294,169,"Ma,2",S,Argyll and Bute,205939,726752,FALSE,FALSE,FALSE,FALSE,TRUE,FALSE
1403,Cruach Lerags,252,217,"Ma,2",S,Argyll and Bute,183809,725741,FALSE,FALSE,FALSE,FALSE,TRUE,FALSE
1404,Beinn Mhor,194,162,"Ma,1",S,Argyll and Bute,179837,721587,FALSE,FALSE,FALSE,FALSE,TRUE,FALSE
1405,Carn Breugach,189,189,"Ma,1,SIB",S,Argyll and Bute,181503,727822,FALSE,FALSE,FALSE,FALSE,TRUE,FALSE
1407,Stob Odhar,562,542,"Ma,5,HF",S,Argyll and Bute,181881,674227,FALSE,FALSE,FALSE,FALSE,TRUE,FALSE
1408,Cruach Lusach,466.8,280,"Ma,4",S,Argyll and Bute,178601,683217,FALSE,FALSE,FALSE,FALSE,TRUE,FALSE
1410,Beinn an Tuirc,454,440,"Ma,4",S,Argyll and Bute,175221,636178,FALSE,FALSE,FALSE,FALSE,TRUE,FALSE
1411,Cnoc Moy,446,432,"Ma,4",S,Argyll and Bute,161149,615229,FALSE,FALSE,FALSE,FALSE,TRUE,FALSE
1412,Beinn na Lice,428,221,"Ma,4",S,Argyll and Bute,160270,608543,FALSE,FALSE,FALSE,FALSE,TRUE,FALSE
1413,Cnoc a' Bhaile-shios,422,319,"Ma,4",S,Argyll and Bute,186358,662860,FALSE,FALSE,FALSE,FALSE,TRUE,FALSE
1414,Sgreadan Hill,397,155,"Ma,3",S,Argyll and Bute,174104,629561,FALSE,FALSE,FALSE,FALSE,TRUE,FALSE
1415,The Slate,384,160,"Ma,3",S,Argyll and Bute,163379,616529,FALSE,FALSE,FALSE,FALSE,TRUE,FALSE
1416,Beinn Ghuilean,354,276,"Ma,3",S,Argyll and Bute,172931,617080,FALSE,FALSE,FALSE,FALSE,TRUE,FALSE
1417,Cnoc Reamhar,266,217,"Ma,2",S,Argyll and Bute,176640,691250,FALSE,FALSE,FALSE,FALSE,TRUE,FALSE
1419,Beinn an Lochain,901.7,640,"Ma,C,Sim,HHB,xMT",S,Argyll and Bute,221804,707894,FALSE,FALSE,FALSE,FALSE,TRUE,TRUE
1420,Ben Donich,847,558,"Ma,C,Sim,HHB",S,Argyll and Bute,221837,704308,FALSE,FALSE,FALSE,FALSE,TRUE,TRUE
1421,The Brack,787.5,403,"Ma,C,Sim",S,Argyll and Bute,224565,703062,FALSE,FALSE,FALSE,FALSE,TRUE,TRUE
1422,Beinn Bheula,779,557,"Ma,C,Sim",S,Argyll and Bute,215479,698326,FALSE,FALSE,FALSE,FALSE,TRUE,TRUE
1423,Cnoc Coinnich,763.5,273.6,"Ma,C,Sim,xG",S,Argyll and Bute,223351,700755,FALSE,FALSE,FALSE,FALSE,TRUE,TRUE
1424,Beinn Mhor,741.5,700,"Ma,G,Sim",S,Argyll and Bute,210780,690815,FALSE,FALSE,FALSE,FALSE,TRUE,TRUE
1425,Stob an Eas,732,248,"Ma,G,Sim",S,Argyll and Bute,218534,707400,FALSE,FALSE,FALSE,FALSE,TRUE,TRUE
1426,Beinn Lochain,702.9,375.4,"Ma,G,Sim",S,Argyll and Bute,216016,700627,FALSE,FALSE,FALSE,FALSE,TRUE,TRUE
1427,Beinn Ruadh,664.6,502.1,"Ma,G,Sim",S,Argyll and Bute,215569,688442,FALSE,FALSE,FALSE,FALSE,TRUE,TRUE
1428,Stob na Boine Druim-fhinn,658.4,149.6,"Hu,Sim,sMa,xG",S,Argyll and Bute,216879,702537,FALSE,FALSE,FALSE,FALSE,FALSE,TRUE
1429,Creag Tharsuinn,643,395,"Ma,G,Sim",S,Argyll and Bute,208799,691327,FALSE,FALSE,FALSE,FALSE,TRUE,TRUE
1430,Mullach Coire a' Chuir,640,142.9,"Hu,Sim",S,Argyll and Bute,217122,703423,FALSE,FALSE,FALSE,FALSE,FALSE,TRUE
1431,Beinn Bheag,619.8,302,"Ma,G,Sim",S,Argyll and Bute,212570,693160,FALSE,FALSE,FALSE,FALSE,TRUE,TRUE
1432,Cruach nan Capull,612,486,"Ma,G,Sim",S,Argyll and Bute,209581,679550,FALSE,FALSE,FALSE,FALSE,TRUE,TRUE
1433,Cruach nam Mult,611.2,282,"Ma,G,Sim",S,Argyll and Bute,216818,705640,FALSE,FALSE,FALSE,FALSE,TRUE,TRUE
1434,Cruach Neuran,607,296,"Ma,Sim,G",S,Argyll and Bute,208393,682042,FALSE,FALSE,FALSE,FALSE,TRUE,TRUE
1435,Cruach nam Miseag,607,206,"Ma,Sim,G",S,Argyll and Bute,218290,698125,FALSE,FALSE,FALSE,FALSE,TRUE,TRUE
1436,Sgorach Mor,602.2,429,"Ma,Sim,G",S,Argyll and Bute,209680,684994,FALSE,FALSE,FALSE,FALSE,TRUE,TRUE
1439,Black Craig,522,197,"Ma,5,HF",S,Argyll and Bute,211593,676059,FALSE,FALSE,FALSE,FALSE,TRUE,FALSE
1440,Coraddie [Beinn Bhreac],519,371,"Ma,5,HF",S,Argyll and Bute,205002,677866,FALSE,FALSE,FALSE,FALSE,TRUE,FALSE
1441,Cruach an Lochain,508,259,"Ma,5,HF",S,Argyll and Bute,204946,693853,FALSE,FALSE,FALSE,FALSE,TRUE,FALSE
1443,Creachan Dubh,470,177,"Ma,4",S,Argyll and Bute,201574,691066,FALSE,FALSE,FALSE,FALSE,TRUE,FALSE
1444,Beinn Lagan,465,243,"Ma,4",S,Argyll and Bute,211990,699661,FALSE,FALSE,FALSE,FALSE,TRUE,FALSE
1445,Cruach nan Caorach,458,210,"Ma,4",S,Argyll and Bute,199131,680432,FALSE,FALSE,FALSE,FALSE,TRUE,FALSE
1446,Cruach nan Cuilean,432,211,"Ma,4",S,Argyll and Bute,204344,684805,FALSE,FALSE,FALSE,FALSE,TRUE,FALSE
1447,Windy Hill,278,278,"Ma,2,SIB",S,Argyll and Bute,204353,669860,FALSE,FALSE,FALSE,FALSE,TRUE,FALSE
1449,Beinn an Oir,785,785,"Ma,C,Sim,HHB,SIB",S,Argyll and Bute,149806,674947,FALSE,FALSE,FALSE,FALSE,TRUE,TRUE
1450,Beinn Shiantaidh,757.2,303,"Ma,G,Sim",S,Argyll and Bute,151350,674777,FALSE,FALSE,FALSE,FALSE,TRUE,TRUE
1451,Beinn a' Chaolais,735.2,361.1,"Ma,G,Sim",S,Argyll and Bute,148888,673451,FALSE,FALSE,FALSE,FALSE,TRUE,TRUE
1452,Corra Bheinn,575,208,"Ma,5,HF",S,Argyll and Bute,152641,675512,FALSE,FALSE,FALSE,FALSE,TRUE,FALSE
1453,Glas Bheinn,562,279,"Ma,5,HF",S,Argyll and Bute,150031,669902,FALSE,FALSE,FALSE,FALSE,TRUE,FALSE
1454,Scrinadle,508,165,"Ma,5,HF",S,Argyll and Bute,150518,677805,FALSE,FALSE,FALSE,FALSE,TRUE,FALSE
1455,Dubh Bheinn,485,468,"Ma,4",S,Argyll and Bute,158130,688969,FALSE,FALSE,FALSE,FALSE,TRUE,FALSE
1456,Beinn Bhreac,468,163,"Ma,4",S,Argyll and Bute,159754,690811,FALSE,FALSE,FALSE,FALSE,TRUE,FALSE
1457,Cruach Scarba,450,450,"Ma,4,SIB",S,Argyll and Bute,169065,704465,FALSE,FALSE,FALSE,FALSE,TRUE,FALSE
1458,Beinn Bhreac,441,189,"Ma,4",S,Argyll and Bute,153319,677892,FALSE,FALSE,FALSE,FALSE,TRUE,FALSE
1459,Ben Garrisdale,373,218,"Ma,3",S,Argyll and Bute,164053,693834,FALSE,FALSE,FALSE,FALSE,TRUE,FALSE
1460,Cruach na Seilcheig,304,179,"Ma,3",S,Argyll and Bute,167810,698484,FALSE,FALSE,FALSE,FALSE,TRUE,FALSE
1461,Cnoc an Ime,303,189,"Ma,3",S,Argyll and Bute,159043,680171,FALSE,FALSE,FALSE,FALSE,TRUE,FALSE
1463,Beinn Bheigier,491,491,"Ma,4,SIB",S,Argyll and Bute,142991,656464,FALSE,FALSE,FALSE,FALSE,TRUE,FALSE
1464,Glas Bheinn,472,208,"Ma,4",S,Argyll and Bute,142970,659203,FALSE,FALSE,FALSE,FALSE,TRUE,FALSE
1466,Sgorr nam Faoileann,429,171,"Ma,4",S,Argyll and Bute,143295,660657,FALSE,FALSE,FALSE,FALSE,TRUE,FALSE
1467,Sgarbh Breac,364,291,"Ma,3",S,Argyll and Bute,140623,676627,FALSE,FALSE,FALSE,FALSE,TRUE,FALSE
1470,Beinn Tart a' Mhill,232,227,"Ma,2",S,Argyll and Bute,121058,656986,FALSE,FALSE,FALSE,FALSE,TRUE,FALSE
1471,Beinn Mhor,202,177,"Ma,2",S,Argyll and Bute,129473,640461,FALSE,FALSE,FALSE,FALSE,TRUE,FALSE
1472,Goatfell [Goat Fell],875,875,"Ma,C,Sim,HHB,CoH,CoA,CoU,SIB",S,North Ayrshire,199138,641541,FALSE,FALSE,FALSE,FALSE,TRUE,TRUE
1473,Caisteal Abhail,859,427,"Ma,C,Sim,HHB",S,North Ayrshire,196908,644322,FALSE,FALSE,FALSE,FALSE,TRUE,TRUE
1474,Beinn Tarsuinn,826,236.9,"Ma,C,Sim,HHB",S,North Ayrshire,195956,641203,FALSE,FALSE,FALSE,FALSE,TRUE,TRUE
1475,Cir Mhor,798.1,176.6,"Ma,C,Sim,HHB",S,North Ayrshire,197278,643109,FALSE,FALSE,FALSE,FALSE,TRUE,TRUE
1476,Beinn Bharrain - Mullach Buidhe,721.4,387,"Ma,G,Sim",S,North Ayrshire,190191,642777,FALSE,FALSE,FALSE,FALSE,TRUE,TRUE
1477,Beinn Bhreac,574.1,216,"Ma,5,HF",S,North Ayrshire,194320,645552,FALSE,FALSE,FALSE,FALSE,TRUE,FALSE
1478,Meall nan Damh,570,178,"Ma,5,HF",S,North Ayrshire,191085,646903,FALSE,FALSE,FALSE,FALSE,TRUE,FALSE
1480,A' Chruach,512.5,279,"Ma,5,HF",S,North Ayrshire,196970,633551,FALSE,FALSE,FALSE,FALSE,TRUE,FALSE
1482,Sail Chalmadale,479.7,150.5,"Ma,4",S,North Ayrshire,191428,640103,FALSE,FALSE,FALSE,FALSE,TRUE,FALSE
1483,Tighvein,458.2,183,"Ma,4",S,North Ayrshire,199778,627415,FALSE,FALSE,FALSE,FALSE,TRUE,FALSE
1484,Creag Ghlas Laggan [Fionn Bhealach],444,241,"Ma,4",S,North Ayrshire,197716,649735,FALSE,FALSE,FALSE,FALSE,TRUE,FALSE
1485,Mullach Mor,314,314,"Ma,3,SIB",S,North Ayrshire,206312,629746,FALSE,FALSE,FALSE,FALSE,TRUE,FALSE
1488,Morven,872,387,"Ma,C,Sim,HHB",S,Aberdeenshire,337681,803996,FALSE,FALSE,FALSE,FALSE,TRUE,TRUE
1489,Ben Rinnes,841,513,"Ma,C,Sim,HHB",S,Moray,325499,835448,FALSE,FALSE,FALSE,FALSE,TRUE,TRUE
1490,Carn Mor,804,349,"Ma,C,Sim",S,Aberdeenshire/Moray,326576,818346,FALSE,FALSE,FALSE,FALSE,TRUE,TRUE
1491,Corryhabbie Hill,781.3,280.3,"Ma,C,Sim",S,Moray,328093,828869,FALSE,FALSE,FALSE,FALSE,TRUE,TRUE
1492,Cook's Cairn,755.9,212.9,"Ma,G,Sim,xC",S,Moray,330228,827835,FALSE,FALSE,FALSE,FALSE,TRUE,TRUE
1493,Mona Gowan,749,194,"Ma,G,Sim",S,Aberdeenshire,333594,805832,FALSE,FALSE,FALSE,FALSE,TRUE,TRUE
1494,Creagan a' Chaise,722.1,330,"Ma,G,Sim",S,Moray,310420,824150,FALSE,FALSE,FALSE,FALSE,TRUE,TRUE
1495,The Buck,721.7,257.2,"Ma,G,Sim",S,Aberdeenshire/Moray,341219,823396,FALSE,FALSE,FALSE,FALSE,TRUE,TRUE
1496,Carn a' Ghille Chearr,710.2,179,"Ma,G,Sim,CoH,CoA",S,Highland/Moray,313964,829857,FALSE,FALSE,FALSE,FALSE,TRUE,TRUE
1497,Ladylea Hill,609.1,200.7,"Ma,Sim,G",S,Aberdeenshire,334303,816802,FALSE,FALSE,FALSE,FALSE,TRUE,TRUE
1498,Meikle Conval,571,246,"Ma,5,HF",S,Moray,329113,837124,FALSE,FALSE,FALSE,FALSE,TRUE,FALSE
1499,Carn Daimh,570,194,"Ma,5,HF",S,Moray,318153,824973,FALSE,FALSE,FALSE,FALSE,TRUE,FALSE
1500,Ben Newe,566,181,"Ma,5,HF",S,Aberdeenshire,338175,814311,FALSE,FALSE,FALSE,FALSE,TRUE,FALSE
1501,Tap o' Noth,564.3,248,"Ma,5,HF",S,Aberdeenshire,348408,829331,FALSE,FALSE,FALSE,FALSE,TRUE,FALSE
1502,Little Conval,553,165,"Ma,5,HF",S,Moray,329417,839252,FALSE,FALSE,FALSE,FALSE,TRUE,FALSE
1503,The Bochel,491.2,154.9,"Ma,4",S,Moray,323251,823258,FALSE,FALSE,FALSE,FALSE,TRUE,FALSE
1504,Ben Aigan,471,289,"Ma,4",S,Moray,330971,848152,FALSE,FALSE,FALSE,FALSE,TRUE,FALSE
1506,Knock Hill,430,303,"Ma,4",S,Aberdeenshire/Moray,353709,855155,FALSE,FALSE,FALSE,FALSE,TRUE,FALSE
1508,Craigendarroch,401.6,158.9,"Ma,4",S,Aberdeenshire,336559,796532,FALSE,FALSE,FALSE,FALSE,TRUE,FALSE
1509,Knockan,372,179,"Ma,3",S,Moray,335101,846481,FALSE,FALSE,FALSE,FALSE,TRUE,FALSE
1510,Meikle Balloch Hill,366,193,"Ma,3",S,Aberdeenshire/Moray,347110,849516,FALSE,FALSE,FALSE,FALSE,TRUE,FALSE
1511,Fourman Hill,344,229,"Ma,3",S,Aberdeenshire,357091,845812,FALSE,FALSE,FALSE,FALSE,TRUE,FALSE
1512,Bin of Cullen,320,164,"Ma,3",S,Moray,347989,864270,FALSE,FALSE,FALSE,FALSE,TRUE,FALSE
1513,Pressendye,619.1,254,"Ma,G,Sim",S,Aberdeenshire,349044,808977,FALSE,FALSE,FALSE,FALSE,TRUE,TRUE
1514,Coiliochbhar Hill,533,211,"Ma,5,HF",S,Aberdeenshire,350357,816340,FALSE,FALSE,FALSE,FALSE,TRUE,FALSE
1515,Bennachie - Oxen Craig,529,314,"Ma,5,HF",S,Aberdeenshire,366282,822601,FALSE,FALSE,FALSE,FALSE,TRUE,FALSE
1516,Lord Arthur's Hill,518,265,"Ma,5,HF",S,Aberdeenshire,351340,819801,FALSE,FALSE,FALSE,FALSE,TRUE,FALSE
1517,Benaquhallie,494,211,"Ma,4",S,Aberdeenshire,360642,808700,FALSE,FALSE,FALSE,FALSE,TRUE,FALSE
1518,Craiglich,476,167,"Ma,4",S,Aberdeenshire,353307,805430,FALSE,FALSE,FALSE,FALSE,TRUE,FALSE
1519,Hill of Fare,471,217,"Ma,4",S,Aberdeenshire,367183,802931,FALSE,FALSE,FALSE,FALSE,TRUE,FALSE
1520,Hill of Foudland,467,286,"Ma,4",S,Aberdeenshire,360318,833234,FALSE,FALSE,FALSE,FALSE,TRUE,FALSE
1521,Cairn William,448,258,"Ma,4",S,Aberdeenshire,365619,816818,FALSE,FALSE,FALSE,FALSE,TRUE,FALSE
1522,Millstone Hill,408.8,154,"Ma,4",S,Aberdeenshire,367673,820257,FALSE,FALSE,FALSE,FALSE,TRUE,FALSE
1523,Hill of Tillymorgan,380.8,153.2,"Ma,3",S,Aberdeenshire,365237,834814,FALSE,FALSE,FALSE,FALSE,TRUE,FALSE
1524,Brimmond Hill,266,159,"Ma,2,CoU",S,Aberdeen,385613,809159,FALSE,FALSE,FALSE,FALSE,TRUE,FALSE
1525,Waughton Hill,234,181,"Ma,2",S,Aberdeenshire,396358,857246,FALSE,FALSE,FALSE,FALSE,TRUE,FALSE
1527,Ronas Hill,450,450,"Ma,4,CoH,CoA,CoU,SIB",S,Shetland Islands,430507,1183491,FALSE,FALSE,FALSE,FALSE,TRUE,FALSE
1528,Da Sneug [The Sneug],418,418,"Ma,4,SIB",S,Shetland Islands,394787,1139513,FALSE,FALSE,FALSE,FALSE,TRUE,FALSE
1529,Royl Field,293,287,"Ma,2",S,Shetland Islands,439595,1128519,FALSE,FALSE,FALSE,FALSE,TRUE,FALSE
1530,Saxa Vord,284,284,"Ma,2,SIB",S,Shetland Islands,463122,1216624,FALSE,FALSE,FALSE,FALSE,TRUE,FALSE
1531,Fitful Head,283,272,"Ma,2",S,Shetland Islands,434629,1113549,FALSE,FALSE,FALSE,FALSE,TRUE,FALSE
1532,Scalla Field,281,267,"Ma,2",S,Shetland Islands,438933,1157260,FALSE,FALSE,FALSE,FALSE,TRUE,FALSE
1533,Ward of Scousburgh,263,170,"Ma,2",S,Shetland Islands,438797,1118803,FALSE,FALSE,FALSE,FALSE,TRUE,FALSE
1534,Button Hills [Dalescord Hill],252,203,"Ma,2",S,Shetland Islands,439318,1168446,FALSE,FALSE,FALSE,FALSE,TRUE,FALSE
1535,Sandness Hill,249,234,"Ma,2",S,Shetland Islands,419169,1155722,FALSE,FALSE,FALSE,FALSE,TRUE,FALSE
1536,Da Noup [The Noup],248,179,"Ma,2",S,Shetland Islands,395447,1137528,FALSE,FALSE,FALSE,FALSE,TRUE,FALSE
1537,Ward of Bressay,226,226,"Ma,2,SIB",S,Shetland Islands,450287,1138722,FALSE,FALSE,FALSE,FALSE,TRUE,FALSE
1538,Ward Hill,220,220,"Ma,2,SIB",S,Shetland Islands,420865,1073392,FALSE,FALSE,FALSE,FALSE,TRUE,FALSE
1539,Scrae Field,216,182,"Ma,2",S,Shetland Islands,441792,1136148,FALSE,FALSE,FALSE,FALSE,TRUE,FALSE
1540,Valla Field,216,201,"Ma,2",S,Shetland Islands,458464,1207868,FALSE,FALSE,FALSE,FALSE,TRUE,FALSE
1541,Hill of Arisdale,210,210,"Ma,2,SIB",S,Shetland Islands,449455,1184171,FALSE,FALSE,FALSE,FALSE,TRUE,FALSE
1542,Noss Head,181,181,"Ma,1,SIB",S,Shetland Islands,455386,1139884,FALSE,FALSE,FALSE,FALSE,TRUE,FALSE
1544,White Grunafirth,173,155,"Ma,1",S,Shetland Islands,427566,1180741,FALSE,FALSE,FALSE,FALSE,TRUE,FALSE
1546,Mid Ward,172,172,"Ma,1,SIB",S,Shetland Islands,432014,1165223,FALSE,FALSE,FALSE,FALSE,TRUE,FALSE
1548,Vord Hill,159,159,"Ma,1,SIB",S,Shetland Islands,462258,1193517,FALSE,FALSE,FALSE,FALSE,TRUE,FALSE
1549,Ward Hill,481,481,"Ma,4,CoH,CoA,CoU,SIB",S,Orkney Islands,322864,1002251,FALSE,FALSE,FALSE,FALSE,TRUE,FALSE
1550,Cuilags,435,319,"Ma,4",S,Orkney Islands,320993,1003379,FALSE,FALSE,FALSE,FALSE,TRUE,FALSE
1551,Knap of Trowieglen,399,354,"Ma,3",S,Orkney Islands,323974,998472,FALSE,FALSE,FALSE,FALSE,TRUE,FALSE
1552,Mid Hill,275,275,"Ma,2,SIB",S,Orkney Islands,333532,1008714,FALSE,FALSE,FALSE,FALSE,TRUE,FALSE
1553,Blotchnie Fiold,250,250,"Ma,2,SIB",S,Orkney Islands,341815,1028930,FALSE,FALSE,FALSE,FALSE,TRUE,FALSE
1554,Wideford Hill,225,169,"Ma,2",S,Orkney Islands,341149,1011622,FALSE,FALSE,FALSE,FALSE,TRUE,FALSE
1555,Milldoe - Mid Tooin,224,188,"Ma,2",S,Orkney Islands,335828,1020708,FALSE,FALSE,FALSE,FALSE,TRUE,FALSE
1556,Keelylang Hill,221,161,"Ma,2",S,Orkney Islands,337806,1010263,FALSE,FALSE,FALSE,FALSE,TRUE,FALSE
1557,Fitty Hill,169,169,"Ma,1,SIB",S,Orkney Islands,342976,1044870,FALSE,FALSE,FALSE,FALSE,TRUE,FALSE
1559,Mealaisbhal [Mealisval],574,516,"Ma,5,HF",S,Na h-Eileanan Siar [Western Isles],102200,927044,FALSE,FALSE,FALSE,FALSE,TRUE,FALSE
1560,Beinn Mhor,572,558,"Ma,5,HF",S,Na h-Eileanan Siar [Western Isles],125435,909543,FALSE,FALSE,FALSE,FALSE,TRUE,FALSE
1561,Tathabhal [Tahaval] [Tahabhal],515,253,"Ma,5,HF",S,Na h-Eileanan Siar [Western Isles],104225,926361,FALSE,FALSE,FALSE,FALSE,TRUE,FALSE
1562,Cracabhal [Cracaval],514,221,"Ma,5,HF",S,Na h-Eileanan Siar [Western Isles],102967,925296,FALSE,FALSE,FALSE,FALSE,TRUE,FALSE
1563,Griomabhal [Griomaval],497,180,"Ma,4",S,Na h-Eileanan Siar [Western Isles],101197,922019,FALSE,FALSE,FALSE,FALSE,TRUE,FALSE
1564,Liuthaid,492,307,"Ma,4",S,Na h-Eileanan Siar [Western Isles],117534,913641,FALSE,FALSE,FALSE,FALSE,TRUE,FALSE
1565,Gormol,470,322,"Ma,4",S,Na h-Eileanan Siar [Western Isles],130183,906923,FALSE,FALSE,FALSE,FALSE,TRUE,FALSE
1566,Caiteseal [Caiteshal],449,285,"Ma,4",S,Na h-Eileanan Siar [Western Isles],124209,904399,FALSE,FALSE,FALSE,FALSE,TRUE,FALSE
1567,Suaineabhal [Suainaval],428,313,"Ma,4",S,Na h-Eileanan Siar [Western Isles],107793,930893,FALSE,FALSE,FALSE,FALSE,TRUE,FALSE
1568,Muaitheabhal,424,207,"Ma,4",S,Na h-Eileanan Siar [Western Isles],125790,911469,FALSE,FALSE,FALSE,FALSE,TRUE,FALSE
1569,Guaineamol,405.2,167,"Ma,4",S,Na h-Eileanan Siar [Western Isles],126048,913398,FALSE,FALSE,FALSE,FALSE,TRUE,FALSE
1570,Beinn Mheadhanach [Beinn Mheadhonach],397,253,"Ma,3",S,Na h-Eileanan Siar [Western Isles],109053,923596,FALSE,FALSE,FALSE,FALSE,TRUE,FALSE
1571,Cearnabhal [Kearnaval],378,160,"Ma,3",S,Na h-Eileanan Siar [Western Isles],118637,915755,FALSE,FALSE,FALSE,FALSE,TRUE,FALSE
1572,Uisinis,374,229,"Ma,3",S,Na h-Eileanan Siar [Western Isles],133744,905628,FALSE,FALSE,FALSE,FALSE,TRUE,FALSE
1573,Cipeagal Bheag [Cipeagil Bheag] [Ciopeagal Bheag],336,171,"Ma,3",S,Na h-Eileanan Siar [Western Isles],124757,906476,FALSE,FALSE,FALSE,FALSE,TRUE,FALSE
1574,Feiriosbhal [Feirihisval],327,251,"Ma,3",S,Na h-Eileanan Siar [Western Isles],130128,914626,FALSE,FALSE,FALSE,FALSE,TRUE,FALSE
1575,Beinn Mholach,292,253,"Ma,2",S,Na h-Eileanan Siar [Western Isles],135560,938722,FALSE,FALSE,FALSE,FALSE,TRUE,FALSE
1576,Roineabhal [Roineval],281,203,"Ma,2",S,Na h-Eileanan Siar [Western Isles],123297,921225,FALSE,FALSE,FALSE,FALSE,TRUE,FALSE
1577,Beinn Bhragair,261.9,150.9,"Ma,2",S,Na h-Eileanan Siar [Western Isles],126681,943268,FALSE,FALSE,FALSE,FALSE,TRUE,FALSE
1578,Conostom,256,212,"Ma,2",S,Na h-Eileanan Siar [Western Isles],116645,929981,FALSE,FALSE,FALSE,FALSE,TRUE,FALSE
1579,Muirneag,248,171,"Ma,2",S,Na h-Eileanan Siar [Western Isles],147965,948937,FALSE,FALSE,FALSE,FALSE,TRUE,FALSE
1580,Sleteachal Mhor [Sleiteachal Mhor],246.5,160.4,"Ma,2",S,Na h-Eileanan Siar [Western Isles],121329,918798,FALSE,FALSE,FALSE,FALSE,TRUE,FALSE
1581,Coltraiseal Mor [Caultrashal Mor],228,161,"Ma,2",S,Na h-Eileanan Siar [Western Isles],115871,922802,FALSE,FALSE,FALSE,FALSE,TRUE,FALSE
1582,Eilean Shiophoirt [Seaforth Island] [Eilean Shiphoirt],217,217,"Ma,2,SIB",S,Na h-Eileanan Siar [Western Isles],120746,911053,FALSE,FALSE,FALSE,FALSE,TRUE,FALSE
1583,Forsnabhal [Forsnaval],205,164,"Ma,2",S,Na h-Eileanan Siar [Western Isles],106141,935893,FALSE,FALSE,FALSE,FALSE,TRUE,FALSE
1584,Beinn Bhreac,191,159,"Ma,1",S,Na h-Eileanan Siar [Western Isles],140677,912119,FALSE,FALSE,FALSE,FALSE,TRUE,FALSE
1586,Mullach Buidhe,161.8,161.8,"Ma,1,SIB",S,Na h-Eileanan Siar [Western Isles],141481,898659,FALSE,FALSE,FALSE,FALSE,TRUE,FALSE
1587,An Cliseam [Clisham],800,800,"Ma,C,Sim,HHB,CoA,CoU,SIB",S,Na h-Eileanan Siar [Western Isles],115472,907326,FALSE,FALSE,FALSE,FALSE,TRUE,TRUE
1588,Uisgneabhal Mor [Uisgnaval Mor],730.1,483,"Ma,G,Sim",S,Na h-Eileanan Siar [Western Isles],112096,908579,FALSE,FALSE,FALSE,FALSE,TRUE,TRUE
1589,Tiorga Mor [Tirga Mor],680,589,"Ma,G,Sim",S,Na h-Eileanan Siar [Western Isles],105550,911511,FALSE,FALSE,FALSE,FALSE,TRUE,TRUE
1590,Oireabhal [Oreval],662.2,419,"Ma,G,Sim",S,Na h-Eileanan Siar [Western Isles],108395,909980,FALSE,FALSE,FALSE,FALSE,TRUE,TRUE
1591,Stulabhal [Stulaval],579,225,"Ma,5,HF",S,Na h-Eileanan Siar [Western Isles],113339,912237,FALSE,FALSE,FALSE,FALSE,TRUE,FALSE
1592,Sgaoth Aird,559,373,"Ma,5,HF",S,Na h-Eileanan Siar [Western Isles],116582,903995,FALSE,FALSE,FALSE,FALSE,TRUE,FALSE
1594,Todun [Toddun],528,390,"Ma,5,HF",S,Na h-Eileanan Siar [Western Isles],121027,902963,FALSE,FALSE,FALSE,FALSE,TRUE,FALSE
1595,Beinn Dhubh,506,493,"Ma,5,HF",S,Na h-Eileanan Siar [Western Isles],108959,900641,FALSE,FALSE,FALSE,FALSE,TRUE,FALSE
1596,Huiseabhal Mor [Husival Mor],489,272,"Ma,4",S,Na h-Eileanan Siar [Western Isles],102260,911623,FALSE,FALSE,FALSE,FALSE,TRUE,FALSE
1597,Roineabhal,460,406,"Ma,4",S,Na h-Eileanan Siar [Western Isles],104248,886095,FALSE,FALSE,FALSE,FALSE,TRUE,FALSE
1599,Bleabhal [Bleaval],398,335,"Ma,3",S,Na h-Eileanan Siar [Western Isles],103040,891451,FALSE,FALSE,FALSE,FALSE,TRUE,FALSE
1600,An Coileach,389,327,"Ma,3",S,Na h-Eileanan Siar [Western Isles],108621,892798,FALSE,FALSE,FALSE,FALSE,TRUE,FALSE
1601,Heileasbhal Mor,384,177,"Ma,3",S,Na h-Eileanan Siar [Western Isles],107346,892759,FALSE,FALSE,FALSE,FALSE,TRUE,FALSE
1602,Ceapabhal [Chaipaval],368,365,"Ma,3",S,Na h-Eileanan Siar [Western Isles],97202,892448,FALSE,FALSE,FALSE,FALSE,TRUE,FALSE
1603,Sron Romul,308,308,"Ma,3,SIB",S,Na h-Eileanan Siar [Western Isles],96864,915825,FALSE,FALSE,FALSE,FALSE,TRUE,FALSE
1605,Greabhal,280,194,"Ma,2",S,Na h-Eileanan Siar [Western Isles],100381,889175,FALSE,FALSE,FALSE,FALSE,TRUE,FALSE
1606,Beinn Ra [Ben Raah],267,267,"Ma,2,SIB",S,Na h-Eileanan Siar [Western Isles],103434,901919,FALSE,FALSE,FALSE,FALSE,TRUE,FALSE
1608,Beinn Mhor,620.5,620.5,"Ma,G,Sim,SIB",S,Na h-Eileanan Siar [Western Isles],80850,831102,FALSE,FALSE,FALSE,FALSE,TRUE,TRUE
1609,Heacla [Thacla] [Hecla],606.6,309,"Ma,Sim,G",S,Na h-Eileanan Siar [Western Isles],82554,834497,FALSE,FALSE,FALSE,FALSE,TRUE,TRUE
1610,Beinn Choradail [Ben Corodale],525.7,226.4,"Ma,5,HF",S,Na h-Eileanan Siar [Western Isles],81965,832859,FALSE,FALSE,FALSE,FALSE,TRUE,FALSE
1611,Stulabhal [Stulaval],374,370,"Ma,3",S,Na h-Eileanan Siar [Western Isles],80684,824118,FALSE,FALSE,FALSE,FALSE,TRUE,FALSE
1612,Triuirebheinn,357,256,"Ma,3",S,Na h-Eileanan Siar [Western Isles],81269,821273,FALSE,FALSE,FALSE,FALSE,TRUE,FALSE
1613,Eabhal [Eaval],347,347,"Ma,3,SIB",S,Na h-Eileanan Siar [Western Isles],89889,860514,FALSE,FALSE,FALSE,FALSE,TRUE,FALSE
1614,Li a' Deas [South Lee],281,275,"Ma,2",S,Na h-Eileanan Siar [Western Isles],91865,865335,FALSE,FALSE,FALSE,FALSE,TRUE,FALSE
1615,Beinn Ruigh Choinnich,276,170,"Ma,2",S,Na h-Eileanan Siar [Western Isles],80650,819688,FALSE,FALSE,FALSE,FALSE,TRUE,FALSE
1616,Li a' Tuath [North Lee],263,175,"Ma,2",S,Na h-Eileanan Siar [Western Isles],92699,866031,FALSE,FALSE,FALSE,FALSE,TRUE,FALSE
1617,Airneabhal [Arnaval],254.9,175.7,"Ma,2",S,Na h-Eileanan Siar [Western Isles],78503,825602,FALSE,FALSE,FALSE,FALSE,TRUE,FALSE
1618,Easabhal [Easaval],242.5,238.3,"Ma,2",S,Na h-Eileanan Siar [Western Isles],77394,815832,FALSE,FALSE,FALSE,FALSE,TRUE,FALSE
1619,Maireabhal [Marrival],230,222,"Ma,2",S,Na h-Eileanan Siar [Western Isles],80861,870033,FALSE,FALSE,FALSE,FALSE,TRUE,FALSE
1620,Roineabhal [Roneval],201,152,"Ma,2",S,Na h-Eileanan Siar [Western Isles],81690,814045,FALSE,FALSE,FALSE,FALSE,TRUE,FALSE
1621,Beinn a' Charnain,196,196,"Ma,1,SIB",S,Na h-Eileanan Siar [Western Isles],89390,888473,FALSE,FALSE,FALSE,FALSE,TRUE,FALSE
1622,Beinn Mhor,190,185,"Ma,1",S,Na h-Eileanan Siar [Western Isles],89796,876170,FALSE,FALSE,FALSE,FALSE,TRUE,FALSE
1623,Beinn Sgritheann [Ben Scrien],186,186,"Ma,1,SIB",S,Na h-Eileanan Siar [Western Isles],79517,811227,FALSE,FALSE,FALSE,FALSE,TRUE,FALSE
1624,Crogearraidh Mor [Crogary Mor],180,169,"Ma,1",S,Na h-Eileanan Siar [Western Isles],86778,873188,FALSE,FALSE,FALSE,FALSE,TRUE,FALSE
1626,Crogearraidh na Thobha [Crogary na Hoe],154,151,"Ma,1",S,Na h-Eileanan Siar [Western Isles],97476,872424,FALSE,FALSE,FALSE,FALSE,TRUE,FALSE
1627,Heabhal [Sheabhal] [Heaval],384,384,"Ma,3,SIB",S,Na h-Eileanan Siar [Western Isles],67806,799417,FALSE,FALSE,FALSE,FALSE,TRUE,FALSE
1628,Beinn Tangabhal [Ben Tangaval],332,308,"Ma,3",S,Na h-Eileanan Siar [Western Isles],63884,799066,FALSE,FALSE,FALSE,FALSE,TRUE,FALSE
1629,Carnan,273,273,"Ma,2,SIB",S,Na h-Eileanan Siar [Western Isles],55293,782803,FALSE,FALSE,FALSE,FALSE,TRUE,FALSE
1630,Carn Ghaltair [Cairn Galtar],207,207,"Ma,2,SIB",S,Na h-Eileanan Siar [Western Isles],64029,791542,FALSE,FALSE,FALSE,FALSE,TRUE,FALSE
1631,Beinn Chliad [Ben Cleit] [Ben Cliad],206,159,"Ma,2",S,Na h-Eileanan Siar [Western Isles],67792,804299,FALSE,FALSE,FALSE,FALSE,TRUE,FALSE
1633,Heiseabhal Mor [Theiseabhal Mor] [Heishival Mor],190,190,"Ma,1,SIB",S,Na h-Eileanan Siar [Western Isles],62665,796359,FALSE,FALSE,FALSE,FALSE,TRUE,FALSE
1634,An Tobha [The Hoe],171,171,"Ma,1,SIB",S,Na h-Eileanan Siar [Western Isles],59381,787262,FALSE,FALSE,FALSE,FALSE,TRUE,FALSE
1635,Maol Domhnaich [Muldoanich],154,154,"Ma,1,SIB",S,Na h-Eileanan Siar [Western Isles],68892,794017,FALSE,FALSE,FALSE,FALSE,TRUE,FALSE
1636,Conachair,430,430,"Ma,4,SIB",S,Na h-Eileanan Siar [Western Isles],9981,900243,FALSE,FALSE,FALSE,FALSE,TRUE,FALSE
1637,Mullach an Eilein,384.3,384.3,"Ma,3,SIB",S,Na h-Eileanan Siar [Western Isles],15358,905363,FALSE,FALSE,FALSE,FALSE,TRUE,FALSE
1638,Cnoc Glas,379.5,379.5,"Ma,3,SIB",S,Na h-Eileanan Siar [Western Isles],6251,901632,FALSE,FALSE,FALSE,FALSE,TRUE,FALSE
1639,Stac an Armin,197.3,197.3,"Ma,1",S,Na h-Eileanan Siar [Western Isles],15125,906433,FALSE,FALSE,FALSE,FALSE,TRUE,FALSE
1640,Bioda Mor,178.5,178.5,"Ma,1,SIB",S,Na h-Eileanan Siar [Western Isles],10420,897364,FALSE,FALSE,FALSE,FALSE,TRUE,FALSE
1641,Stac Lee,172.2,172.2,"Ma,1",S,Na h-Eileanan Siar [Western Isles],14215,904927,FALSE,FALSE,FALSE,FALSE,TRUE,FALSE
1642,Ben Cleuch,721,595,"Ma,G,Sim,D,CoH,CoA,CoU",S,Clackmannanshire,290272,700639,FALSE,FALSE,FALSE,FALSE,TRUE,TRUE
1643,Andrew Gannel Hill,670,47.3,"Sim,DT",S,Clackmannanshire,291857,700601,FALSE,FALSE,FALSE,FALSE,FALSE,TRUE
1644,Uamh Bheag,665.8,325,"Ma,G,Sim,D",S,Perth and Kinross/Stirling,269116,711853,FALSE,FALSE,FALSE,FALSE,TRUE,TRUE
1645,King's Seat Hill,648,135,"Hu,Sim,D",S,Clackmannanshire,293385,699992,FALSE,FALSE,FALSE,FALSE,FALSE,TRUE
1646,Tarmangie Hill,645,78,"Sim,D",S,Clackmannanshire/Perth and Kinross,294216,701404,FALSE,FALSE,FALSE,FALSE,FALSE,TRUE
1647,Whitewisp Hill,643,32,"Sim,DT",S,Clackmannanshire,295513,701372,FALSE,FALSE,FALSE,FALSE,FALSE,TRUE
1649,Beinn nan Eun,631,142,"Hu,Sim,D",S,Perth and Kinross,272359,713115,FALSE,FALSE,FALSE,FALSE,FALSE,TRUE
1650,Blairdenon Hill,631.9,95,"Sim,D,sHu",S,Clackmannanshire/Stirling,286555,701870,FALSE,FALSE,FALSE,FALSE,FALSE,TRUE
1651,Beinn Odhar,626,41,"Sim,DT",S,Perth and Kinross/Stirling,271445,712774,FALSE,FALSE,FALSE,FALSE,FALSE,TRUE
1652,Ben Ever,622,38,"Sim,DT",S,Clackmannanshire,289360,700084,FALSE,FALSE,FALSE,FALSE,FALSE,TRUE
1655,Innerdownie,610,52,"Sim,D",S,Perth and Kinross,296666,703145,FALSE,FALSE,FALSE,FALSE,FALSE,TRUE
1656,Earl's Seat,578,511,"Ma,5,DDew,CoU",S,East Dunbartonshire/Stirling,256986,683800,FALSE,FALSE,FALSE,FALSE,TRUE,FALSE
1657,Meikle Bin,570,236,"Ma,5,DDew",S,Stirling,266719,682177,FALSE,FALSE,FALSE,FALSE,TRUE,FALSE
1658,West Lomond,522,405,"Ma,5,DDew,CoH,CoA,CoU",S,Fife,319731,706639,FALSE,FALSE,FALSE,FALSE,TRUE,FALSE
1659,Stronend,511,286,"Ma,5,DDew",S,Stirling,262924,689478,FALSE,FALSE,FALSE,FALSE,TRUE,FALSE
1660,Innerdouny Hill,497,228,"Ma,4,CoH,CoA",S,Perth and Kinross,303217,707321,FALSE,FALSE,FALSE,FALSE,TRUE,FALSE
1661,Carleatheran,485,168,"Ma,4",S,Stirling,268789,691875,FALSE,FALSE,FALSE,FALSE,TRUE,FALSE
1662,Steele's Knowe,485.6,178,"Ma,4",S,Perth and Kinross,296944,707997,FALSE,FALSE,FALSE,FALSE,TRUE,FALSE
1663,Bishop Hill,461,179,"Ma,4",S,Perth and Kinross,318545,704377,FALSE,FALSE,FALSE,FALSE,TRUE,FALSE
1664,Lendrick Hill,456,222,"Ma,4",S,Perth and Kinross,301909,703710,FALSE,FALSE,FALSE,FALSE,TRUE,FALSE
1665,Craigowl Hill,455,393,"Ma,4",S,Angus,337697,739992,FALSE,FALSE,FALSE,FALSE,TRUE,FALSE
1666,East Lomond,448,155,"Ma,4",S,Fife,324409,706194,FALSE,FALSE,FALSE,FALSE,TRUE,FALSE
1667,Dumyat,419,192,"Ma,4",S,Stirling,283540,697695,FALSE,FALSE,FALSE,FALSE,TRUE,FALSE
1668,Duncolm,401.1,305.4,"Ma,4,CoU",S,West Dunbartonshire,247082,677492,FALSE,FALSE,FALSE,FALSE,TRUE,FALSE
1669,Dumglow,379,251,"Ma,3",S,Perth and Kinross,307593,696506,FALSE,FALSE,FALSE,FALSE,TRUE,FALSE
1670,King's Seat,377,223,"Ma,3",S,Perth and Kinross,323060,733006,FALSE,FALSE,FALSE,FALSE,TRUE,FALSE
1671,Benarty Hill,356,228,"Ma,3",S,Fife,315380,697882,FALSE,FALSE,FALSE,FALSE,TRUE,FALSE
1672,Largo Law,290,196,"Ma,2",S,Fife,342707,704979,FALSE,FALSE,FALSE,FALSE,TRUE,FALSE
1673,Norman's Law,285,212,"Ma,2",S,Fife,330502,720222,FALSE,FALSE,FALSE,FALSE,TRUE,FALSE
1674,Turin Hill,252,177.7,"Ma,2",S,Angus,351490,753558,FALSE,FALSE,FALSE,FALSE,TRUE,FALSE
1675,Cairnie Hill,228.9,150.4,"Ma,2",S,Fife,327932,715493,FALSE,FALSE,FALSE,FALSE,TRUE,FALSE
1676,Moncreiffe Hill,223,185,"Ma,2",S,Perth and Kinross,313577,719979,FALSE,FALSE,FALSE,FALSE,TRUE,FALSE
1677,Mount Hill,222.1,162.6,"Ma,2",S,Fife,333093,716486,FALSE,FALSE,FALSE,FALSE,TRUE,FALSE
1678,Tinto,711.6,443,"Ma,G,Sim,D",S,South Lanarkshire,295320,634372,FALSE,FALSE,FALSE,FALSE,TRUE,TRUE
1679,Hill of Stake,522,486,"Ma,5,DDew,CoH,CoA,CoU",S,North Ayrshire/Renfrewshire,227355,663004,FALSE,FALSE,FALSE,FALSE,TRUE,FALSE
1680,Nutberry Hill,522,270,"Ma,5,DDew",S,South Lanarkshire,274382,633832,FALSE,FALSE,FALSE,FALSE,TRUE,FALSE
1681,Dungavel Hill,510,222,"Ma,5,DDew",S,South Lanarkshire,294280,630559,FALSE,FALSE,FALSE,FALSE,TRUE,FALSE
1682,Common Hill,488,172,"Ma,4",S,South Lanarkshire,279189,630784,FALSE,FALSE,FALSE,FALSE,TRUE,FALSE
1683,Middlefield Law,466,168,"Ma,4",S,East Ayrshire,268103,630730,FALSE,FALSE,FALSE,FALSE,TRUE,FALSE
1685,Blaeloch Hill,407,185,"Ma,4",S,North Ayrshire,224325,655323,FALSE,FALSE,FALSE,FALSE,TRUE,FALSE
1686,Corse Hill,376,173,"Ma,3,CoU",S,East Renfrewshire,259838,646469,FALSE,FALSE,FALSE,FALSE,TRUE,FALSE
1687,Brown Carrick Hill,287.6,226.5,"Ma,2",S,South Ayrshire,228356,615953,FALSE,FALSE,FALSE,FALSE,TRUE,FALSE
1688,Merrick,843,705,"Ma,C,Sim,D,HHB,CoH,CoA,CoU",S,Dumfries and Galloway,242756,585550,FALSE,FALSE,FALSE,FALSE,TRUE,TRUE
1689,Corserine,814,488,"Ma,C,Sim,D",S,Dumfries and Galloway,249781,587068,FALSE,FALSE,FALSE,FALSE,TRUE,TRUE
1690,Carlin's Cairn,807,99,"Sim,D,sHu",S,Dumfries and Galloway,249694,588365,FALSE,FALSE,FALSE,FALSE,FALSE,TRUE
1691,Kirriereoch Hill,786.8,150.2,"Ma,Sim,D,xC",S,Dumfries and Galloway,242089,586953,FALSE,FALSE,FALSE,FALSE,TRUE,TRUE
1692,Shalloch on Minnoch,774.2,193.6,"Ma,C,Sim,D",S,South Ayrshire,240763,590566,FALSE,FALSE,FALSE,FALSE,TRUE,TRUE
1693,Meikle Millyea,748.64,121,"Hu,Sim,D",S,Dumfries and Galloway,251612,582558,FALSE,FALSE,FALSE,FALSE,FALSE,TRUE
1695,Milldown,738,90,"Sim,D,sHu",S,Dumfries and Galloway,251124,583952,FALSE,FALSE,FALSE,FALSE,FALSE,TRUE
1696,Benyellary,719,57,"Sim,DT",S,Dumfries and Galloway,241486,583908,FALSE,FALSE,FALSE,FALSE,FALSE,TRUE
1697,Lamachan Hill,716.7,453,"Ma,G,Sim,D",S,Dumfries and Galloway,243532,576999,FALSE,FALSE,FALSE,FALSE,TRUE,TRUE
1699,Cairnsmore of Fleet,711.1,522,"Ma,G,Sim,D",S,Dumfries and Galloway,250117,567050,FALSE,FALSE,FALSE,FALSE,TRUE,TRUE
1700,Tarfessock,696.4,68.5,"Sim,D",S,South Ayrshire,240904,589191,FALSE,FALSE,FALSE,FALSE,FALSE,TRUE
1701,Meaul,695,74,"Sim,D",S,Dumfries and Galloway,250059,590981,FALSE,FALSE,FALSE,FALSE,FALSE,TRUE
1702,Mullwharchar,692,187,"Ma,G,Sim,D",S,East Ayrshire,245415,586637,FALSE,FALSE,FALSE,FALSE,TRUE,TRUE
1703,Larg Hill,676,72,"Sim,D",S,Dumfries and Galloway,242470,575748,FALSE,FALSE,FALSE,FALSE,FALSE,TRUE
1704,Curleywee,674.4,119.6,"Hu,Sim,D",S,Dumfries and Galloway,245467,576955,FALSE,FALSE,FALSE,FALSE,FALSE,TRUE
1705,Cairnsgarroch,659,105,"Hu,Sim,D",S,Dumfries and Galloway,251551,591356,FALSE,FALSE,FALSE,FALSE,FALSE,TRUE
1706,Caerloch Dhu [Shalloch on Minnoch North Top],659.5,30.6,"Sim,DT",S,South Ayrshire,240034,592011,FALSE,FALSE,FALSE,FALSE,FALSE,TRUE
1707,Millfore,657,250,"Ma,G,Sim,D",S,Dumfries and Galloway,247808,575458,FALSE,FALSE,FALSE,FALSE,TRUE,TRUE
1708,Knee of Cairnsmore,657,38,"Sim,DT",S,Dumfries and Galloway,250975,565496,FALSE,FALSE,FALSE,FALSE,FALSE,TRUE
1709,Craignaw,646,151.3,"Ma,G,Sim,D",S,Dumfries and Galloway,245921,583335,FALSE,FALSE,FALSE,FALSE,TRUE,TRUE
1710,Coran of Portmark [Corran of Portmark],623,61,"Sim,D",S,Dumfries and Galloway,250926,593669,FALSE,FALSE,FALSE,FALSE,FALSE,TRUE
1712,Dungeon Hill,620.9,116,"Hu,Sim,D",S,Dumfries and Galloway,246033,585080,FALSE,FALSE,FALSE,FALSE,FALSE,TRUE
1714,Bow,613,38,"Sim,DT",S,Dumfries and Galloway,250805,592822,FALSE,FALSE,FALSE,FALSE,FALSE,TRUE
1716,Meikle Mulltaggart,611.5,51.9,"Sim,DT",S,Dumfries and Galloway,251195,567809,FALSE,FALSE,FALSE,FALSE,FALSE,TRUE
1718,Craigenreoch,565,178,"Ma,5,DDew",S,South Ayrshire,233515,591081,FALSE,FALSE,FALSE,FALSE,TRUE,FALSE
1719,Craiglee,531,197,"Ma,5,DDew",S,Dumfries and Galloway,246160,580137,FALSE,FALSE,FALSE,FALSE,TRUE,FALSE
1720,Craiglee,523,200,"Ma,5,DDew",S,East Ayrshire,247074,596248,FALSE,FALSE,FALSE,FALSE,TRUE,FALSE
1721,Cairnsmore [Black Craig of Dee],493,295,"Ma,4",S,Dumfries and Galloway,258382,575785,FALSE,FALSE,FALSE,FALSE,TRUE,FALSE
1722,Craignell,477.5,228,"Ma,4",S,Dumfries and Galloway,251002,575224,FALSE,FALSE,FALSE,FALSE,TRUE,FALSE
1723,Fell of Fleet,470,248,"Ma,4",S,Dumfries and Galloway,256622,570692,FALSE,FALSE,FALSE,FALSE,TRUE,FALSE
1724,Cairnharrow,456.6,305.3,"Ma,4",S,Dumfries and Galloway,253334,556104,FALSE,FALSE,FALSE,FALSE,TRUE,FALSE
1725,Beneraird,439,307,"Ma,4",S,Dumfries and Galloway/South Ayrshire,213543,578516,FALSE,FALSE,FALSE,FALSE,TRUE,FALSE
1728,Pibble Hill,383,158,"Ma,3",S,Dumfries and Galloway,253381,560515,FALSE,FALSE,FALSE,FALSE,TRUE,FALSE
1729,Bengray,367,236.3,"Ma,3",S,Dumfries and Galloway,263077,559835,FALSE,FALSE,FALSE,FALSE,TRUE,FALSE
1730,White Top of Culreoch,344,158,"Ma,3",S,Dumfries and Galloway,260057,563375,FALSE,FALSE,FALSE,FALSE,TRUE,FALSE
1731,Ailsa Craig,339,339,"Ma,3,SIB",S,South Ayrshire,201902,599837,FALSE,FALSE,FALSE,FALSE,TRUE,FALSE
1733,Grey Hill,297,154,"Ma,2",S,South Ayrshire,216468,592795,FALSE,FALSE,FALSE,FALSE,TRUE,FALSE
1736,Knockdolian,265,202,"Ma,2",S,South Ayrshire,211328,584807,FALSE,FALSE,FALSE,FALSE,TRUE,FALSE
1737,Cairn Pat,182,163,"Ma,1",S,Dumfries and Galloway,204428,556353,FALSE,FALSE,FALSE,FALSE,TRUE,FALSE
1739,Cairnsmore of Carsphairn,797,582,"Ma,C,Sim,D",S,Dumfries and Galloway,259438,598002,FALSE,FALSE,FALSE,FALSE,TRUE,TRUE
1740,Green Lowther,732,424,"Ma,G,Sim,D",S,South Lanarkshire,290035,612030,FALSE,FALSE,FALSE,FALSE,TRUE,TRUE
1741,Lowther Hill,725,37,"Sim,D",S,Dumfries and Galloway/South Lanarkshire,289054,610762,FALSE,FALSE,FALSE,FALSE,FALSE,TRUE
1742,Beninner,710,67,"Sim,DT",S,Dumfries and Galloway,260582,597161,FALSE,FALSE,FALSE,FALSE,FALSE,TRUE
1743,Blackcraig Hill,700.9,235,"Ma,G,Sim,D,CoU",S,East Ayrshire,264764,606410,FALSE,FALSE,FALSE,FALSE,TRUE,TRUE
1744,Windy Standard,697.9,212,"Ma,G,Sim,D",S,Dumfries and Galloway,262011,601470,FALSE,FALSE,FALSE,FALSE,TRUE,TRUE
1745,Queensberry,697.1,363,"Ma,G,Sim,D",S,Dumfries and Galloway,298907,599748,FALSE,FALSE,FALSE,FALSE,TRUE,TRUE
1746,Ballencleuch Law,691.4,203.9,"Ma,G,Sim,D",S,South Lanarkshire,293560,604970,FALSE,FALSE,FALSE,FALSE,TRUE,TRUE
1747,Rodger Law,688.5,45.5,"Sim,DT",S,South Lanarkshire,294533,605788,FALSE,FALSE,FALSE,FALSE,FALSE,TRUE
1749,Blacklorg Hill,681,148.1,"Hu,Sim,D,sMa",S,Dumfries and Galloway/East Ayrshire,265389,604240,FALSE,FALSE,FALSE,FALSE,FALSE,TRUE
1750,Dun Law,677,105,"Hu,Sim,D",S,South Lanarkshire,291667,613655,FALSE,FALSE,FALSE,FALSE,FALSE,TRUE
1751,Wedder Law,673,139,"Hu,Sim,D",S,Dumfries and Galloway/South Lanarkshire,293864,602507,FALSE,FALSE,FALSE,FALSE,FALSE,TRUE
1752,Gana Hill,668,117,"Hu,Sim,D",S,Dumfries and Galloway/South Lanarkshire,295438,601072,FALSE,FALSE,FALSE,FALSE,FALSE,TRUE
1754,Scaw'd Law,664.4,57.5,"Sim,D",S,Dumfries and Galloway/South Lanarkshire,292217,603789,FALSE,FALSE,FALSE,FALSE,FALSE,TRUE
1756,Moorbrock Hill,651.4,113.4,"Hu,Sim,D",S,Dumfries and Galloway,262064,598390,FALSE,FALSE,FALSE,FALSE,FALSE,TRUE
1757,Comb Law,645,59,"Sim,D",S,South Lanarkshire,294380,607374,FALSE,FALSE,FALSE,FALSE,FALSE,TRUE
1758,Meikledodd Hill,643,55,"Sim,DT",S,Dumfries and Galloway,266096,602756,FALSE,FALSE,FALSE,FALSE,FALSE,TRUE
1759,Alhang,642,91,"Sim,D,sHu",S,Dumfries and Galloway/East Ayrshire,264227,601029,FALSE,FALSE,FALSE,FALSE,FALSE,TRUE
1761,East Mount Lowther,631,76,"Sim,D",S,Dumfries and Galloway,287855,609993,FALSE,FALSE,FALSE,FALSE,FALSE,TRUE
1762,Alwhat,628,62,"Sim,DT",S,Dumfries and Galloway/East Ayrshire,264658,602034,FALSE,FALSE,FALSE,FALSE,FALSE,TRUE
1763,Cold Moss,628,63,"Sim,DT",S,Dumfries and Galloway/South Lanarkshire,289892,609449,FALSE,FALSE,FALSE,FALSE,FALSE,TRUE
1765,Lousie Wood Law [Louise Wood Law],619,123,"Hu,Sim,D",S,South Lanarkshire,293202,615263,FALSE,FALSE,FALSE,FALSE,FALSE,TRUE
1769,Earncraig Hill,611,109,"Hu,Sim,D",S,Dumfries and Galloway/South Lanarkshire,297319,601376,FALSE,FALSE,FALSE,FALSE,FALSE,TRUE
1771,Dugland,611.5,45.9,"Sim,DT",S,Dumfries and Galloway,260257,600895,FALSE,FALSE,FALSE,FALSE,FALSE,TRUE
1772,Well Hill,606,200,"Ma,Sim,G,DDew",S,Dumfries and Galloway/South Lanarkshire,291370,606457,FALSE,FALSE,FALSE,FALSE,TRUE,TRUE
1773,Colt Hill,598,245,"Ma,5,DDew",S,Dumfries and Galloway,269875,599012,FALSE,FALSE,FALSE,FALSE,TRUE,FALSE
1774,Cairn Table,593,323,"Ma,5,DDew",S,East Ayrshire/South Lanarkshire,272428,624228,FALSE,FALSE,FALSE,FALSE,TRUE,FALSE
1775,Green Hill,588.1,157.8,"Ma,5,DDew",S,Dumfries and Galloway,286252,612540,FALSE,FALSE,FALSE,FALSE,TRUE,FALSE
1777,Criffel,569,489,"Ma,5,DDew",S,Dumfries and Galloway,295725,561869,FALSE,FALSE,FALSE,FALSE,TRUE,FALSE
1778,Hods Hill,569,173,"Ma,5,DDew",S,Dumfries and Galloway/South Lanarkshire,300073,609910,FALSE,FALSE,FALSE,FALSE,TRUE,FALSE
1781,Cairnkinna Hill,554,163,"Ma,5,DDew",S,Dumfries and Galloway,279098,601860,FALSE,FALSE,FALSE,FALSE,TRUE,FALSE
1782,Wether Hill,533.2,245.2,"Ma,5,DDew",S,Dumfries and Galloway,269645,594217,FALSE,FALSE,FALSE,FALSE,TRUE,FALSE
1783,Kirkland Hill,511,163,"Ma,5,DDew",S,Dumfries and Galloway,273159,616290,FALSE,FALSE,FALSE,FALSE,TRUE,FALSE
1784,Benbeoch,463,160,"Ma,4",S,East Ayrshire,249545,608297,FALSE,FALSE,FALSE,FALSE,TRUE,FALSE
1785,Cairn Hill,451,159,"Ma,4",S,Dumfries and Galloway,285188,607032,FALSE,FALSE,FALSE,FALSE,TRUE,FALSE
1786,Bogrie Hill,432,226,"Ma,4",S,Dumfries and Galloway,278922,585889,FALSE,FALSE,FALSE,FALSE,TRUE,FALSE
1787,Fell Hill,417,184,"Ma,4",S,Dumfries and Galloway,272195,584478,FALSE,FALSE,FALSE,FALSE,TRUE,FALSE
1788,Bennan,398,186,"Ma,3",S,Dumfries and Galloway,282183,576966,FALSE,FALSE,FALSE,FALSE,TRUE,FALSE
1789,Bishop Forest Hill,393,177,"Ma,3",S,Dumfries and Galloway,284909,579639,FALSE,FALSE,FALSE,FALSE,TRUE,FALSE
1790,Bengairn,391,340,"Ma,3",S,Dumfries and Galloway,277058,554516,FALSE,FALSE,FALSE,FALSE,TRUE,FALSE
1792,Wauk Hill,357,220,"Ma,3",S,Dumfries and Galloway,284125,590945,FALSE,FALSE,FALSE,FALSE,TRUE,FALSE
1793,Mochrum Fell,317,153,"Ma,3",S,Dumfries and Galloway,272389,575032,FALSE,FALSE,FALSE,FALSE,TRUE,FALSE
1795,Bainloch Hill,287,189,"Ma,2",S,Dumfries and Galloway,289347,557092,FALSE,FALSE,FALSE,FALSE,TRUE,FALSE
1796,Woodhead Hill,259.5,170,"Ma,2",S,Dumfries and Galloway,292758,571304,FALSE,FALSE,FALSE,FALSE,TRUE,FALSE
1798,See Morris Hill,240.1,150,"Ma,2",S,Dumfries and Galloway,290293,577959,FALSE,FALSE,FALSE,FALSE,TRUE,FALSE
1799,Killyleoch Hill,239.7,151.6,"Ma,2",S,Dumfries and Galloway,287857,582037,FALSE,FALSE,FALSE,FALSE,TRUE,FALSE
1800,Windlestraw Law,659.2,459.7,"Ma,G,Sim,D",S,Scottish Borders,337127,643095,FALSE,FALSE,FALSE,FALSE,TRUE,TRUE
1802,Blackhope Scar,651.8,283,"Ma,G,Sim,D,CoH,CoA,CoU",S,Midlothian/Scottish Borders,331510,648329,FALSE,FALSE,FALSE,FALSE,TRUE,TRUE
1803,Bowbeat Hill,626,78,"Sim,D",S,Midlothian/Scottish Borders,329280,646907,FALSE,FALSE,FALSE,FALSE,FALSE,TRUE
1804,Whitehope Law,623,66,"Sim,D",S,Scottish Borders,333031,644579,FALSE,FALSE,FALSE,FALSE,FALSE,TRUE
1805,Dundreich,623,68,"Sim,D",S,Scottish Borders,327464,649091,FALSE,FALSE,FALSE,FALSE,FALSE,TRUE
1807,Scald Law,579,314,"Ma,5,DDew",S,Midlothian,319168,661085,FALSE,FALSE,FALSE,FALSE,TRUE,FALSE
1808,Broughton Heights [Pyked Stane Hill],571,347,"Ma,5,DDew",S,Scottish Borders,312297,641100,FALSE,FALSE,FALSE,FALSE,TRUE,FALSE
1809,East Cairn Hill,567,172,"Ma,5,DDew,CoU",S,Edinburgh/Scottish Borders,312806,659318,FALSE,FALSE,FALSE,FALSE,TRUE,FALSE
1811,Trahenna Hill,549,165,"Ma,5,DDew",S,Scottish Borders,313593,637405,FALSE,FALSE,FALSE,FALSE,TRUE,FALSE
1812,Penvalla,537.5,188.1,"Ma,5,DDew",S,Scottish Borders,315054,639585,FALSE,FALSE,FALSE,FALSE,TRUE,FALSE
1813,Meikle Says Law,535,267,"Ma,5,DDew,CoH,CoA,CoU",S,East Lothian/Scottish Borders,358121,661739,FALSE,FALSE,FALSE,FALSE,TRUE,FALSE
1814,Black Mount,516,258,"Ma,5,DDew",S,South Lanarkshire,307993,645970,FALSE,FALSE,FALSE,FALSE,TRUE,FALSE
1815,Black Hill,501,185,"Ma,5,DDew",S,Midlothian,318824,663178,FALSE,FALSE,FALSE,FALSE,TRUE,FALSE
1816,Allermuir Hill,493,236,"Ma,4",S,Edinburgh/Midlothian,322704,666175,FALSE,FALSE,FALSE,FALSE,TRUE,FALSE
1817,Wether Law,479,209,"Ma,4",S,Scottish Borders,319466,648378,FALSE,FALSE,FALSE,FALSE,TRUE,FALSE
1819,Spartleton,468,156,"Ma,4",S,East Lothian,365320,665548,FALSE,FALSE,FALSE,FALSE,TRUE,FALSE
1820,Mendick Hill,451,165,"Ma,4",S,Scottish Borders,312154,650535,FALSE,FALSE,FALSE,FALSE,TRUE,FALSE
1821,White Meldon,427.3,157.7,"Ma,4",S,Scottish Borders,321934,642842,FALSE,FALSE,FALSE,FALSE,TRUE,FALSE
1822,Broomy Law,426,165,"Ma,4",S,Scottish Borders/South Lanarkshire,308545,642881,FALSE,FALSE,FALSE,FALSE,TRUE,FALSE
1823,Sell Moor Hill,423.9,150.7,"Ma,4",S,Scottish Borders,348038,644469,FALSE,FALSE,FALSE,FALSE,TRUE,FALSE
1824,Meigle Hill,423,256,"Ma,4",S,Scottish Borders,346624,636007,FALSE,FALSE,FALSE,FALSE,TRUE,FALSE
1825,Dirrington Great Law,399.5,158,"Ma,3",S,Scottish Borders,369784,654918,FALSE,FALSE,FALSE,FALSE,TRUE,FALSE
1826,Black Hill,314,171,"Ma,3",S,Scottish Borders,358549,637015,FALSE,FALSE,FALSE,FALSE,TRUE,FALSE
1827,Ballencrieff Hill [Cairnpapple Hill],312,167.9,"Ma,3,CoH,CoA",S,West Lothian,298753,671154,FALSE,FALSE,FALSE,FALSE,TRUE,FALSE
1828,Arthur's Seat,251,174,"Ma,2",S,Edinburgh,327533,672948,FALSE,FALSE,FALSE,FALSE,TRUE,FALSE
1829,North Berwick Law,187,168,"Ma,1",S,East Lothian,355639,684226,FALSE,FALSE,FALSE,FALSE,TRUE,FALSE
1830,Broad Law,840.1,653.5,"Ma,C,Sim,D,HHB,CoH,CoA,CoU",S,Scottish Borders,314642,623537,FALSE,FALSE,FALSE,FALSE,TRUE,TRUE
1831,Cramalt Craig,830.2,147.4,"Hu,Sim,D,sMa,xC",S,Scottish Borders,316845,624740,FALSE,FALSE,FALSE,FALSE,FALSE,TRUE
1832,White Coomb,821.6,375,"Ma,C,Sim,D,CoH,CoA",S,Dumfries and Galloway,316319,615095,FALSE,FALSE,FALSE,FALSE,TRUE,TRUE
1833,Dollar Law,817,70,"Sim,D",S,Scottish Borders,317808,627835,FALSE,FALSE,FALSE,FALSE,FALSE,TRUE
1835,Hart Fell,808,200,"Ma,C,Sim,D",S,Dumfries and Galloway/Scottish Borders,311364,613574,FALSE,FALSE,FALSE,FALSE,TRUE,TRUE
1836,Lochcraig Head,800.8,108,"Hu,Sim,D",S,Scottish Borders,316666,617747,FALSE,FALSE,FALSE,FALSE,FALSE,TRUE
1838,Molls Cleuch Dod,785,39,"Sim,D",S,Scottish Borders,315112,617935,FALSE,FALSE,FALSE,FALSE,FALSE,TRUE
1842,Carrifran Gans,757,42,"Sim,DT",S,Dumfries and Galloway,315949,613873,FALSE,FALSE,FALSE,FALSE,FALSE,TRUE
1843,Culter Fell,748.3,350,"Ma,G,Sim,D,CoH,CoA,CoU",S,Scottish Borders/South Lanarkshire,305284,629083,FALSE,FALSE,FALSE,FALSE,TRUE,TRUE
1844,Under Saddle Yoke,745,128,"Hu,Sim,D",S,Dumfries and Galloway,314249,612631,FALSE,FALSE,FALSE,FALSE,FALSE,TRUE
1845,Dun Rig,744,243,"Ma,G,Sim,D,CoH",S,Scottish Borders,325316,631551,FALSE,FALSE,FALSE,FALSE,TRUE,TRUE
1847,Pykestone Hill,737,131,"Hu,Sim,D",S,Scottish Borders,317303,631261,FALSE,FALSE,FALSE,FALSE,FALSE,TRUE
1849,Saddle Yoke,735.5,30.3,"Sim,DT",S,Dumfries and Galloway,314410,612394,FALSE,FALSE,FALSE,FALSE,FALSE,TRUE
1851,Glenrath Heights,732,87,"Sim,D",S,Scottish Borders,324175,632253,FALSE,FALSE,FALSE,FALSE,FALSE,TRUE
1852,Swatte Fell,729.9,36.3,"Sim,D",S,Dumfries and Galloway,311846,611389,FALSE,FALSE,FALSE,FALSE,FALSE,TRUE
1855,Cape Law,722,93,"Sim,D,sHu",S,Scottish Borders,313117,615078,FALSE,FALSE,FALSE,FALSE,FALSE,TRUE
1856,The Scrape,719,42,"Sim,DT",S,Scottish Borders,317606,632415,FALSE,FALSE,FALSE,FALSE,FALSE,TRUE
1857,Middle Hill,717.2,41.8,"Sim,D",S,Scottish Borders,315943,629447,FALSE,FALSE,FALSE,FALSE,FALSE,TRUE
1860,Garelet Dod,698,126,"Hu,Sim,D",S,Scottish Borders,312598,617256,FALSE,FALSE,FALSE,FALSE,FALSE,TRUE
1861,Black Law,698,103,"Hu,Sim,D",S,Scottish Borders,322271,627925,FALSE,FALSE,FALSE,FALSE,FALSE,TRUE
1862,Chapelgill Hill,698,108.7,"Hu,Sim,D",S,Scottish Borders,306709,630378,FALSE,FALSE,FALSE,FALSE,FALSE,TRUE
1865,Ettrick Pen,691.8,356.3,"Ma,G,Sim,D",S,Dumfries and Galloway/Scottish Borders,319990,607638,FALSE,FALSE,FALSE,FALSE,TRUE,TRUE
1867,Talla Cleuch Head,691,63,"Sim,D",S,Scottish Borders,313346,621831,FALSE,FALSE,FALSE,FALSE,FALSE,TRUE
1868,Erie Hill,690,92,"Sim,D,sHu",S,Scottish Borders,312409,618740,FALSE,FALSE,FALSE,FALSE,FALSE,TRUE
1869,Loch Fell,688.3,126.3,"Hu,Sim,D",S,Dumfries and Galloway,317036,604733,FALSE,FALSE,FALSE,FALSE,FALSE,TRUE
1870,Gathersnow Hill,688,210,"Ma,G,Sim,D",S,Scottish Borders/South Lanarkshire,305877,625696,FALSE,FALSE,FALSE,FALSE,TRUE,TRUE
1872,Laird's Cleuch Rig [Lairds Cleuch Rig],684,51,"Sim,DT",S,Scottish Borders,312492,619674,FALSE,FALSE,FALSE,FALSE,FALSE,TRUE
1875,Capel Fell,678.3,159.3,"Ma,G,Sim,D",S,Dumfries and Galloway/Scottish Borders,316395,606909,FALSE,FALSE,FALSE,FALSE,TRUE,TRUE
1876,Andrewhinney Hill,677.3,194,"Ma,G,Sim,D",S,Dumfries and Galloway/Scottish Borders,319759,613877,FALSE,FALSE,FALSE,FALSE,TRUE,TRUE
1877,Stob Law,676,67,"Sim,D",S,Scottish Borders,323021,633264,FALSE,FALSE,FALSE,FALSE,FALSE,TRUE
1878,Cardon Hill,675,37,"Sim,DT",S,Scottish Borders,306526,631481,FALSE,FALSE,FALSE,FALSE,FALSE,TRUE
1880,West Knowe,671,31.3,"Sim,DT",S,Dumfries and Galloway,316292,605233,FALSE,FALSE,FALSE,FALSE,FALSE,TRUE
1882,Drumelzier Law,668,97,"Sim,D,sHu",S,Scottish Borders,314938,631231,FALSE,FALSE,FALSE,FALSE,FALSE,TRUE
1883,Din Law,667,53,"Sim,DT",S,Scottish Borders,312445,615708,FALSE,FALSE,FALSE,FALSE,FALSE,TRUE
1884,Wind Fell,665.2,91.9,"Sim,D,sHu",S,Dumfries and Galloway/Scottish Borders,317897,606169,FALSE,FALSE,FALSE,FALSE,FALSE,TRUE
1885,Bodesbeck Law,664.2,101.3,"Hu,Sim,D",S,Dumfries and Galloway/Scottish Borders,316993,610409,FALSE,FALSE,FALSE,FALSE,FALSE,TRUE
1887,Birkscairn Hill,661,62,"Sim,D",S,Scottish Borders,327469,633167,FALSE,FALSE,FALSE,FALSE,FALSE,TRUE
1888,Hillshaw Head,652,54,"Sim,D",S,Scottish Borders/South Lanarkshire,304837,624600,FALSE,FALSE,FALSE,FALSE,FALSE,TRUE
1889,Smidhope Hill,644,33.4,"Sim,DT",S,Dumfries and Galloway/Scottish Borders,316811,607674,FALSE,FALSE,FALSE,FALSE,FALSE,TRUE
1890,Greenside Law,643,77,"Sim,D",S,Scottish Borders,319790,625626,FALSE,FALSE,FALSE,FALSE,FALSE,TRUE
1891,Clockmore,641,39,"Sim,DT",S,Scottish Borders,318300,622880,FALSE,FALSE,FALSE,FALSE,FALSE,TRUE
1892,Coomb Hill,640,36,"Sim,DT",S,Scottish Borders,306953,626373,FALSE,FALSE,FALSE,FALSE,FALSE,TRUE
1893,Hunt Law,639,55,"Sim,DT",S,Scottish Borders,314992,626451,FALSE,FALSE,FALSE,FALSE,FALSE,TRUE
1894,Croft Head,636.2,194,"Ma,G,Sim,D",S,Dumfries and Galloway,315307,605650,FALSE,FALSE,FALSE,FALSE,TRUE,TRUE
1895,Whitehope Heights,637,109,"Hu,Sim,D",S,Dumfries and Galloway/Scottish Borders,309574,613902,FALSE,FALSE,FALSE,FALSE,FALSE,TRUE
1897,Coomb Dod,635,33,"Sim,DT",S,Scottish Borders/South Lanarkshire,304617,623839,FALSE,FALSE,FALSE,FALSE,FALSE,TRUE
1898,Hopetoun Craig,633.1,38.7,"Sim,DT",S,Dumfries and Galloway/Scottish Borders,318770,606795,FALSE,FALSE,FALSE,FALSE,FALSE,TRUE
1899,Deer Law,629,40,"Sim,DT",S,Scottish Borders,322288,625546,FALSE,FALSE,FALSE,FALSE,FALSE,TRUE
1901,Hudderstone,626,111,"Hu,Sim,D",S,South Lanarkshire,302210,627141,FALSE,FALSE,FALSE,FALSE,FALSE,TRUE
1904,Bell Craig,623,47,"Sim,D",S,Dumfries and Galloway/Scottish Borders,318654,612864,FALSE,FALSE,FALSE,FALSE,FALSE,TRUE
1906,Cauldcleuch Head,618.6,256,"Ma,G,Sim,D",S,Scottish Borders,345654,600682,FALSE,FALSE,FALSE,FALSE,TRUE,TRUE
1907,Mid Rig,615.8,49.9,"Sim,DT",S,Dumfries and Galloway/Scottish Borders,318026,612271,FALSE,FALSE,FALSE,FALSE,FALSE,TRUE
1908,Herman Law,614.4,30.9,"Sim,D",S,Dumfries and Galloway/Scottish Borders,321349,615699,FALSE,FALSE,FALSE,FALSE,FALSE,TRUE
1914,Greatmoor Hill,599,163,"Ma,5,DDew",S,Scottish Borders,348982,600690,FALSE,FALSE,FALSE,FALSE,TRUE,FALSE
1915,Wisp Hill,595,261,"Ma,5,DDew",S,Dumfries and Galloway/Scottish Borders,338644,599349,FALSE,FALSE,FALSE,FALSE,TRUE,FALSE
1916,Ward Law,594,158,"Ma,5,DDew",S,Scottish Borders,326235,615954,FALSE,FALSE,FALSE,FALSE,TRUE,FALSE
1917,The Wiss,589,170,"Ma,5,DDew",S,Scottish Borders,326455,620626,FALSE,FALSE,FALSE,FALSE,TRUE,FALSE
1918,Roan Fell,568,256,"Ma,5,DDew",S,Scottish Borders,345171,593113,FALSE,FALSE,FALSE,FALSE,TRUE,FALSE
1919,Minch Moor,567,213,"Ma,5,DDew",S,Scottish Borders,335863,633059,FALSE,FALSE,FALSE,FALSE,TRUE,FALSE
1920,Pikethaw Hill,564,226,"Ma,5,DDew",S,Dumfries and Galloway/Scottish Borders,336964,597771,FALSE,FALSE,FALSE,FALSE,TRUE,FALSE
1921,Turner Cleuch Law,551,179,"Ma,5,DDew",S,Scottish Borders,328738,620448,FALSE,FALSE,FALSE,FALSE,TRUE,FALSE
1922,Scaw'd Fell,549.7,158.2,"Ma,5,DDew",S,Dumfries and Galloway,314938,602805,FALSE,FALSE,FALSE,FALSE,TRUE,FALSE
1923,Deuchar Law,543,155,"Ma,5,DDew",S,Scottish Borders,328499,629703,FALSE,FALSE,FALSE,FALSE,TRUE,FALSE
1925,Ellson Fell,537,163,"Ma,5,DDew",S,Dumfries and Galloway,341036,598500,FALSE,FALSE,FALSE,FALSE,TRUE,FALSE
1928,Larriston Fells,512,159,"Ma,5,DDew",S,Scottish Borders,356903,592097,FALSE,FALSE,FALSE,FALSE,TRUE,FALSE
1930,Law Kneis,498.5,186.7,"Ma,4",S,Scottish Borders,329271,613086,FALSE,FALSE,FALSE,FALSE,TRUE,FALSE
1931,Lamington Hill,492,161,"Ma,4",S,South Lanarkshire,300159,630483,FALSE,FALSE,FALSE,FALSE,TRUE,FALSE
1932,Cacra Hill,471.6,166.9,"Ma,4",S,Scottish Borders,331764,617331,FALSE,FALSE,FALSE,FALSE,TRUE,FALSE
1933,Calkin Rig,451,230,"Ma,4",S,Dumfries and Galloway,328888,587624,FALSE,FALSE,FALSE,FALSE,TRUE,FALSE
1934,Hownam Law,449,167,"Ma,4",S,Scottish Borders,379657,621930,FALSE,FALSE,FALSE,FALSE,TRUE,FALSE
1935,Blackwood Hill,447,189,"Ma,4",S,Scottish Borders,353172,596194,FALSE,FALSE,FALSE,FALSE,TRUE,FALSE
1936,Goseland Hill,435,203,"Ma,4",S,Scottish Borders,307113,635108,FALSE,FALSE,FALSE,FALSE,TRUE,FALSE
1937,Rubers Law,424,196,"Ma,4",S,Scottish Borders,358032,615574,FALSE,FALSE,FALSE,FALSE,TRUE,FALSE
1938,Eildon Mid Hill,422,172,"Ma,4",S,Scottish Borders,354822,632292,FALSE,FALSE,FALSE,FALSE,TRUE,FALSE
1939,Cademuir Hill,415.1,201.6,"Ma,4",S,Scottish Borders,324191,637695,FALSE,FALSE,FALSE,FALSE,TRUE,FALSE
1941,Belling Hill,354.4,151.6,"Ma,3",S,Scottish Borders,364203,611839,FALSE,FALSE,FALSE,FALSE,TRUE,FALSE
1942,Grange Fell,319.3,152.1,"Ma,3",S,Dumfries and Galloway,324402,581929,FALSE,FALSE,FALSE,FALSE,TRUE,FALSE
1943,Linton Hill,282,176,"Ma,2",S,Scottish Borders,378736,627955,FALSE,FALSE,FALSE,FALSE,TRUE,FALSE
1944,Lamberton Hill [Ayton Hill],217.1,150.4,"Ma,2",S,Scottish Borders,394441,658650,FALSE,FALSE,FALSE,FALSE,TRUE,FALSE
1951,Yr Eifl,560.7,429,"Ma,5,Dew",W,Gwynedd,236491,344744,FALSE,FALSE,FALSE,FALSE,TRUE,FALSE
1952,Gyrn Ddu,522.1,386,"Ma,5,Dew",W,Gwynedd,240115,346785,FALSE,FALSE,FALSE,FALSE,TRUE,FALSE
1954,Carn Fadryn,371,343,"Ma,3",W,Gwynedd,227865,335182,FALSE,FALSE,FALSE,FALSE,TRUE,FALSE
1955,Mynydd Rhiw,304.9,239.5,"Ma,3",W,Gwynedd,222846,329388,FALSE,FALSE,FALSE,FALSE,TRUE,FALSE
1956,Garn Boduan,280.1,176.7,"Ma,2",W,Gwynedd,231207,339348,FALSE,FALSE,FALSE,FALSE,TRUE,FALSE
1957,Moel-y-Gest,263,236.9,"Ma,2",W,Gwynedd,254924,338891,FALSE,FALSE,FALSE,FALSE,TRUE,FALSE
1958,Carneddol,235.9,155.9,"Ma,2",W,Gwynedd,230115,333096,FALSE,FALSE,FALSE,FALSE,TRUE,FALSE
1959,Holyhead Mountain [Mynydd Twr],220,220,"Ma,2,CoH,CoA,CoU,SIB",W,Anglesey [Sir Fon],221855,382945,FALSE,FALSE,FALSE,FALSE,TRUE,FALSE
1960,Mynydd Anelog,191.4,151,"Ma,1",W,Gwynedd,215194,327218,FALSE,FALSE,FALSE,FALSE,TRUE,FALSE
1961,Mynydd Bodafon [Yr Arwydd],177.6,177.6,"Ma,1,SIB",W,Anglesey [Sir Fon],247244,385418,FALSE,FALSE,FALSE,FALSE,TRUE,FALSE
1962,Mynydd Enlli,167.9,167.9,"Ma,1,SIB",W,Gwynedd,212312,321931,FALSE,FALSE,FALSE,FALSE,TRUE,FALSE
1963,Snowdon - Yr Wyddfa,1085,1039,"Ma,F,Sim,Hew,N,HHB,CoH,CoA,CoU",W,Gwynedd,260986,354376,FALSE,TRUE,TRUE,TRUE,TRUE,TRUE
1964,Crib y Ddysgl,1065.3,74,"F,Sim,Hew,N,HHB",W,Gwynedd,261079,355155,FALSE,TRUE,TRUE,TRUE,FALSE,TRUE
1965,Carnedd Llewelyn,1064,750,"Ma,F,Sim,Hew,N,HHB,CoU",W,Conwy/Gwynedd,268361,364372,FALSE,TRUE,TRUE,TRUE,TRUE,TRUE
1966,Carnedd Dafydd,1044,114,"Hu,F,Sim,Hew,N,HHB",W,Conwy/Gwynedd,266283,363046,FALSE,TRUE,TRUE,TRUE,FALSE,TRUE
1967,Glyder Fawr,1000.9,642,"Ma,F,Sim,Hew,N,HHB",W,Conwy/Gwynedd,264243,357953,FALSE,TRUE,TRUE,TRUE,TRUE,TRUE
1968,Glyder Fach,994.3,74.5,"F,Sim,Hew,N,HHB",W,Conwy,265643,358286,FALSE,TRUE,TRUE,TRUE,FALSE,TRUE
1969,Pen yr Ole Wen,978,45,"F,Sim,Hew,N,HHB",W,Conwy/Gwynedd,265596,361943,FALSE,TRUE,TRUE,TRUE,FALSE,TRUE
1970,Foel Grach,975.4,41.7,"F,Sim,Hew,N,HHB",W,Conwy/Gwynedd,268878,365906,FALSE,TRUE,TRUE,TRUE,FALSE,TRUE
1971,Yr Elen,962,54,"F,Sim,Hew,N,HHB",W,Gwynedd,267386,365115,FALSE,TRUE,TRUE,TRUE,FALSE,TRUE
1972,Y Garn,947,235,"Ma,F,Sim,Hew,N,HHB",W,Gwynedd,263089,359569,FALSE,TRUE,TRUE,TRUE,TRUE,TRUE
1973,Foel-fras,944.1,62.8,"F,Sim,Hew,N,HHB",W,Conwy/Gwynedd,269613,368121,FALSE,TRUE,TRUE,TRUE,FALSE,TRUE
1974,Garnedd Uchaf [Carnedd Gwenllian],925,33,"F,Sim,Hew,N,HHB",W,Gwynedd,268698,366902,FALSE,TRUE,TRUE,TRUE,FALSE,TRUE
1975,Elidir Fawr,924,213,"Ma,F,Sim,Hew,N,HHB",W,Gwynedd,261173,361289,FALSE,TRUE,TRUE,TRUE,TRUE,TRUE
1976,Crib Goch,923,66,"F,Sim,Hew,N,HHB",W,Gwynedd,262421,355186,FALSE,TRUE,TRUE,TRUE,FALSE,TRUE
1977,Tryfan,917.5,192,"Ma,F,Sim,Hew,N,HHB",W,Conwy,266405,359387,FALSE,TRUE,TRUE,TRUE,TRUE,TRUE
1978,Y Lliwedd,897.9,153.8,"Ma,Sim,Hew,N,HHB",W,Gwynedd,262242,353336,FALSE,FALSE,TRUE,TRUE,TRUE,TRUE
1979,Y Lliwedd East Top,893.2,20.3,"N,HHB,sSim",W,Gwynedd,262402,353250,FALSE,FALSE,FALSE,TRUE,FALSE,FALSE
1980,Moel Siabod,872.2,599.9,"Ma,Sim,Hew,N,HHB",W,Conwy,270524,354631,FALSE,FALSE,TRUE,TRUE,TRUE,TRUE
1981,Llwytmor,849,73,"Sim,Hew,N,HHB",W,Gwynedd,268947,369224,FALSE,FALSE,TRUE,TRUE,FALSE,TRUE
1982,Pen yr Helgi Du,832.6,84.7,"Sim,Hew,N",W,Conwy,269779,363046,FALSE,FALSE,TRUE,TRUE,FALSE,TRUE
1983,Foel-goch,831,77,"Sim,Hew,N",W,Gwynedd,262858,361211,FALSE,FALSE,TRUE,TRUE,FALSE,TRUE
1984,Carnedd y Filiast,821,76,"Sim,Hew,N",W,Gwynedd,262038,362736,FALSE,FALSE,TRUE,TRUE,FALSE,TRUE
1985,Lliwedd Bach,819,20.5,"N,sSim",W,Gwynedd,262751,353229,FALSE,FALSE,FALSE,TRUE,FALSE,FALSE
1986,Mynydd Perfedd,813,20,"N,sSim",W,Gwynedd,262318,361880,FALSE,FALSE,FALSE,TRUE,FALSE,FALSE
1987,Bera Bach,806.5,17.8,N,W,Gwynedd,267206,367767,FALSE,FALSE,FALSE,TRUE,FALSE,FALSE
1988,Y Foel Goch,805,63,"Sim,Hew,N",W,Conwy,267781,358216,FALSE,FALSE,TRUE,TRUE,FALSE,TRUE
1989,Pen Llithrig y Wrach,798.6,180.3,"Ma,Sim,Hew,N",W,Conwy,271622,362290,FALSE,FALSE,TRUE,TRUE,TRUE,TRUE
1990,Foel Meirch,798.7,16.5,N,W,Gwynedd,265873,363741,FALSE,FALSE,FALSE,TRUE,FALSE,FALSE
1991,Bera Mawr,793.7,29.7,"N,sSim",W,Gwynedd,267482,368267,FALSE,FALSE,FALSE,TRUE,FALSE,FALSE
1992,Moel Hebog,783.7,585.2,"Ma,Sim,Hew,N",W,Gwynedd,256516,346960,FALSE,FALSE,TRUE,TRUE,TRUE,TRUE
1993,Drum,771,48.4,"Sim,Hew,N",W,Conwy/Gwynedd,270843,369585,FALSE,FALSE,TRUE,TRUE,FALSE,TRUE
1994,Moelwyn Mawr,770,385,"Ma,Sim,Hew,N",W,Gwynedd,265822,344861,FALSE,FALSE,TRUE,TRUE,TRUE,TRUE
1995,Gallt yr Ogof,763,43,"Sim,Hew,N",W,Conwy,268526,358566,FALSE,FALSE,TRUE,TRUE,FALSE,TRUE
1996,Drosgl,756.9,36.6,"Sim,Hew,N",W,Gwynedd,266385,367984,FALSE,FALSE,TRUE,TRUE,FALSE,TRUE
1997,Yr Aran,747.2,238.4,"Ma,Sim,Hew,N",W,Gwynedd,260437,351528,FALSE,FALSE,TRUE,TRUE,TRUE,TRUE
1998,Craig Eigiau,735,20.9,"N,sSim",W,Conwy,271315,365425,FALSE,FALSE,FALSE,TRUE,FALSE,FALSE
1999,Craig Cwm Silyn,734,398,"Ma,Sim,Hew,N",W,Gwynedd,252556,350264,FALSE,FALSE,TRUE,TRUE,TRUE,TRUE
2000,Moel Eilio,726,259,"Ma,Sim,Hew,N",W,Gwynedd,255578,357715,FALSE,FALSE,TRUE,TRUE,TRUE,TRUE
2001,Carnedd y Filiast North Top [Y Fronllwyd],720,16.1,N,W,Gwynedd,261748,363162,FALSE,FALSE,FALSE,TRUE,FALSE,FALSE
2002,Llechog,720,28,"N,sSim",W,Gwynedd,260614,356753,FALSE,FALSE,FALSE,TRUE,FALSE,FALSE
2003,Moelwyn Bach,712,127,"Hu,Sim,Hew,N",W,Gwynedd,266055,343773,FALSE,FALSE,TRUE,TRUE,FALSE,TRUE
2004,Trum y Ddysgl,709.7,208.6,"Ma,Sim,Hew,N",W,Gwynedd,254484,351643,FALSE,FALSE,TRUE,TRUE,TRUE,TRUE
2005,Garnedd-goch,700,23,"N,sSim",W,Gwynedd,251115,349522,FALSE,FALSE,FALSE,TRUE,FALSE,FALSE
2006,Allt-fawr,697.9,246.1,"Ma,Sim,Hew,N",W,Gwynedd,268171,347460,FALSE,FALSE,TRUE,TRUE,TRUE,TRUE
2007,Mynydd Mawr,698,463,"Ma,Sim,Hew,N",W,Gwynedd,253972,354692,FALSE,FALSE,TRUE,TRUE,TRUE,TRUE
2008,Mynydd Drws-y-coed,695,58,"Sim,Hew,N",W,Gwynedd,254891,351817,FALSE,FALSE,TRUE,TRUE,FALSE,TRUE
2009,Cnicht,690.9,104.9,"Hu,Sim,Hew,N",W,Gwynedd,264546,346614,FALSE,FALSE,TRUE,TRUE,FALSE,TRUE
2010,Craigysgafn,689.9,26.6,"N,sSim",W,Gwynedd,265994,344333,FALSE,FALSE,FALSE,TRUE,FALSE,FALSE
2012,Cnicht North Top,690.2,19,N,W,Gwynedd,264799,346866,FALSE,FALSE,FALSE,TRUE,FALSE,FALSE
2013,Creigiau Gleision,675.9,261.4,"Ma,Sim,Hew,N",W,Conwy,272900,361537,FALSE,FALSE,TRUE,TRUE,TRUE,TRUE
2014,Moel Druman,676,58,"Sim,Hew,N",W,Gwynedd,267159,347642,FALSE,FALSE,TRUE,TRUE,FALSE,TRUE
2015,Moel Cynghorion,674,176,"Ma,Sim,Hew,N",W,Gwynedd,258607,356392,FALSE,FALSE,TRUE,TRUE,TRUE,TRUE
2016,Ysgafell Wen,672.2,58.4,"Sim,Hew,N",W,Conwy,266696,348122,FALSE,FALSE,TRUE,TRUE,FALSE,TRUE
2017,Ysgafell Wen North Top,669.4,31.4,"Sim,Hew,N",W,Gwynedd,266348,348537,FALSE,FALSE,TRUE,TRUE,FALSE,TRUE
2018,Moel yr Ogof,655,118,"Hu,Sim,Hew,N",W,Gwynedd,255624,347860,FALSE,FALSE,TRUE,TRUE,FALSE,TRUE
2019,Mynydd Tal-y-mignedd,653,52,"Sim,Hew,N",W,Gwynedd,253531,351399,FALSE,FALSE,TRUE,TRUE,FALSE,TRUE
2020,Ysgafell Wen Far North Top,659,19.1,N,W,Conwy/Gwynedd,266385,348771,FALSE,FALSE,FALSE,TRUE,FALSE,FALSE
2021,Moel-yr-hydd,648,82,"Sim,Hew,N",W,Gwynedd,267209,345436,FALSE,FALSE,TRUE,TRUE,FALSE,TRUE
2022,Gyrn Wigau,643,17,N,W,Gwynedd,265416,367532,FALSE,FALSE,FALSE,TRUE,FALSE,FALSE
2024,Moel Lefn,638,63,"Sim,Hew,N",W,Gwynedd,255293,348550,FALSE,FALSE,TRUE,TRUE,FALSE,TRUE
2025,Creigiau Gleision North Top,631.8,35.9,"Sim,Hew,N",W,Conwy,273367,362248,FALSE,FALSE,TRUE,TRUE,FALSE,TRUE
2026,Y Garn,633,21,"N,sSim",W,Gwynedd,255149,352646,FALSE,FALSE,FALSE,TRUE,FALSE,FALSE
2027,Foel Gron,629,30.7,"Sim,Hew,N",W,Gwynedd,256044,356848,FALSE,FALSE,TRUE,TRUE,FALSE,TRUE
2028,Pen y Castell,623.5,29,"N,sSim",W,Conwy,272187,368880,FALSE,FALSE,FALSE,TRUE,FALSE,FALSE
2029,Craiglwyn,621.9,21.4,"N,sSim",W,Conwy,273053,360888,FALSE,FALSE,FALSE,TRUE,FALSE,FALSE
2030,Gallt y Wenallt,619.7,22.6,"N,sSim",W,Gwynedd,264242,353266,FALSE,FALSE,FALSE,TRUE,FALSE,FALSE
2031,Tal y Fan,610,189.6,"Ma,Sim,Hew,N",W,Conwy,272936,372648,FALSE,FALSE,TRUE,TRUE,TRUE,TRUE
2032,Craig Fach,608.75,40,"Sim,Dew",W,Gwynedd,263495,355249,FALSE,FALSE,FALSE,FALSE,FALSE,TRUE
2033,Mynydd Graig Goch,609.75,74,"Sim,Hew,N",W,Gwynedd,249729,348515,FALSE,FALSE,TRUE,TRUE,FALSE,TRUE
2034,Moel Meirch,608.9,60.2,"Sim,Dew",W,Gwynedd,266125,350355,FALSE,FALSE,FALSE,FALSE,FALSE,TRUE
2035,Foel Goch,604.5,92.1,"Sim,Dew,sHu",W,Gwynedd,257100,356341,FALSE,FALSE,FALSE,FALSE,FALSE,TRUE
2036,Foel Lwyd,600.2,53.4,"Sim,Dew",W,Conwy,272037,372323,FALSE,FALSE,FALSE,FALSE,FALSE,TRUE
2037,Moel-ddu,552.3,198.7,"Ma,5,Dew",W,Gwynedd,257962,344209,FALSE,FALSE,FALSE,FALSE,TRUE,FALSE
2038,Moel y Dyniewyd,382.4,214.3,"Ma,3",W,Gwynedd,261266,347736,FALSE,FALSE,FALSE,FALSE,TRUE,FALSE
2039,Moel y Gamelin,576.9,381.2,"Ma,5,Dew",W,Denbighshire [Sir Ddinbych],317634,346516,FALSE,FALSE,FALSE,FALSE,TRUE,FALSE
2040,Cyrn-y-Brain,564.6,163.7,"Ma,5,Dew",W,Denbighshire [Sir Ddinbych],320819,348882,FALSE,FALSE,FALSE,FALSE,TRUE,FALSE
2041,Moel Famau,554.9,281.7,"Ma,5,Dew,CoH,CoA,CoU",W,Denbighshire [Sir Ddinbych]/Flintshire [Sir Fflint],316122,362671,FALSE,FALSE,FALSE,FALSE,TRUE,FALSE
2042,Mwdwl-eithin,532,262,"Ma,5,Dew",W,Conwy,291710,354056,FALSE,FALSE,FALSE,FALSE,TRUE,FALSE
2045,Foel Fenlli,510.9,152.4,"Ma,5,Dew",W,Denbighshire [Sir Ddinbych],316483,360078,FALSE,FALSE,FALSE,FALSE,TRUE,FALSE
2046,Moel Gyw,466.7,178.8,"Ma,4",W,Denbighshire [Sir Ddinbych],317151,357544,FALSE,FALSE,FALSE,FALSE,TRUE,FALSE
2047,Penycloddiau,439.5,156.7,"Ma,4",W,Flintshire [Sir Fflint],312715,367889,FALSE,FALSE,FALSE,FALSE,TRUE,FALSE
2049,Mynydd Rhyd Ddu,389,165,"Ma,3",W,Denbighshire [Sir Ddinbych],305455,347742,FALSE,FALSE,FALSE,FALSE,TRUE,FALSE
2050,Hope Mountain,330,187.3,"Ma,3",W,Flintshire [Sir Fflint],329476,356892,FALSE,FALSE,FALSE,FALSE,TRUE,FALSE
2051,Mynydd y Cwm [Coed Cwm],304.8,150,"Ma,3",W,Denbighshire [Sir Ddinbych],307304,376732,FALSE,FALSE,FALSE,FALSE,TRUE,FALSE
2052,Great Orme [Y Gogarth],207.1,201,"Ma,2",W,Conwy,276750,383334,FALSE,FALSE,FALSE,FALSE,TRUE,FALSE
2053,Arenig Fawr,854,480,"Ma,Sim,Hew,N,HHB",W,Gwynedd,282704,336948,FALSE,FALSE,TRUE,TRUE,TRUE,TRUE
2054,Arenig Fawr South Top,837,25,"N,sSim",W,Gwynedd,282684,336654,FALSE,FALSE,FALSE,TRUE,FALSE,FALSE
2056,Y Llethr,756,561,"Ma,Sim,Hew,N",W,Gwynedd,266134,325773,FALSE,FALSE,TRUE,TRUE,TRUE,TRUE
2057,Moel Llyfnant,751,210,"Ma,Sim,Hew,N",W,Gwynedd,280828,335184,FALSE,FALSE,TRUE,TRUE,TRUE,TRUE
2058,Diffwys,750.4,147.6,"Hu,Sim,Hew,N,sMa",W,Gwynedd,266128,323413,FALSE,FALSE,TRUE,TRUE,FALSE,TRUE
2059,Rhobell Fawr,734,303.7,"Ma,Sim,Hew,N",W,Gwynedd,278680,325664,FALSE,FALSE,TRUE,TRUE,TRUE,TRUE
2060,Rhinog Fawr,720,366,"Ma,Sim,Hew,N",W,Gwynedd,265697,329008,FALSE,FALSE,TRUE,TRUE,TRUE,TRUE
2061,Arenig Fawr South Ridge Top,714,21,"sSim,N",W,Gwynedd,282743,335939,FALSE,FALSE,FALSE,TRUE,FALSE,FALSE
2062,Rhinog Fach,711.6,151,"Ma,Sim,Hew,N",W,Gwynedd,266484,327023,FALSE,FALSE,TRUE,TRUE,TRUE,TRUE
2063,Arenig Fach,688.8,297.6,"Ma,Sim,Hew,N",W,Gwynedd,282026,341592,FALSE,FALSE,TRUE,TRUE,TRUE,TRUE
2064,Crib-y-rhiw,681.2,29,"N,sSim",W,Gwynedd,266370,324869,FALSE,FALSE,FALSE,TRUE,FALSE,FALSE
2065,Carnedd y Filiast,669,316,"Ma,Sim,Hew,N",W,Conwy/Gwynedd,287116,344596,FALSE,FALSE,TRUE,TRUE,TRUE,TRUE
2067,Dduallt,662.8,139.6,"Hu,Sim,Hew,N",W,Gwynedd,281054,327368,FALSE,FALSE,TRUE,TRUE,FALSE,TRUE
2068,Manod Mawr,661,265,"Ma,Sim,Hew,N",W,Gwynedd,272439,344664,FALSE,FALSE,TRUE,TRUE,TRUE,TRUE
2069,Manod Mawr North Top,658,65,"Sim,Hew,N",W,Gwynedd,272741,345847,FALSE,FALSE,TRUE,TRUE,FALSE,TRUE
2070,Waun Garnedd-y-Filiast,650.9,15.1,N,W,Conwy/Gwynedd,287402,345245,FALSE,FALSE,FALSE,TRUE,FALSE,FALSE
2071,Carnedd Llechwedd-llyfn [Llechwedd-llyfn],644.1,25.5,"N,sSim",W,Gwynedd,285782,344461,FALSE,FALSE,FALSE,TRUE,FALSE,FALSE
2072,Diffwys West Top,643.1,21.7,"N,sSim",W,Gwynedd,264821,322928,FALSE,FALSE,FALSE,TRUE,FALSE,FALSE
2073,Y Garn,629,317,"Ma,Sim,Hew,N",W,Gwynedd,270273,323025,FALSE,FALSE,TRUE,TRUE,TRUE,TRUE
2074,Moel Ysgyfarnogod,623,182,"Ma,Sim,Hew,N",W,Gwynedd,265842,334590,FALSE,FALSE,TRUE,TRUE,TRUE,TRUE
2075,Moel Penamnen,628.3,138,"Hu,Sim,Hew,N",W,Gwynedd,271629,348362,FALSE,FALSE,TRUE,TRUE,FALSE,TRUE
2076,Gallt y Daren,619.4,113,"Hu,Sim,Hew,N",W,Gwynedd,277855,334467,FALSE,FALSE,TRUE,TRUE,FALSE,TRUE
2077,Foel Boeth,615.4,16.8,N,W,Gwynedd,277973,334204,FALSE,FALSE,FALSE,TRUE,FALSE,FALSE
2078,Foel Penolau,614.4,31.9,"Sim,Hew,N",W,Gwynedd,266184,334831,FALSE,FALSE,TRUE,TRUE,FALSE,TRUE
2079,Foel Goch,611,274,"Ma,Sim,Hew,N",W,Conwy/Gwynedd,295379,342292,FALSE,FALSE,TRUE,TRUE,TRUE,TRUE
2080,Moelfre,589,162,"Ma,5,Dew",W,Gwynedd,262620,324588,FALSE,FALSE,FALSE,FALSE,TRUE,FALSE
2081,Mynydd Nodol,539,168,"Ma,5,Dew",W,Gwynedd,286512,339343,FALSE,FALSE,FALSE,FALSE,TRUE,FALSE
2082,Foel Offrwm,405,236,"Ma,4",W,Gwynedd,274984,320987,FALSE,FALSE,FALSE,FALSE,TRUE,FALSE
2083,Aran Fawddwy,905.6,672.8,"Ma,Sim,Hew,N,HHB,CoH,CoA",W,Gwynedd,286269,322383,FALSE,FALSE,TRUE,TRUE,TRUE,TRUE
2084,Aran Benllyn,885,50,"Sim,Hew,N,HHB",W,Gwynedd,286720,324270,FALSE,FALSE,TRUE,TRUE,FALSE,TRUE
2085,Erw y Ddafad-ddu,872,39,"Sim,Hew,N,HHB",W,Gwynedd,286475,323384,FALSE,FALSE,TRUE,TRUE,FALSE,TRUE
2087,Cadair Berwyn,832,347,"Ma,Sim,Hew,N,CoH,CoA",W,Powys,307163,332351,FALSE,FALSE,TRUE,TRUE,TRUE,TRUE
2088,Cadair Berwyn North Top,826.4,18.7,N,W,Denbighshire [Sir Ddinbych]/Powys,307221,332716,FALSE,FALSE,FALSE,TRUE,FALSE,FALSE
2089,Moel Sych,826.7,33.9,"Sim,Hew,N,CoH,CoA,CoU",W,Denbighshire [Sir Ddinbych]/Powys,306629,331859,FALSE,FALSE,TRUE,TRUE,FALSE,TRUE
2090,Cadair Bronwen,783.4,73.3,"Sim,Hew,N",W,Denbighshire [Sir Ddinbych]/Wrexham,307752,334661,FALSE,FALSE,TRUE,TRUE,FALSE,TRUE
2091,Glasgwm,779,215,"Ma,Sim,Hew,N",W,Gwynedd,283674,319455,FALSE,FALSE,TRUE,TRUE,TRUE,TRUE
2092,Tomle,740.6,20.9,"N,sSim",W,Powys/Wrexham,308529,333529,FALSE,FALSE,FALSE,TRUE,FALSE,FALSE
2094,Moel yr Ewig,694.7,24.2,"N,sSim",W,Powys,308068,331776,FALSE,FALSE,FALSE,TRUE,FALSE,FALSE
2095,Foel Wen,690.6,58.9,"Sim,Hew,N",W,Powys/Wrexham,309934,333408,FALSE,FALSE,TRUE,TRUE,FALSE,TRUE
2096,Foel Hafod-fynydd,689,88,"Sim,Hew,N",W,Gwynedd,287761,322715,FALSE,FALSE,TRUE,TRUE,FALSE,TRUE
2097,Foel Wen South Top,687.9,21.6,"N,sSim",W,Powys/Wrexham,310233,333045,FALSE,FALSE,FALSE,TRUE,FALSE,FALSE
2098,Pen y Brynfforchog [Pen y Brynnfforchog],684.9,71,"Sim,Hew,N",W,Gwynedd,281777,317961,FALSE,FALSE,TRUE,TRUE,FALSE,TRUE
2099,Gwaun y Llwyni,685.5,42.6,"Sim,Hew,N",W,Gwynedd,285721,320485,FALSE,FALSE,TRUE,TRUE,FALSE,TRUE
2101,Mynydd Tarw,679.4,44.2,"Sim,Hew,N",W,Powys/Wrexham,311267,332441,FALSE,FALSE,TRUE,TRUE,FALSE,TRUE
2102,Godor,679.2,24.9,"N,sSim",W,Powys,309432,330746,FALSE,FALSE,FALSE,TRUE,FALSE,FALSE
2103,Godor North Top,675,18,N,W,Powys,308922,331121,FALSE,FALSE,FALSE,TRUE,FALSE,FALSE
2104,Esgeiriau Gwynion [Foel Rhudd],669.9,170,"Ma,Sim,Hew,N",W,Gwynedd,288926,323617,FALSE,FALSE,TRUE,TRUE,TRUE,TRUE
2106,Post Gwyn,665,61,"Sim,Hew,N",W,Powys,304798,329398,FALSE,FALSE,TRUE,TRUE,FALSE,TRUE
2107,Y Groes Fagl,659,15.5,N,W,Gwynedd,298849,329002,FALSE,FALSE,FALSE,TRUE,FALSE,FALSE
2108,Foel Rhudd,659,19,N,W,Gwynedd,289563,323948,FALSE,FALSE,FALSE,TRUE,FALSE,FALSE
2109,Foel Cwm-Sian Llwyd [Foel Cwm Sian Llwyd],648,58,"Sim,Hew,N",W,Gwynedd,299585,331383,FALSE,FALSE,TRUE,TRUE,FALSE,TRUE
2110,Pen y Boncyn Trefeilw,644.2,55,"Sim,Hew,N",W,Gwynedd,296250,328328,FALSE,FALSE,TRUE,TRUE,FALSE,TRUE
2112,Gwaun Lydan,632,18,N,W,Gwynedd,288060,321194,FALSE,FALSE,FALSE,TRUE,FALSE,FALSE
2113,Moel Fferna,630,107,"Hu,Sim,Hew,N",W,Denbighshire [Sir Ddinbych],311681,339797,FALSE,FALSE,TRUE,TRUE,FALSE,TRUE
2114,Stac Rhos,629.8,26,"N,sSim",W,Gwynedd,296916,327926,FALSE,FALSE,FALSE,TRUE,FALSE,FALSE
2115,Foel y Geifr,626.2,111.2,"Hu,Sim,Hew,N",W,Gwynedd,293709,327525,FALSE,FALSE,TRUE,TRUE,FALSE,TRUE
2116,Moel y Cerrig Duon,624.5,79,"Sim,Hew,N",W,Gwynedd/Powys,292350,324148,FALSE,FALSE,TRUE,TRUE,FALSE,TRUE
2117,Cefn Dylif [Pen Bwlch Llandrillo Top],618,36,"Sim,Hew,N",W,Denbighshire [Sir Ddinbych],308944,336944,FALSE,FALSE,TRUE,TRUE,FALSE,TRUE
2118,Waun Camddwr,621.7,15.5,N,W,Gwynedd,284726,320550,FALSE,FALSE,FALSE,TRUE,FALSE,FALSE
2119,Pen yr Allt Uchaf,630.1,59.9,"Sim,Hew,N",W,Gwynedd,287098,319666,FALSE,FALSE,TRUE,TRUE,FALSE,TRUE
2121,Cefn Gwyntog,614,26.7,"N,sSim",W,Powys,297598,326694,FALSE,FALSE,FALSE,TRUE,FALSE,FALSE
2122,Llechwedd Du,613.4,34,"Sim,Hew,N",W,Gwynedd,289396,322397,FALSE,FALSE,TRUE,TRUE,FALSE,TRUE
2123,Foel Goch,612.7,47,"Sim,Hew,N",W,Gwynedd,294338,329080,FALSE,FALSE,TRUE,TRUE,FALSE,TRUE
2124,Trum y Gwragedd [Trum y Gwrgedd],611.1,24.4,"N,sSim",W,Gwynedd,294114,328400,FALSE,FALSE,FALSE,TRUE,FALSE,FALSE
2126,Glan-hafon [Y Garn],607.8,83,"Sim,Dew",W,Powys,308062,327284,FALSE,FALSE,FALSE,FALSE,FALSE,TRUE
2127,Foel Tyn-y-fron [Moel y Pawl] [Cefn Coch],605.7,46.8,"Sim,Dew",W,Gwynedd,291857,325732,FALSE,FALSE,FALSE,FALSE,FALSE,TRUE
2128,Cefn Perfedd [Pen y Lladron],600.9,32.3,"Sim,Dew",W,Denbighshire [Sir Ddinbych],309937,337405,FALSE,FALSE,FALSE,FALSE,FALSE,TRUE
2129,Y Gribin,600.5,34.1,"Sim,Dew",W,Gwynedd,284353,317708,FALSE,FALSE,FALSE,FALSE,FALSE,TRUE
2131,Rhialgwm,540.5,220.5,"Ma,5,Dew",W,Powys,305494,321172,FALSE,FALSE,FALSE,FALSE,TRUE,FALSE
2132,Gyrn Moelfre,522.9,233.3,"Ma,5,Dew",W,Powys,318444,329384,FALSE,FALSE,FALSE,FALSE,TRUE,FALSE
2134,Allt y Main,356.3,174.6,"Ma,3",W,Powys,316210,315145,FALSE,FALSE,FALSE,FALSE,TRUE,FALSE
2135,Mynydd-y-briw,341,165,"Ma,3",W,Powys,317402,326070,FALSE,FALSE,FALSE,FALSE,TRUE,FALSE
2136,Y Golfa,341.4,165,"Ma,3",W,Powys,318250,307088,FALSE,FALSE,FALSE,FALSE,TRUE,FALSE
2137,Cadair Idris - Penygadair,892.7,606,"Ma,Sim,Hew,N,HHB",W,Gwynedd,271114,313035,FALSE,FALSE,TRUE,TRUE,TRUE,TRUE
2138,Mynydd Moel,863,67,"Sim,Hew,N,HHB",W,Gwynedd,272747,313679,FALSE,FALSE,TRUE,TRUE,FALSE,TRUE
2139,Cyfrwy,811,31,"Sim,Hew,N",W,Gwynedd,270392,313333,FALSE,FALSE,TRUE,TRUE,FALSE,TRUE
2140,Craig Cwm Amarch,791.9,79.2,"Sim,Hew,N",W,Gwynedd,271062,312126,FALSE,FALSE,TRUE,TRUE,FALSE,TRUE
2143,Gau Graig,683.7,25.4,"N,sSim",W,Gwynedd,274374,314023,FALSE,FALSE,FALSE,TRUE,FALSE,FALSE
2145,Maesglase,678.5,317.8,"Ma,Sim,Hew,N",W,Gwynedd,281729,315033,FALSE,FALSE,TRUE,TRUE,TRUE,TRUE
2147,Waun-oer,670,120,"Hu,Sim,Hew,N",W,Gwynedd,278553,314781,FALSE,FALSE,TRUE,TRUE,FALSE,TRUE
2148,Tarren y Gesail,666.9,465.4,"Ma,Sim,Hew,N",W,Gwynedd,271036,305889,FALSE,FALSE,TRUE,TRUE,TRUE,TRUE
2149,Craig-las [Tyrrau Mawr],661,101,"Hu,Sim,Hew,N",W,Gwynedd,267704,313557,FALSE,FALSE,TRUE,TRUE,FALSE,TRUE
2150,Cribin Fawr,658.8,93,"Sim,Hew,N,sHu",W,Gwynedd,279452,315286,FALSE,FALSE,TRUE,TRUE,FALSE,TRUE
2151,Tarrenhendre,634,203,"Ma,Sim,Hew,N",W,Gwynedd,268281,304152,FALSE,FALSE,TRUE,TRUE,TRUE,TRUE
2152,Craig-y-llyn,622,132,"Hu,Sim,Hew,N",W,Gwynedd,266536,311988,FALSE,FALSE,TRUE,TRUE,FALSE,TRUE
2153,Craig Portas [Mynydd Dolgoed],604.2,54.2,"Sim,Dew",W,Gwynedd,280157,314123,FALSE,FALSE,FALSE,FALSE,FALSE,TRUE
2155,Craig Goch [Mynydd Cwmcelli],468.3,156,"Ma,4",W,Gwynedd,280458,309954,FALSE,FALSE,FALSE,FALSE,TRUE,FALSE
2157,Foel Cae'rberllan,380,211,"Ma,3",W,Gwynedd,267628,308208,FALSE,FALSE,FALSE,FALSE,TRUE,FALSE
2158,Moel Fynydd [Craig y Castell],321,153,"Ma,3",W,Gwynedd,269779,316199,FALSE,FALSE,FALSE,FALSE,TRUE,FALSE
2159,Foel Cocyn,312.8,250.3,"Ma,3",W,Gwynedd,262456,304290,FALSE,FALSE,FALSE,FALSE,TRUE,FALSE
2160,Gamallt,288.5,208.3,"Ma,2",W,Gwynedd,266550,306761,FALSE,FALSE,FALSE,FALSE,TRUE,FALSE
2161,Pumlumon Fawr [Plynlimon],752,526,"Ma,Sim,Hew,N,CoH,CoA,CoU",W,Cardiganshire [Ceredigion],278969,286941,FALSE,FALSE,TRUE,TRUE,TRUE,TRUE
2162,Pen Pumlumon Arwystli,741,64,"Sim,Hew,N",W,Cardiganshire [Ceredigion],281492,287751,FALSE,FALSE,TRUE,TRUE,FALSE,TRUE
2163,Pen Pumlumon Llygad-bychan [Plynlimon East Top],727,36,"Sim,Hew,N",W,Cardiganshire [Ceredigion],279899,287154,FALSE,FALSE,TRUE,TRUE,FALSE,TRUE
2164,Y Garn [Drum Peithnant],684,56,"Sim,Hew,N",W,Cardiganshire [Ceredigion],277562,285149,FALSE,FALSE,TRUE,TRUE,FALSE,TRUE
2165,Pumlumon Fach,664,18.8,N,W,Cardiganshire [Ceredigion],278725,287434,FALSE,FALSE,FALSE,TRUE,FALSE,FALSE
2166,Banc Llechwedd-mawr,560,161,"Ma,5,Dew",W,Powys,277541,289840,FALSE,FALSE,FALSE,FALSE,TRUE,FALSE
2167,Drosgol,550,193,"Ma,5,Dew",W,Cardiganshire [Ceredigion],275959,287858,FALSE,FALSE,FALSE,FALSE,TRUE,FALSE
2168,Carnedd Wen,523,231,"Ma,5,Dew",W,Powys,292405,309917,FALSE,FALSE,FALSE,FALSE,TRUE,FALSE
2169,Disgwylfa Fawr,507,154,"Ma,5,Dew",W,Cardiganshire [Ceredigion],273729,284739,FALSE,FALSE,FALSE,FALSE,TRUE,FALSE
2170,Bryn Amlwg,489.7,171,"Ma,4",W,Powys,292157,297341,FALSE,FALSE,FALSE,FALSE,TRUE,FALSE
2171,Garreg-hir,484.9,150.7,"Ma,4",W,Powys,299869,297916,FALSE,FALSE,FALSE,FALSE,TRUE,FALSE
2172,Bryn y Fan,482,175,"Ma,4",W,Powys,293123,288496,FALSE,FALSE,FALSE,FALSE,TRUE,FALSE
2173,Esgair Ddu,464.2,224.1,"Ma,4",W,Powys,287324,310641,FALSE,FALSE,FALSE,FALSE,TRUE,FALSE
2174,Stingwern Hill,358,180,"Ma,3",W,Powys,313285,301455,FALSE,FALSE,FALSE,FALSE,TRUE,FALSE
2175,Upper Park,352,174,"Ma,3",W,Powys,318976,305270,FALSE,FALSE,FALSE,FALSE,TRUE,FALSE
2178,Great Rhos,660,379,"Ma,Sim,Hew,N,CoH,CoA",W,Powys,318218,263897,FALSE,FALSE,TRUE,TRUE,TRUE,TRUE
2179,Black Mixen,650,45,"Sim,Hew,N",W,Powys,319650,264397,FALSE,FALSE,TRUE,TRUE,FALSE,TRUE
2181,Bache Hill,610,41,"Sim,Hew,N",W,Powys,321284,263607,FALSE,FALSE,TRUE,TRUE,FALSE,TRUE
2182,Pegwn Mawr,586,300,"Ma,5,Dew",W,Powys,302392,281242,FALSE,FALSE,FALSE,FALSE,TRUE,FALSE
2183,Beacon Hill,547,179,"Ma,5,Dew",W,Powys,317645,276794,FALSE,FALSE,FALSE,FALSE,TRUE,FALSE
2184,Gwaunceste Hill,542.1,165.1,"Ma,5,Dew",W,Powys,315821,255548,FALSE,FALSE,FALSE,FALSE,TRUE,FALSE
2187,Corndon Hill,513.6,203.1,"Ma,5,Dew",W,Powys,330600,296923,FALSE,FALSE,FALSE,FALSE,TRUE,FALSE
2188,Garreg Lwyd,498.1,205,"Ma,4",W,Powys,294214,273327,FALSE,FALSE,FALSE,FALSE,TRUE,FALSE
2189,Gwastedyn Hill,477.3,244.1,"Ma,4",W,Powys,298681,266145,FALSE,FALSE,FALSE,FALSE,TRUE,FALSE
2192,Cefn Cenarth,460,155,"Ma,4",W,Powys,296905,276263,FALSE,FALSE,FALSE,FALSE,TRUE,FALSE
2193,Aberedw Hill,450.9,229.7,"Ma,4",W,Powys,308445,250775,FALSE,FALSE,FALSE,FALSE,TRUE,FALSE
2195,Carneddau,445,206,"Ma,4",W,Powys,306991,255197,FALSE,FALSE,FALSE,FALSE,TRUE,FALSE
2197,Rhiw Gwraidd,441.7,212,"Ma,4",W,Powys,301608,263432,FALSE,FALSE,FALSE,FALSE,TRUE,FALSE
2199,The Begwns,415,157,"Ma,4",W,Powys,315500,244409,FALSE,FALSE,FALSE,FALSE,TRUE,FALSE
2200,Long Mountain,408,305,"Ma,4",W,Powys,326474,305823,FALSE,FALSE,FALSE,FALSE,TRUE,FALSE
2201,Moel y Golfa,403.2,261,"Ma,4",W,Powys,329074,312529,FALSE,FALSE,FALSE,FALSE,TRUE,FALSE
2202,Caeliber Isaf,353.5,169.5,"Ma,3",W,Powys,321164,293412,FALSE,FALSE,FALSE,FALSE,TRUE,FALSE
2203,Drygarn Fawr,645,259,"Ma,Sim,Hew,N",W,Powys,286287,258409,FALSE,FALSE,TRUE,TRUE,TRUE,TRUE
2204,Gorllwyn,612.7,89.7,"Sim,Hew,N",W,Powys,291792,259047,FALSE,FALSE,TRUE,TRUE,FALSE,TRUE
2205,Pen y Garn,611,194,"Ma,Sim,Hew,N",W,Cardiganshire [Ceredigion],279854,277143,FALSE,FALSE,TRUE,TRUE,TRUE,TRUE
2206,Y Gamriw,602.6,48,"Sim,Dew",W,Powys,294404,261188,FALSE,FALSE,FALSE,FALSE,FALSE,TRUE
2207,Llan Ddu Fawr [Carnyrhyrddod] [Waun Claerddu],592.8,168.1,"Ma,5,Dew",W,Cardiganshire [Ceredigion],279068,270423,FALSE,FALSE,FALSE,FALSE,TRUE,FALSE
2208,Foel Cwmcerwyn,536.5,345.7,"Ma,5,Dew,CoH,CoA,CoU",W,Pembrokeshire [Sir Benfro],209407,231156,FALSE,FALSE,FALSE,FALSE,TRUE,FALSE
2209,Pen y Garn-goch,487,160,"Ma,4",W,Powys,288482,250281,FALSE,FALSE,FALSE,FALSE,TRUE,FALSE
2210,Carn Gafallt,467.9,161.2,"Ma,4",W,Powys,294006,264643,FALSE,FALSE,FALSE,FALSE,TRUE,FALSE
2211,Mynydd Mallaen,461,202,"Ma,4",W,Carmarthenshire [Sir Gaerfyrddin],272218,245535,FALSE,FALSE,FALSE,FALSE,TRUE,FALSE
2213,Frenni Fawr,394.8,176.2,"Ma,3",W,Pembrokeshire [Sir Benfro],220297,234911,FALSE,FALSE,FALSE,FALSE,TRUE,FALSE
2214,Hafod Ithel,361,156,"Ma,3",W,Cardiganshire [Ceredigion],261062,267795,FALSE,FALSE,FALSE,FALSE,TRUE,FALSE
2215,Mynydd Carningli,346.9,232.1,"Ma,3",W,Pembrokeshire [Sir Benfro],206240,237225,FALSE,FALSE,FALSE,FALSE,TRUE,FALSE
2219,Mynydd Cynros,329,221,"Ma,3",W,Carmarthenshire [Sir Gaerfyrddin],262056,232685,FALSE,FALSE,FALSE,FALSE,TRUE,FALSE
2221,Rhos Ymryson,323.4,160.9,"Ma,3",W,Cardiganshire [Ceredigion],246034,250013,FALSE,FALSE,FALSE,FALSE,TRUE,FALSE
2222,Pen-crug-melyn,326,184,"Ma,3",W,Carmarthenshire [Sir Gaerfyrddin],250271,228503,FALSE,FALSE,FALSE,FALSE,TRUE,FALSE
2224,Brandy Hill,206,153,"Ma,2",W,Carmarthenshire [Sir Gaerfyrddin],221343,213380,FALSE,FALSE,FALSE,FALSE,TRUE,FALSE
2226,Pen y Fan,886,672,"Ma,Sim,Hew,N,HHB,CoH,CoA,CoU",W,Powys,301208,221583,FALSE,FALSE,TRUE,TRUE,TRUE,TRUE
2227,Corn Du,871.5,28.2,"N,HHB,sSim",W,Powys,300718,221330,FALSE,FALSE,FALSE,TRUE,FALSE,FALSE
2228,Craig Gwaun Taf [Duwynt],826.4,16.1,N,W,Powys,300551,220720,FALSE,FALSE,FALSE,TRUE,FALSE,FALSE
2229,Waun Fach,811,622,"Ma,Sim,Hew,N",W,Powys,321550,229984,FALSE,FALSE,TRUE,TRUE,TRUE,TRUE
2231,Pen y Gadair Fawr,800,47,"Sim,Hew,N",W,Powys,322944,228758,FALSE,FALSE,TRUE,TRUE,FALSE,TRUE
2232,Cribyn,795,129,"Hu,Sim,Hew,N",W,Powys,302390,221312,FALSE,FALSE,TRUE,TRUE,FALSE,TRUE
2233,Waun Rydd,769.2,169,"Ma,Sim,Hew,N",W,Powys,306212,220645,FALSE,FALSE,TRUE,TRUE,TRUE,TRUE
2234,Fan Hir,760,42.7,"Sim,Hew,N",W,Powys,283089,220922,FALSE,FALSE,TRUE,TRUE,FALSE,TRUE
2235,Bwlch y Ddwyallt [Gwaun Cerrig Llwydion],754.1,18.9,N,W,Powys,305511,220380,FALSE,FALSE,FALSE,TRUE,FALSE,FALSE
2236,Bannau Sir Gaer - Picws Du,749.1,93.2,"Sim,Hew,N,sHu",W,Carmarthenshire [Sir Gaerfyrddin],281171,221859,FALSE,FALSE,TRUE,TRUE,FALSE,TRUE
2237,Fan Fawr,734,295,"Ma,Sim,Hew,N",W,Powys,296987,219364,FALSE,FALSE,TRUE,TRUE,TRUE,TRUE
2238,Fan Gyhirych,726.1,282,"Ma,Sim,Hew,N",W,Powys,288054,219119,FALSE,FALSE,TRUE,TRUE,TRUE,TRUE
2239,Pen Allt-mawr,719.6,103.5,"Hu,Sim,Hew,N",W,Powys,320688,224302,FALSE,FALSE,TRUE,TRUE,FALSE,TRUE
2240,Fan y Big,716.7,28.5,"N,sSim",W,Powys,303652,220664,FALSE,FALSE,FALSE,TRUE,FALSE,FALSE
2241,Rhos Dirion,713.4,22.3,"N,sSim",W,Powys,321184,233342,FALSE,FALSE,FALSE,TRUE,FALSE,FALSE
2242,Black Mountain,703.6,155,"Ma,Sim,Hew,N,CoH,CoA,CoU",W,Herefordshire/Powys,325521,235385,FALSE,FALSE,TRUE,TRUE,TRUE,TRUE
2243,Pen Cerrig-calch,701,53,"Sim,Hew,N",W,Powys,321653,222414,FALSE,FALSE,TRUE,TRUE,FALSE,TRUE
2244,Twmpa,690,79,"Sim,Hew,N",W,Powys,322480,235057,FALSE,FALSE,TRUE,TRUE,FALSE,TRUE
2245,Chwarel y Fan,679,72,"Sim,Hew,N,CoH,CoA,CoU",W,Monmouthshire [Sir Fynwy],325817,229412,FALSE,FALSE,TRUE,TRUE,FALSE,TRUE
2246,Waun Lefrith,676.1,15.9,N,W,Carmarthenshire [Sir Gaerfyrddin],279834,221449,FALSE,FALSE,FALSE,TRUE,FALSE,FALSE
2248,Fan Fraith,668,17,N,W,Powys,288755,218331,FALSE,FALSE,FALSE,TRUE,FALSE,FALSE
2249,Fan Nedd,663,174,"Ma,Sim,Hew,N",W,Powys,291332,218408,FALSE,FALSE,TRUE,TRUE,TRUE,TRUE
2250,Mynydd Llysiau,663,42,"Sim,Hew,N",W,Powys,320705,227942,FALSE,FALSE,TRUE,TRUE,FALSE,TRUE
2251,Pen Twyn Mawr,658,18,N,W,Powys,324226,226723,FALSE,FALSE,FALSE,TRUE,FALSE,FALSE
2252,Allt Lwyd,653.1,27.7,"N,sSim",W,Powys,307860,218910,FALSE,FALSE,FALSE,TRUE,FALSE,FALSE
2253,Pen Twyn Glas,646,20.1,"N,sSim",W,Powys,321301,225733,FALSE,FALSE,FALSE,TRUE,FALSE,FALSE
2255,Garreg Las [Twyn-Swnd],635,94,"Sim,Hew,N,sHu",W,Carmarthenshire [Sir Gaerfyrddin],277744,220326,FALSE,FALSE,TRUE,TRUE,FALSE,TRUE
2256,Fan Llia,631.9,100,"Hu,Sim,Hew,N",W,Powys,293833,218610,FALSE,FALSE,TRUE,TRUE,FALSE,TRUE
2257,Fan Frynych,628.3,46.1,"Sim,Hew,N",W,Powys,295791,222786,FALSE,FALSE,TRUE,TRUE,FALSE,TRUE
2258,Craig Cerrig-gleisiad,629,74.7,"Sim,Hew,N",W,Powys,296069,221799,FALSE,FALSE,TRUE,TRUE,FALSE,TRUE
2259,Y Gyrn,618.7,27.3,"N,sSim",W,Powys,298896,221608,FALSE,FALSE,FALSE,TRUE,FALSE,FALSE
2260,Cefn yr Ystrad,617.3,177.2,"Ma,Sim,Hew,N",W,Powys,308695,213732,FALSE,FALSE,TRUE,TRUE,TRUE,TRUE
2261,Garreg Lwyd [Moel Gornach],616,104,"Hu,Sim,Hew,N",W,Carmarthenshire [Sir Gaerfyrddin],274039,217925,FALSE,FALSE,TRUE,TRUE,FALSE,TRUE
2263,Mynydd Troed,609,286,"Ma,Sim,Dew",W,Powys,316566,229232,FALSE,FALSE,FALSE,FALSE,TRUE,TRUE
2264,Yr Allt,605.2,40,"Sim,Dew",W,Powys,290515,220049,FALSE,FALSE,FALSE,FALSE,FALSE,TRUE
2265,Foel Fraith,602,75,"Sim,Dew",W,Carmarthenshire [Sir Gaerfyrddin],275679,218304,FALSE,FALSE,FALSE,FALSE,FALSE,TRUE
2266,Sugar Loaf [Y Fal],596,411,"Ma,5,Dew",W,Monmouthshire [Sir Fynwy],327251,218765,FALSE,FALSE,FALSE,FALSE,TRUE,FALSE
2267,Tor y Foel,551,157,"Ma,5,Dew",W,Powys,311456,219493,FALSE,FALSE,FALSE,FALSE,TRUE,FALSE
2268,Mynydd Llangorse,515,161,"Ma,5,Dew",W,Powys,315936,226699,FALSE,FALSE,FALSE,FALSE,TRUE,FALSE
2269,Ysgyryd Fawr,486.1,342.5,"Ma,4",W,Monmouthshire [Sir Fynwy],333116,218278,FALSE,FALSE,FALSE,FALSE,TRUE,FALSE
2270,Mynydd Epynt [Mynydd Eppynt],475.5,197,"Ma,4",W,Powys,296124,246429,FALSE,FALSE,FALSE,FALSE,TRUE,FALSE
2272,Craig Syfyrddin - Edmund's Tump,423,235,"Ma,4",W,Monmouthshire [Sir Fynwy],340390,221066,FALSE,FALSE,FALSE,FALSE,TRUE,FALSE
2273,Allt yr Esgair,392.6,199,"Ma,3",W,Powys,312613,224356,FALSE,FALSE,FALSE,FALSE,TRUE,FALSE
2274,Bryn Arw,385,161,"Ma,3",W,Monmouthshire [Sir Fynwy],330155,220698,FALSE,FALSE,FALSE,FALSE,TRUE,FALSE
2276,Myarth,293,164,"Ma,2",W,Powys,317098,220835,FALSE,FALSE,FALSE,FALSE,TRUE,FALSE
2277,Hirfynydd,482,251,"Ma,4",W,Neath Port Talbot,284134,207543,FALSE,FALSE,FALSE,FALSE,TRUE,FALSE
2278,Mynydd Marchywel,418,263,"Ma,4",W,Neath Port Talbot,276819,203768,FALSE,FALSE,FALSE,FALSE,TRUE,FALSE
2279,Trichrug,415,191,"Ma,4",W,Carmarthenshire [Sir Gaerfyrddin],269890,222923,FALSE,FALSE,FALSE,FALSE,TRUE,FALSE
2280,Mynydd y Betws,373.1,208,"Ma,3,CoU",W,Swansea,266471,209482,FALSE,FALSE,FALSE,FALSE,TRUE,FALSE
2281,Mynydd Uchaf,357,182,"Ma,3",W,Neath Port Talbot,271564,210309,FALSE,FALSE,FALSE,FALSE,TRUE,FALSE
2282,Mynydd Allt-y-grug,338.7,190.3,"Ma,3",W,Neath Port Talbot,275329,208134,FALSE,FALSE,FALSE,FALSE,TRUE,FALSE
2283,Mynydd Sylen,284,215,"Ma,2",W,Carmarthenshire [Sir Gaerfyrddin],251533,208009,FALSE,FALSE,FALSE,FALSE,TRUE,FALSE
2284,Mynydd Drumau,272,171,"Ma,2",W,Neath Port Talbot,272501,200176,FALSE,FALSE,FALSE,FALSE,TRUE,FALSE
2285,Mynydd Llangyndeyrn,263,172,"Ma,2",W,Carmarthenshire [Sir Gaerfyrddin],248236,213269,FALSE,FALSE,FALSE,FALSE,TRUE,FALSE
2288,Craig y Llyn,600,393,"Ma,Sim,Dew,CoH,CoA,CoU",W,Neath Port Talbot,290685,203153,FALSE,FALSE,FALSE,FALSE,TRUE,TRUE
2289,Coety Mountain [Coity Mountain] [Mynydd Coety],576.5,226.5,"Ma,5,Dew,CoU",W,Blaenau Gwent,323159,207991,FALSE,FALSE,FALSE,FALSE,TRUE,FALSE
2290,Mynydd Carn-y-cefn,550,176,"Ma,5,Dew",W,Blaenau Gwent,318719,208497,FALSE,FALSE,FALSE,FALSE,TRUE,FALSE
2292,Mynydd Maen [Mynydd Twyn-glas],473,255.1,"Ma,4",W,Caerphilly/Torfaen,325999,197844,FALSE,FALSE,FALSE,FALSE,TRUE,FALSE
2293,Cefn Eglwysilan,382.4,233.5,"Ma,3",W,Rhondda Cynon Taff,309709,190506,FALSE,FALSE,FALSE,FALSE,TRUE,FALSE
2294,Mynydd y Lan,381.3,221.7,"Ma,3",W,Caerphilly,320903,192340,FALSE,FALSE,FALSE,FALSE,TRUE,FALSE
2295,Mynydd y Glyn,377,189,"Ma,3",W,Rhondda Cynon Taff,303191,189642,FALSE,FALSE,FALSE,FALSE,TRUE,FALSE
2296,Foel Fynyddau,370,222,"Ma,3",W,Neath Port Talbot,278284,193601,FALSE,FALSE,FALSE,FALSE,TRUE,FALSE
2298,Wentwood,309.1,242.9,"Ma,3,CoU",W,Monmouthshire [Sir Fynwy]/Newport,341131,194309,FALSE,FALSE,FALSE,FALSE,TRUE,FALSE
2299,Garth Hill,306.9,220.8,"Ma,3,CoU",W,Cardiff,310339,183501,FALSE,FALSE,FALSE,FALSE,TRUE,FALSE
2300,Craig yr Allt,273,154,"Ma,2",W,Rhondda Cynon Taff,313331,185060,FALSE,FALSE,FALSE,FALSE,TRUE,FALSE
2301,Mynydd Dinas,258.1,152.5,"Ma,2",W,Neath Port Talbot,276144,191530,FALSE,FALSE,FALSE,FALSE,TRUE,FALSE
2925,Beinn a' Chroin,941.4,136.9,"Hu,M,Sim,HHB",S,Stirling,238755,718573,TRUE,FALSE,FALSE,FALSE,FALSE,TRUE
2932,Sron a' Chaoineidh,870.1,88.2,"Sim,HHB",S,Perth and Kinross,277060,736851,FALSE,FALSE,FALSE,FALSE,FALSE,TRUE
2933,Meall nan Eanchainn,856.4,42,"Sim,HHB",S,Perth and Kinross,278777,736770,FALSE,FALSE,FALSE,FALSE,FALSE,TRUE
2934,Creag nan Eun,853.7,117.3,"Hu,Sim,HHB",S,Perth and Kinross,272715,731843,FALSE,FALSE,FALSE,FALSE,FALSE,TRUE
2935,Meall nan Oighreag,833,52,Sim,S,Perth and Kinross,270533,734078,FALSE,FALSE,FALSE,FALSE,FALSE,TRUE
2936,Meall nam Fuaran,805,134,"Hu,Sim",S,Perth and Kinross,282591,736168,FALSE,FALSE,FALSE,FALSE,FALSE,TRUE
2937,Meall nam Fuaran North Top,797,39,Sim,S,Perth and Kinross,282021,737026,FALSE,FALSE,FALSE,FALSE,FALSE,TRUE
2938,Choinneachain Hill,786.2,81.2,Sim,S,Perth and Kinross,281876,728912,FALSE,FALSE,FALSE,FALSE,FALSE,TRUE
2939,Carn Chois,786,118,"Hu,Sim",S,Perth and Kinross,279159,727748,FALSE,FALSE,FALSE,FALSE,FALSE,TRUE
2940,Stonefield Hill,769.6,66,Sim,S,Perth and Kinross,283315,729722,FALSE,FALSE,FALSE,FALSE,FALSE,TRUE
2941,Meall na Caora,763.4,65.7,Sim,S,Stirling,260791,715077,FALSE,FALSE,FALSE,FALSE,FALSE,TRUE
2942,Stob Coire Bhuidhe,856.8,41.7,"Sim,HHB",S,Stirling,240921,722874,FALSE,FALSE,FALSE,FALSE,FALSE,TRUE
2943,Meall Reamhar,844.2,97.2,"Sim,HHB,sHu",S,Stirling,242484,715539,FALSE,FALSE,FALSE,FALSE,FALSE,TRUE
2944,Stob Glas,830.6,44.3,Sim,S,Stirling,240372,720259,FALSE,FALSE,FALSE,FALSE,FALSE,TRUE
2945,Meall an Fhiodhain,818.5,77.3,Sim,S,Stirling,253127,724488,FALSE,FALSE,FALSE,FALSE,FALSE,TRUE
2946,Meall Dhamh,813.6,46.1,Sim,S,Stirling,239840,721696,FALSE,FALSE,FALSE,FALSE,FALSE,TRUE
2947,Cam Chreag,812.6,33.2,Sim,S,Stirling,253987,724095,FALSE,FALSE,FALSE,FALSE,FALSE,TRUE
2948,Meall an Fhiodhain West Top,792,75.2,Sim,S,Stirling,252090,724912,FALSE,FALSE,FALSE,FALSE,FALSE,TRUE
2949,Ptarmigan,778,33,Sim,S,Stirling,236042,702857,FALSE,FALSE,FALSE,FALSE,FALSE,TRUE
2950,Stac a' Chuirn,852.4,34.9,"Sim,HHB",S,Argyll and Bute,219053,718095,FALSE,FALSE,FALSE,FALSE,FALSE,TRUE
2951,The Cobbler North Peak,870,48,"Sim,HHB",S,Argyll and Bute,226159,706025,FALSE,FALSE,FALSE,FALSE,FALSE,TRUE
2953,A' Chrois,848.7,106.8,"Hu,Sim,HHB",S,Argyll and Bute,228841,707744,FALSE,FALSE,FALSE,FALSE,FALSE,TRUE
2954,Binnein an Fhidhleir,811,100.5,"Hu,Sim",S,Argyll and Bute,221495,710775,FALSE,FALSE,FALSE,FALSE,FALSE,TRUE
2955,Little Hills West,808,45,Sim,S,Argyll and Bute,230325,712441,FALSE,FALSE,FALSE,FALSE,FALSE,TRUE
2956,Ceann Garbh,804,88.2,Sim,S,Argyll and Bute,222210,720258,FALSE,FALSE,FALSE,FALSE,FALSE,TRUE
2957,Little Hills East,793,54,Sim,S,Argyll and Bute,230795,712334,FALSE,FALSE,FALSE,FALSE,FALSE,TRUE
2958,Creag Tharsuinn,783.5,34.2,Sim,S,Argyll and Bute,227801,707402,FALSE,FALSE,FALSE,FALSE,FALSE,TRUE
2959,Ben Vorlich South Top,783.4,44.9,Sim,S,Argyll and Bute,230393,711062,FALSE,FALSE,FALSE,FALSE,FALSE,TRUE
2960,Beinn Dubh,774.4,53.8,Sim,S,Argyll and Bute,227466,711511,FALSE,FALSE,FALSE,FALSE,FALSE,TRUE
2961,Beinn Chuirn South Top,773,42,Sim,S,Argyll and Bute/Stirling,227462,728464,FALSE,FALSE,FALSE,FALSE,FALSE,TRUE
2962,Creag an Fheadain,889.2,47,"Sim,HHB",S,Perth and Kinross,249763,745250,FALSE,FALSE,FALSE,FALSE,FALSE,TRUE
2963,Meall nan Eun,876.5,92.9,"Sim,HHB,sHu",S,Perth and Kinross,270750,750911,FALSE,FALSE,FALSE,FALSE,FALSE,TRUE
2964,Meall Daill,874.7,132.1,"Hu,Sim,HHB",S,Perth and Kinross,241171,743450,FALSE,FALSE,FALSE,FALSE,FALSE,TRUE
2965,An Grianan,862.6,101.3,"Hu,Sim,HHB",S,Perth and Kinross,248069,742971,FALSE,FALSE,FALSE,FALSE,FALSE,TRUE
2966,Meall Cruinn,829.8,125.8,"Hu,Sim",S,Perth and Kinross,245890,747797,FALSE,FALSE,FALSE,FALSE,FALSE,TRUE
2967,Meall na Feithe Faide,828.2,68.8,Sim,S,Perth and Kinross,241317,745344,FALSE,FALSE,FALSE,FALSE,FALSE,TRUE
2968,Meall Buidhe West Top,824.6,81.8,Sim,S,Perth and Kinross,248258,748539,FALSE,FALSE,FALSE,FALSE,FALSE,TRUE
2969,Creag Mhor,822,48,Sim,S,Perth and Kinross,271277,748989,FALSE,FALSE,FALSE,FALSE,FALSE,TRUE
2970,Meallan Odhar,814.4,38.3,Sim,S,Perth and Kinross,247184,744825,FALSE,FALSE,FALSE,FALSE,FALSE,TRUE
2971,Meall Breac,802,131,"Hu,Sim",S,Perth and Kinross,263838,754234,FALSE,FALSE,FALSE,FALSE,FALSE,TRUE
2972,Guala Mhor,798,53,Sim,S,Argyll and Bute/Perth and Kinross,240411,745770,FALSE,FALSE,FALSE,FALSE,FALSE,TRUE
2973,Creag a' Chaorainn [Meall Phubuill],796.5,90.3,"Sim,sHu",S,Perth and Kinross,244273,743835,FALSE,FALSE,FALSE,FALSE,FALSE,TRUE
2974,Geal Charn,793.5,128.1,"Hu,Sim",S,Perth and Kinross,268152,754469,FALSE,FALSE,FALSE,FALSE,FALSE,TRUE
2975,Meall nan Aighean,790.3,35.8,Sim,S,Perth and Kinross,247129,748918,FALSE,FALSE,FALSE,FALSE,FALSE,TRUE
2976,Creag Riabhach,779.8,83.3,Sim,S,Perth and Kinross,244431,747376,FALSE,FALSE,FALSE,FALSE,FALSE,TRUE
2977,Meall Tionail,892.9,91.1,"Sim,HHB,sHu",S,Perth and Kinross,239045,737798,FALSE,FALSE,FALSE,FALSE,FALSE,TRUE
2978,Sgiath Chuil East Top,883.3,105.7,"Hu,Sim,HHB",S,Stirling,247567,733227,FALSE,FALSE,FALSE,FALSE,FALSE,TRUE
2979,Meall na Samhna,866,42.3,"Sim,HHB",S,Stirling,248915,733358,FALSE,FALSE,FALSE,FALSE,FALSE,TRUE
2980,Meall na Cnap Laraich,846,72,"Sim,HHB",S,Perth and Kinross/Stirling,249880,739752,FALSE,FALSE,FALSE,FALSE,FALSE,TRUE
2981,Creag an Lochain,840.2,47.5,"Sim,HHB",S,Perth and Kinross,259058,740266,FALSE,FALSE,FALSE,FALSE,FALSE,TRUE
2982,Meall Ton Eich,814.3,62,Sim,S,Stirling,255406,738863,FALSE,FALSE,FALSE,FALSE,FALSE,TRUE
2983,Creag an Tulabhain,809,53,Sim,S,Perth and Kinross,252514,741669,FALSE,FALSE,FALSE,FALSE,FALSE,TRUE
2985,Beinn Bhreac,797.8,56,Sim,S,Stirling,250078,732948,FALSE,FALSE,FALSE,FALSE,FALSE,TRUE
2986,Meall Taurnie [Meall Taurnaigh],792,34,Sim,S,Stirling,248812,738720,FALSE,FALSE,FALSE,FALSE,FALSE,TRUE
2987,Creag nam Bodach,778.8,127.2,"Hu,Sim",S,Perth and Kinross/Stirling,244490,737674,FALSE,FALSE,FALSE,FALSE,FALSE,TRUE
2988,Sron Gharbh [Sron Garbh],875,60.2,"Sim,HHB",S,Highland,217763,758460,FALSE,FALSE,FALSE,FALSE,FALSE,TRUE
2990,Aonach Dubh,889.9,35,"Sim,HHB",S,Highland,214993,755850,FALSE,FALSE,FALSE,FALSE,FALSE,TRUE
2991,Beinn Sgulaird South Top,863,78,"Sim,HHB",S,Argyll and Bute,204285,744805,FALSE,FALSE,FALSE,FALSE,FALSE,TRUE
2992,Meall Garbh,848,60,"Sim,HHB",S,Argyll and Bute,204770,745193,FALSE,FALSE,FALSE,FALSE,FALSE,TRUE
2993,Aonach Dubh a' Ghlinne,844.2,50,"Sim,HHB",S,Highland,211995,753412,FALSE,FALSE,FALSE,FALSE,FALSE,TRUE
2994,Beinn Fhionnlaidh East Top,841,46,"Sim,HHB",S,Argyll and Bute/Highland,210699,749791,FALSE,FALSE,FALSE,FALSE,FALSE,TRUE
2995,Sgorr Dhonuill West Top,823.7,47.5,Sim,S,Highland,202689,755781,FALSE,FALSE,FALSE,FALSE,FALSE,TRUE
2996,Beinn Fhada Far East Top,823,39,Sim,S,Highland,216978,755018,FALSE,FALSE,FALSE,FALSE,FALSE,TRUE
2997,Meall Garbh,804,31,Sim,S,Argyll and Bute,202973,742953,FALSE,FALSE,FALSE,FALSE,FALSE,TRUE
2998,Stob Coire nan Easain,778,37,Sim,S,Highland,216556,752738,FALSE,FALSE,FALSE,FALSE,FALSE,TRUE
2999,Trilleachan Slabs,767,74,Sim,S,Argyll and Bute/Highland,209596,744693,FALSE,FALSE,FALSE,FALSE,FALSE,TRUE
3000,Meall nan Tri Tighearnan,891.8,68.9,"Sim,HHB",S,Argyll and Bute/Highland,214539,742561,FALSE,FALSE,FALSE,FALSE,FALSE,TRUE
3001,Meall Odhar,889.5,51,"Sim,HHB",S,Argyll and Bute/Highland,219509,746359,FALSE,FALSE,FALSE,FALSE,FALSE,TRUE
3002,Beinn Eunaich East Top,880,73,"Sim,HHB",S,Argyll and Bute,214509,733470,FALSE,FALSE,FALSE,FALSE,FALSE,TRUE
3003,Meall Tarsuinn,876.2,93.5,"Sim,HHB,sHu",S,Argyll and Bute/Highland,217931,744924,FALSE,FALSE,FALSE,FALSE,FALSE,TRUE
3004,Aonach Mor,867,38.4,"Sim,HHB",S,Highland,221948,747905,FALSE,FALSE,FALSE,FALSE,FALSE,TRUE
3005,Beinn Ceitlein,845,79,"Sim,HHB",S,Highland,217399,748849,FALSE,FALSE,FALSE,FALSE,FALSE,TRUE
3006,Beinn Toaig,832.3,31.2,Sim,S,Argyll and Bute/Highland,226201,745503,FALSE,FALSE,FALSE,FALSE,FALSE,TRUE
3007,Meall Copagach,810,62,Sim,S,Argyll and Bute,215295,734109,FALSE,FALSE,FALSE,FALSE,FALSE,TRUE
3008,Creag a' Bhealaich,773,35.4,Sim,S,Highland,222791,747977,FALSE,FALSE,FALSE,FALSE,FALSE,TRUE
3009,Beinn a' Bhric,874.2,77.2,"Sim,HHB",S,Highland,231798,764232,FALSE,FALSE,FALSE,FALSE,FALSE,TRUE
3010,Leum Uilleim South Top,847.2,32.5,"Sim,HHB",S,Highland,233220,763251,FALSE,FALSE,FALSE,FALSE,FALSE,TRUE
3011,Meall a' Bhuirich,841,93,"Sim,HHB,sHu",S,Highland,225472,770639,FALSE,FALSE,FALSE,FALSE,FALSE,TRUE
3012,Beinn na Caillich,765.9,117.4,"Hu,Sim",S,Highland,214066,762795,FALSE,FALSE,FALSE,FALSE,FALSE,TRUE
3013,Meall Cruaidh,896.7,46,"Sim,HHB",S,Highland,257806,780859,FALSE,FALSE,FALSE,FALSE,FALSE,TRUE
3014,Meall a' Bhealaich,865.3,97.4,"Sim,HHB,sHu",S,Highland/Perth and Kinross,245235,769491,FALSE,FALSE,FALSE,FALSE,FALSE,TRUE
3015,Meall Buidhe,863,41,"Sim,HHB",S,Highland,251118,782495,FALSE,FALSE,FALSE,FALSE,FALSE,TRUE
3016,Meall nam Fiadh,861,32,"Sim,HHB",S,Highland/Perth and Kinross,242074,765265,FALSE,FALSE,FALSE,FALSE,FALSE,TRUE
3017,Garbh-bheinn,857,33,"Sim,HHB",S,Highland,235836,771228,FALSE,FALSE,FALSE,FALSE,FALSE,TRUE
3018,Sron nan Tarmachan,842,37,"Sim,HHB",S,Highland,250943,783210,FALSE,FALSE,FALSE,FALSE,FALSE,TRUE
3019,Meall Chaorach,815,34,Sim,S,Highland,238300,775700,FALSE,FALSE,FALSE,FALSE,FALSE,TRUE
3020,Beinn Pharlagain,806.7,38.6,Sim,S,Perth and Kinross,244501,763204,FALSE,FALSE,FALSE,FALSE,FALSE,TRUE
3021,Meall na Brachdlach,802,54,Sim,S,Highland,251878,782305,FALSE,FALSE,FALSE,FALSE,FALSE,TRUE
3022,Bogha-cloiche,897.4,107.8,"Hu,Sim,HHB",S,Highland,274049,786749,FALSE,FALSE,FALSE,FALSE,FALSE,TRUE
3023,Meall Odhar Mor,891.5,34.4,"Sim,HHB",S,Perth and Kinross,268130,780302,FALSE,FALSE,FALSE,FALSE,FALSE,TRUE
3024,A' Mharconaich,882.3,91.2,"Sim,HHB,sHu",S,Highland,270834,784889,FALSE,FALSE,FALSE,FALSE,FALSE,TRUE
3025,Glas Mheall Beag,881.5,93.3,"Sim,HHB,sHu",S,Perth and Kinross,267339,775720,FALSE,FALSE,FALSE,FALSE,FALSE,TRUE
3026,Meallan Buidhe,880,80.4,"Sim,HHB",S,Perth and Kinross,261108,771468,FALSE,FALSE,FALSE,FALSE,FALSE,TRUE
3027,An Sgulan,865,86,"Sim,HHB",S,Perth and Kinross,257044,772213,FALSE,FALSE,FALSE,FALSE,FALSE,TRUE
3028,Creag an Dubh-chadha,840.5,69,"Sim,HHB",S,Highland,273283,782938,FALSE,FALSE,FALSE,FALSE,FALSE,TRUE
3029,Meall Odhar Mor,835.7,33.9,Sim,S,Highland,272361,784079,FALSE,FALSE,FALSE,FALSE,FALSE,TRUE
3030,Glas Meall a' Chumhainn,827,103,"Hu,Sim",S,Perth and Kinross,257257,769683,FALSE,FALSE,FALSE,FALSE,FALSE,TRUE
3031,Bruthach na Craoibhe [Bruthaich na Craoibhe],822.8,30.3,Sim,S,Highland,271229,782059,FALSE,FALSE,FALSE,FALSE,FALSE,TRUE
3032,Am Meadar,802.7,65.7,Sim,S,Perth and Kinross,270378,778830,FALSE,FALSE,FALSE,FALSE,FALSE,TRUE
3033,Sgor Dearg,801.4,57.3,Sim,S,Highland,274769,784674,FALSE,FALSE,FALSE,FALSE,FALSE,TRUE
3034,Beinn Bhoidheach,790.3,69.9,Sim,S,Perth and Kinross,256717,765574,FALSE,FALSE,FALSE,FALSE,FALSE,TRUE
3035,Carn Dearg,785.6,31.5,Sim,S,Perth and Kinross,253380,767529,FALSE,FALSE,FALSE,FALSE,FALSE,TRUE
3036,Creagan Mor,773.2,71,Sim,S,Highland,261556,780518,FALSE,FALSE,FALSE,FALSE,FALSE,TRUE
3037,Meall Tionail,899.7,45.1,"Sim,HHB",S,Highland,289143,784874,FALSE,FALSE,FALSE,FALSE,FALSE,TRUE
3038,Beinn a' Chait,898.5,116.9,"Hu,Sim,HHB",S,Perth and Kinross,286498,774855,FALSE,FALSE,FALSE,FALSE,FALSE,TRUE
3039,A' Chioch,893.4,68,"Sim,HHB",S,Highland,279406,784385,FALSE,FALSE,FALSE,FALSE,FALSE,TRUE
3040,Braigh nan Creagan Breac,884.9,30.8,"Sim,HHB",S,Perth and Kinross,289771,775844,FALSE,FALSE,FALSE,FALSE,FALSE,TRUE
3041,Elrig 'ic an Toisich,887,34.2,"Sim,HHB",S,Perth and Kinross,286563,778836,FALSE,FALSE,FALSE,FALSE,FALSE,TRUE
3042,Braigh Sron Ghorm,879.1,82.9,"Sim,HHB",S,Perth and Kinross,290314,778343,FALSE,FALSE,FALSE,FALSE,FALSE,TRUE
3043,Carn a' Chiaraidh,871.1,47.6,"Sim,HHB",S,Perth and Kinross,287863,777375,FALSE,FALSE,FALSE,FALSE,FALSE,TRUE
3044,Meall Odhar Loisgte,864.6,37.2,"Sim,HHB",S,Highland,280561,784612,FALSE,FALSE,FALSE,FALSE,FALSE,TRUE
3045,Conlach Mhor,862.7,80.4,"Sim,HHB",S,Perth and Kinross,293095,776780,FALSE,FALSE,FALSE,FALSE,FALSE,TRUE
3046,Glas-leathad Feshie,858.6,97.1,"Sim,HHB,sHu",S,Highland/Perth and Kinross,284435,783884,FALSE,FALSE,FALSE,FALSE,FALSE,TRUE
3047,Sron Gharbh,852,59,"Sim,HHB",S,Perth and Kinross,289679,782184,FALSE,FALSE,FALSE,FALSE,FALSE,TRUE
3048,Bruthach nan Creagan,854.5,101.9,"Hu,Sim,HHB",S,Highland,275024,780508,FALSE,FALSE,FALSE,FALSE,FALSE,TRUE
3049,Meall an Uillt Chreagaich,846.1,83.6,"Sim,HHB",S,Highland,282650,787138,FALSE,FALSE,FALSE,FALSE,FALSE,TRUE
3050,Glas-leathad Lorgaidh,841.3,31.4,"Sim,HHB",S,Highland,283439,787127,FALSE,FALSE,FALSE,FALSE,FALSE,TRUE
3051,Beinn Bhreac NW Top,837.2,45,Sim,S,Highland/Perth and Kinross,286457,783177,FALSE,FALSE,FALSE,FALSE,FALSE,TRUE
3052,Braigh Coire na Conlaich,834.7,110,"Hu,Sim",S,Perth and Kinross,293941,777839,FALSE,FALSE,FALSE,FALSE,FALSE,TRUE
3053,Leac an Taobhain,832,37.1,Sim,S,Highland,283231,784954,FALSE,FALSE,FALSE,FALSE,FALSE,TRUE
3054,Sron a' Chleirich,816.3,59.3,Sim,S,Perth and Kinross,278407,776900,FALSE,FALSE,FALSE,FALSE,FALSE,TRUE
3055,Meall Tionail,802.7,33.3,Sim,S,Perth and Kinross,291976,777557,FALSE,FALSE,FALSE,FALSE,FALSE,TRUE
3056,Braigh Coire Caochan nan Laogh,798,56.1,Sim,S,Aberdeenshire/Perth and Kinross,296040,781804,FALSE,FALSE,FALSE,FALSE,FALSE,TRUE
3057,Sron Odhar,793.7,47.7,Sim,S,Perth and Kinross,274302,778582,FALSE,FALSE,FALSE,FALSE,FALSE,TRUE
3058,Uchd a' Chlarsair,790.2,33.8,Sim,S,Perth and Kinross,281630,782151,FALSE,FALSE,FALSE,FALSE,FALSE,TRUE
3059,Sron na Faiceachan,792.4,51,Sim,S,Perth and Kinross,280764,777495,FALSE,FALSE,FALSE,FALSE,FALSE,TRUE
3060,Meall Tionail na Beinne Brice,790.4,45.3,Sim,S,Perth and Kinross,288192,781507,FALSE,FALSE,FALSE,FALSE,FALSE,TRUE
3061,Beinn Losgarnaich,784.4,50.3,Sim,S,Perth and Kinross,283954,778882,FALSE,FALSE,FALSE,FALSE,FALSE,TRUE
3062,Meall Odhar Ailleag,781.7,42.4,Sim,S,Perth and Kinross,280954,779524,FALSE,FALSE,FALSE,FALSE,FALSE,TRUE
3063,Leathad na Lice,781.4,49,Sim,S,Highland/Perth and Kinross,276166,780737,FALSE,FALSE,FALSE,FALSE,FALSE,TRUE
3064,Scarsoch Bheag,774,37,Sim,S,Aberdeenshire,293424,785269,FALSE,FALSE,FALSE,FALSE,FALSE,TRUE
3065,Leachdann Feith Seasgachain South Top,772,46,Sim,S,Perth and Kinross,291976,780731,FALSE,FALSE,FALSE,FALSE,FALSE,TRUE
3066,Bac na Creige,771.2,46.6,Sim,S,Highland/Perth and Kinross,277444,779762,FALSE,FALSE,FALSE,FALSE,FALSE,TRUE
3067,Carn Creagach,893.5,118.9,"Hu,Sim,HHB",S,Aberdeenshire,306934,783026,FALSE,FALSE,FALSE,FALSE,FALSE,TRUE
3068,Geal Charn,878,51,"Sim,HHB",S,Aberdeenshire/Perth and Kinross,303214,783321,FALSE,FALSE,FALSE,FALSE,FALSE,TRUE
3069,Carn Mor,874.1,47.4,"Sim,HHB",S,Perth and Kinross,311011,775049,FALSE,FALSE,FALSE,FALSE,FALSE,TRUE
3070,Carn a' Chlarsaich,871.1,85,"Sim,HHB",S,Aberdeenshire/Perth and Kinross,306899,777890,FALSE,FALSE,FALSE,FALSE,FALSE,TRUE
3071,Carn Dallaig,857.9,71,"Sim,HHB",S,Perth and Kinross,301581,774966,FALSE,FALSE,FALSE,FALSE,FALSE,TRUE
3072,Glas Tulaichean North Top,858.5,53,"Sim,HHB",S,Perth and Kinross,306102,777572,FALSE,FALSE,FALSE,FALSE,FALSE,TRUE
3073,Creag an Fhuathais,852.6,30.9,"Sim,HHB",S,Aberdeenshire,309987,783058,FALSE,FALSE,FALSE,FALSE,FALSE,TRUE
3074,Creag Easgaidh,841.5,42.9,"Sim,HHB",S,Perth and Kinross,307670,776952,FALSE,FALSE,FALSE,FALSE,FALSE,TRUE
3075,Carn na Drochaide,828.2,62,Sim,S,Aberdeenshire,312498,786092,FALSE,FALSE,FALSE,FALSE,FALSE,TRUE
3076,Creag Bhreac,827,35,Sim,S,Perth and Kinross,307150,774288,FALSE,FALSE,FALSE,FALSE,FALSE,TRUE
3077,Carn Liath,818,67,Sim,S,Aberdeenshire,303567,786711,FALSE,FALSE,FALSE,FALSE,FALSE,TRUE
3078,Meall Ruigh Mor Thearlaich,815,79,Sim,S,Perth and Kinross,305216,771938,FALSE,FALSE,FALSE,FALSE,FALSE,TRUE
3079,Ben Earb,801.7,99.9,"Sim,sHu",S,Perth and Kinross,307918,769171,FALSE,FALSE,FALSE,FALSE,FALSE,TRUE
3080,Geal Charn NE Top,797,31,Sim,S,Aberdeenshire,304456,785992,FALSE,FALSE,FALSE,FALSE,FALSE,TRUE
3081,Sgor Mor North Top,792,45,Sim,S,Aberdeenshire,311083,784275,FALSE,FALSE,FALSE,FALSE,FALSE,TRUE
3082,Carn Dearg,786,44,Sim,S,Perth and Kinross,304390,771942,FALSE,FALSE,FALSE,FALSE,FALSE,TRUE
3083,Top of the Battery [Carn Damhaireach],784,80,Sim,S,Aberdeenshire,305887,785892,FALSE,FALSE,FALSE,FALSE,FALSE,TRUE
3084,Carn Geal,776.4,78,Sim,S,Perth and Kinross,296781,763275,FALSE,FALSE,FALSE,FALSE,FALSE,TRUE
3085,Carn Dearg North Top,770,38,Sim,S,Perth and Kinross,303631,773115,FALSE,FALSE,FALSE,FALSE,FALSE,TRUE
3086,Meall na Spionaig,762.9,136.1,"Hu,Sim",S,Perth and Kinross,300157,777447,FALSE,FALSE,FALSE,FALSE,FALSE,TRUE
3087,Braid Cairn,887.5,123.3,"Hu,Sim,HHB",S,Aberdeenshire/Angus,342622,787280,FALSE,FALSE,FALSE,FALSE,FALSE,TRUE
3088,Meall an Tionail,885.3,87.3,"Sim,HHB",S,Aberdeenshire,322365,787689,FALSE,FALSE,FALSE,FALSE,FALSE,TRUE
3089,Boustie Ley,875.9,96.1,"Sim,HHB,sHu",S,Angus,332232,776004,FALSE,FALSE,FALSE,FALSE,FALSE,TRUE
3091,Green Hill,867.7,35.4,"Sim,HHB",S,Angus,334874,775645,FALSE,FALSE,FALSE,FALSE,FALSE,TRUE
3092,Craig Mellon,866.2,128.7,"Hu,Sim,HHB",S,Angus,326259,777387,FALSE,FALSE,FALSE,FALSE,FALSE,TRUE
3093,Caisteal na Caillich,860.7,36.2,"Sim,HHB",S,Aberdeenshire,328193,787458,FALSE,FALSE,FALSE,FALSE,FALSE,TRUE
3094,Cathelle Houses [Lair of Whitestone],863.4,32.5,"Sim,HHB",S,Angus,331259,776373,FALSE,FALSE,FALSE,FALSE,FALSE,TRUE
3095,Meall an t-Slugain,847,115.5,"Hu,Sim,HHB",S,Aberdeenshire,318465,786329,FALSE,FALSE,FALSE,FALSE,FALSE,TRUE
3096,Craig Damff [Cairn Damff],845.5,33.7,"Sim,HHB",S,Angus,324792,777718,FALSE,FALSE,FALSE,FALSE,FALSE,TRUE
3097,Benty Roads,842.4,36.5,"Sim,HHB",S,Angus,333052,776601,FALSE,FALSE,FALSE,FALSE,FALSE,TRUE
3098,The Snub,835.5,31.7,Sim,S,Angus,333578,775711,FALSE,FALSE,FALSE,FALSE,FALSE,TRUE
3099,Creag an Loch,835.5,37.2,Sim,S,Aberdeenshire,319236,784817,FALSE,FALSE,FALSE,FALSE,FALSE,TRUE
3100,Easter Balloch,833.9,100.7,"Hu,Sim",S,Angus,334803,780113,FALSE,FALSE,FALSE,FALSE,FALSE,TRUE
3101,Lochnagar NW Top,830.1,40,Sim,S,Aberdeenshire,322841,788493,FALSE,FALSE,FALSE,FALSE,FALSE,TRUE
3102,Bawhelps,828.1,30.3,Sim,S,Angus,322683,772199,FALSE,FALSE,FALSE,FALSE,FALSE,TRUE
3103,Cnapan Nathraichean,824.6,58.1,Sim,S,Aberdeenshire,322337,788870,FALSE,FALSE,FALSE,FALSE,FALSE,TRUE
3104,Carn Dubh,822,72,Sim,S,Aberdeenshire,316185,781952,FALSE,FALSE,FALSE,FALSE,FALSE,TRUE
3105,Wester Balloch,805.3,62.9,Sim,S,Angus,334113,779015,FALSE,FALSE,FALSE,FALSE,FALSE,TRUE
3106,Ferrowie,801.4,75.2,Sim,S,Aberdeenshire/Angus,330328,779482,FALSE,FALSE,FALSE,FALSE,FALSE,TRUE
3107,Creag Loisgte,795,110,"Hu,Sim",S,Aberdeenshire,317666,786881,FALSE,FALSE,FALSE,FALSE,FALSE,TRUE
3108,Creag nan Leachda,784,116,"Hu,Sim",S,Aberdeenshire,317968,788672,FALSE,FALSE,FALSE,FALSE,FALSE,TRUE
3109,White Hill,776.7,59,Sim,S,Angus,340129,773042,FALSE,FALSE,FALSE,FALSE,FALSE,TRUE
3110,Mid Hill,772.9,34.6,Sim,S,Angus,322030,770946,FALSE,FALSE,FALSE,FALSE,FALSE,TRUE
3111,Black Hill of Mark,772.9,40.7,Sim,S,Aberdeenshire/Angus,332478,781424,FALSE,FALSE,FALSE,FALSE,FALSE,TRUE
3112,Sandy Hillock,767,64.2,Sim,S,Aberdeenshire/Angus,326634,780442,FALSE,FALSE,FALSE,FALSE,FALSE,TRUE
3113,Mallrenheskein,765.1,36.1,Sim,S,Angus/Perth and Kinross,315373,772939,FALSE,FALSE,FALSE,FALSE,FALSE,TRUE
3114,Wester Watery Knowe,760.6,43,Sim,S,Angus,334995,778277,FALSE,FALSE,FALSE,FALSE,FALSE,TRUE
3115,Cnapan Mor,893.1,31.1,"Sim,HHB",S,Aberdeenshire/Highland,293913,790856,FALSE,FALSE,FALSE,FALSE,FALSE,TRUE
3116,Carn Crom,890.8,57.2,"Sim,HHB",S,Aberdeenshire,302354,795388,FALSE,FALSE,FALSE,FALSE,FALSE,TRUE
3117,Creag Dhubh,848,88.3,"Sim,HHB",S,Highland,290647,804306,FALSE,FALSE,FALSE,FALSE,FALSE,TRUE
3118,Carn Bheadhair,804,133,"Hu,Sim",S,Highland,305499,811663,FALSE,FALSE,FALSE,FALSE,FALSE,TRUE
3119,Meikle Geal Charn,802,58,Sim,S,Aberdeenshire/Moray,320051,805275,FALSE,FALSE,FALSE,FALSE,FALSE,TRUE
3120,Meall nan Sleac,800.8,45.4,Sim,S,Highland,286801,794447,FALSE,FALSE,FALSE,FALSE,FALSE,TRUE
3121,Creag a' Chalamain,786.3,87.9,Sim,S,Highland,296178,805308,FALSE,FALSE,FALSE,FALSE,FALSE,TRUE
3122,Beinn a' Chruinnich,778,84,Sim,S,Aberdeenshire/Moray,323728,813181,FALSE,FALSE,FALSE,FALSE,FALSE,TRUE
3123,Meall an Lundain,778.3,103.7,"Hu,Sim",S,Aberdeenshire,306206,794830,FALSE,FALSE,FALSE,FALSE,FALSE,TRUE
3124,Carn Tiekeiver,772.1,56,Sim,S,Aberdeenshire/Moray,317608,802212,FALSE,FALSE,FALSE,FALSE,FALSE,TRUE
3125,Carn Odhar na Criche,895.8,51.1,"Sim,HHB",S,Highland,260211,803244,FALSE,FALSE,FALSE,FALSE,FALSE,TRUE
3126,Geal Charn,889.9,43.1,"Sim,HHB",S,Highland,266896,803128,FALSE,FALSE,FALSE,FALSE,FALSE,TRUE
3127,Beinn Sgiath,886.8,48.3,"Sim,HHB",S,Highland,256653,798121,FALSE,FALSE,FALSE,FALSE,FALSE,TRUE
3128,Carn Leac,882.8,118.9,"Hu,Sim,HHB",S,Highland,240654,797718,FALSE,FALSE,FALSE,FALSE,FALSE,TRUE
3129,Geal Charn,875.6,97.4,"Sim,HHB,sHu",S,Highland,244444,798845,FALSE,FALSE,FALSE,FALSE,FALSE,TRUE
3130,Carn Donnachaidh Beag,871.7,33.4,"Sim,HHB",S,Highland,258693,803863,FALSE,FALSE,FALSE,FALSE,FALSE,TRUE
3131,Gairbeinn North Top,868.4,40.4,"Sim,HHB",S,Highland,247023,800269,FALSE,FALSE,FALSE,FALSE,FALSE,TRUE
3133,Carn a' Bhothain Mholaich,853,66,"Sim,HHB",S,Highland,270561,806710,FALSE,FALSE,FALSE,FALSE,FALSE,TRUE
3134,Carn an Leth-choin,844,78,"Sim,HHB",S,Highland,262370,799675,FALSE,FALSE,FALSE,FALSE,FALSE,TRUE
3135,Leathad Gaothach,844.1,59.8,"Sim,HHB",S,Highland,252398,799376,FALSE,FALSE,FALSE,FALSE,FALSE,TRUE
3136,Beinn Bhreac,843,32,"Sim,HHB",S,Highland,274006,806952,FALSE,FALSE,FALSE,FALSE,FALSE,TRUE
3137,An Staonaig,838.5,47,"Sim,HHB",S,Highland,258298,805904,FALSE,FALSE,FALSE,FALSE,FALSE,TRUE
3138,Sgaraman nam Fiadh North Top,831.4,32.3,Sim,S,Highland,260834,807518,FALSE,FALSE,FALSE,FALSE,FALSE,TRUE
3139,Bac nam Fuaran,830.2,38,Sim,S,Highland,243641,800957,FALSE,FALSE,FALSE,FALSE,FALSE,TRUE
3140,Beinn a' Chrasgain,826.7,62,Sim,S,Highland,260646,798121,FALSE,FALSE,FALSE,FALSE,FALSE,TRUE
3141,Burrach Mor,827,68,Sim,S,Highland,258300,808400,FALSE,FALSE,FALSE,FALSE,FALSE,TRUE
3142,Carn Coire na Creiche,825.7,42,Sim,S,Highland,262282,808678,FALSE,FALSE,FALSE,FALSE,FALSE,TRUE
3143,An Staonaig West Top,822,37,Sim,S,Highland,256900,805500,FALSE,FALSE,FALSE,FALSE,FALSE,TRUE
3144,Creag na h-Iolaire,814.3,43,Sim,S,Highland,267201,801973,FALSE,FALSE,FALSE,FALSE,FALSE,TRUE
3145,Calpa Mor,814,58,Sim,S,Highland,266848,810959,FALSE,FALSE,FALSE,FALSE,FALSE,TRUE
3146,Blargie Craig,813,36,Sim,S,Highland,260255,796751,FALSE,FALSE,FALSE,FALSE,FALSE,TRUE
3147,Creag an Dearg Lochain,814,41.5,Sim,S,Highland,253905,801035,FALSE,FALSE,FALSE,FALSE,FALSE,TRUE
3148,Carn Sgulain,812,53,Sim,S,Highland,269832,809087,FALSE,FALSE,FALSE,FALSE,FALSE,TRUE
3149,Carn Icean Duibhe,809,69,Sim,S,Highland,271094,811601,FALSE,FALSE,FALSE,FALSE,FALSE,TRUE
3150,Beinn Bhreac Mhor,807,89,Sim,S,Highland,267805,819862,FALSE,FALSE,FALSE,FALSE,FALSE,TRUE
3151,Carn Macoul,804.4,76.9,Sim,S,Highland,263987,800479,FALSE,FALSE,FALSE,FALSE,FALSE,TRUE
3152,Poll-gormack Hill,805.3,91.2,"Sim,sHu",S,Highland,239051,797984,FALSE,FALSE,FALSE,FALSE,FALSE,TRUE
3153,Carn Ghriogair,806,58,Sim,S,Highland,265804,819949,FALSE,FALSE,FALSE,FALSE,FALSE,TRUE
3154,Carn Odhar,802,48,Sim,S,Highland,263800,817800,FALSE,FALSE,FALSE,FALSE,FALSE,TRUE
3155,Burrach Mor South Top,801,90,"Sim,sHu",S,Highland,257500,807400,FALSE,FALSE,FALSE,FALSE,FALSE,TRUE
3156,Carn na Laraiche Maoile South Top,797.5,40,Sim,S,Highland,257558,809661,FALSE,FALSE,FALSE,FALSE,FALSE,TRUE
3157,Leacann Chorrach,795,72,Sim,S,Highland,259916,799349,FALSE,FALSE,FALSE,FALSE,FALSE,TRUE
3158,Carn Coire na h-Easgainn,791,37,Sim,S,Highland,273754,813583,FALSE,FALSE,FALSE,FALSE,FALSE,TRUE
3159,Glas Charn,790.4,75,Sim,S,Highland,235401,797754,FALSE,FALSE,FALSE,FALSE,FALSE,TRUE
3160,Carn a' Chuilinn Far East Top,788,50,Sim,S,Highland,244385,804640,FALSE,FALSE,FALSE,FALSE,FALSE,TRUE
3161,Creag Dhubh,787,110,"Hu,Sim",S,Highland,272828,803566,FALSE,FALSE,FALSE,FALSE,FALSE,TRUE
3162,Carn a' Chuilinn East Top,785,37,Sim,S,Highland,243305,803969,FALSE,FALSE,FALSE,FALSE,FALSE,TRUE
3163,Carn Mhic Iamhair,781,34,Sim,S,Highland,261162,814559,FALSE,FALSE,FALSE,FALSE,FALSE,TRUE
3164,Beinn Bhuraich,781,64,Sim,S,Highland,258219,815763,FALSE,FALSE,FALSE,FALSE,FALSE,TRUE
3165,Carn nam Meirleach,778.9,53.5,Sim,S,Highland,269440,812735,FALSE,FALSE,FALSE,FALSE,FALSE,TRUE
3166,Ileach Bhan,773.9,41.8,Sim,S,Highland,264053,810235,FALSE,FALSE,FALSE,FALSE,FALSE,TRUE
3167,Creag an Fhir-eoin,775,38,Sim,S,Highland,242852,802852,FALSE,FALSE,FALSE,FALSE,FALSE,TRUE
3168,Carn Choire Odhair,773,36,Sim,S,Highland,271761,814201,FALSE,FALSE,FALSE,FALSE,FALSE,TRUE
3169,Carn Dubh,766.1,40,Sim,S,Highland,250545,808457,FALSE,FALSE,FALSE,FALSE,FALSE,TRUE
3170,Carn a' Chuilinn South Top,768,37,Sim,S,Highland,241434,802530,FALSE,FALSE,FALSE,FALSE,FALSE,TRUE
3171,Geal Charn,766,55,Sim,S,Highland,270233,804904,FALSE,FALSE,FALSE,FALSE,FALSE,TRUE
3172,Carn Fraoich,765.4,37.5,Sim,S,Highland,255587,801251,FALSE,FALSE,FALSE,FALSE,FALSE,TRUE
3173,Creag Mhor,766.2,128.8,"Hu,Sim",S,Highland,248467,797295,FALSE,FALSE,FALSE,FALSE,FALSE,TRUE
3174,Meall Caca,761.9,57,Sim,S,Highland,248578,802527,FALSE,FALSE,FALSE,FALSE,FALSE,TRUE
3175,Meall a' Chaorainn Mor,892.4,48.5,"Sim,HHB",S,Highland,248366,792374,FALSE,FALSE,FALSE,FALSE,FALSE,TRUE
3177,Creag a' Bhanain,846.2,85.1,"Sim,HHB",S,Highland,243219,791096,FALSE,FALSE,FALSE,FALSE,FALSE,TRUE
3178,Meall a' Mheanbh-chruidh,818.5,129.6,"Hu,Sim",S,Highland,239451,789400,FALSE,FALSE,FALSE,FALSE,FALSE,TRUE
3179,Carn Dearg North Top,763.9,30,Sim,S,Highland,235033,789813,FALSE,FALSE,FALSE,FALSE,FALSE,TRUE
3180,Sgurr Beag,896,97,"Sim,HHB,sHu",S,Highland,199764,810925,FALSE,FALSE,FALSE,FALSE,FALSE,TRUE
3181,Sgurr Coire nan Eiricheallach,891,68,"Sim,HHB",S,Highland,199949,806126,FALSE,FALSE,FALSE,FALSE,FALSE,TRUE
3182,Buidhe Bheinn North Top,830,54,Sim,S,Highland,196630,809881,FALSE,FALSE,FALSE,FALSE,FALSE,TRUE
3183,Cadha nam Bo Ruadha,815,50,Sim,S,Highland,196525,810168,FALSE,FALSE,FALSE,FALSE,FALSE,TRUE
3184,Beinn Loinne,775,98,"Sim,sHu",S,Highland,215168,807766,FALSE,FALSE,FALSE,FALSE,FALSE,TRUE
3185,An Eag,871.5,83.5,"Sim,HHB",S,Highland,194347,795869,FALSE,FALSE,FALSE,FALSE,FALSE,TRUE
3186,Ladhar Bheinn Far South Top,857,35,"Sim,HHB",S,Highland,183226,803310,FALSE,FALSE,FALSE,FALSE,FALSE,TRUE
3187,Sgurr a' Chlaidheimh,840.7,109,"Hu,Sim,HHB",S,Highland,195223,803076,FALSE,FALSE,FALSE,FALSE,FALSE,TRUE
3188,Stob a' Chearcaill,840.4,36.7,"Sim,HHB",S,Highland,184600,802963,FALSE,FALSE,FALSE,FALSE,FALSE,TRUE
3189,Druim Leac a' Shith,838.8,127.6,"Hu,Sim,HHB",S,Highland,186814,799317,FALSE,FALSE,FALSE,FALSE,FALSE,TRUE
3190,Sgurr a' Chlaidheimh West Top,837.5,84.9,Sim,S,Highland,194178,803576,FALSE,FALSE,FALSE,FALSE,FALSE,TRUE
3191,An t-Uiriollach,826,62,Sim,S,Highland,183993,799114,FALSE,FALSE,FALSE,FALSE,FALSE,TRUE
3192,Druim a' Chuirn,822,74,Sim,S,Highland,196030,795099,FALSE,FALSE,FALSE,FALSE,FALSE,TRUE
3193,Sgurr Sgeithe,793,38,Sim,S,Highland,186166,798237,FALSE,FALSE,FALSE,FALSE,FALSE,TRUE
3194,Sgurr Coire nan Gobhar,786.2,91.8,"Sim,sHu",S,Highland,180462,796975,FALSE,FALSE,FALSE,FALSE,FALSE,TRUE
3195,Sgurr Airigh na Bheinne,776.6,68.4,Sim,S,Highland,192461,800774,FALSE,FALSE,FALSE,FALSE,FALSE,TRUE
3196,Sean Mheall,887.5,99.4,"Sim,HHB,sHu",S,Highland,224296,794656,FALSE,FALSE,FALSE,FALSE,FALSE,TRUE
3197,Meall Dubh,836.9,130.5,"Hu,Sim",S,Highland,222949,793158,FALSE,FALSE,FALSE,FALSE,FALSE,TRUE
3198,Streap Comhlaidh,898,80,"Sim,HHB",S,Highland,195287,786072,FALSE,FALSE,FALSE,FALSE,FALSE,TRUE
3199,Stob Coire nan Cearc,887,96,"Sim,HHB,sHu",S,Highland,193758,785215,FALSE,FALSE,FALSE,FALSE,FALSE,TRUE
3200,Sgurr na h-Aide,859.8,56.3,"Sim,HHB",S,Highland,188193,793128,FALSE,FALSE,FALSE,FALSE,FALSE,TRUE
3201,Sgurr a' Choire Riabhaich,852,49,"Sim,HHB",S,Highland,190770,787103,FALSE,FALSE,FALSE,FALSE,FALSE,TRUE
3202,Meall an Uillt Chaoil,845.8,101.3,"Hu,Sim,HHB",S,Highland,193183,784350,FALSE,FALSE,FALSE,FALSE,FALSE,TRUE
3203,Meall an Tarmachain,827.5,45.7,Sim,S,Highland,191162,788287,FALSE,FALSE,FALSE,FALSE,FALSE,TRUE
3204,Beinn Gharbh,825,80,Sim,S,Highland,192281,788181,FALSE,FALSE,FALSE,FALSE,FALSE,TRUE
3205,Sgurr an Ursainn,817.3,33.1,Sim,S,Highland,187484,786876,FALSE,FALSE,FALSE,FALSE,FALSE,TRUE
3206,Beinn an Tuim South Top,798.2,32.7,Sim,S,Highland,193092,783311,FALSE,FALSE,FALSE,FALSE,FALSE,TRUE
3207,Fraoch-bheinn,790,55,Sim,S,Highland,189400,783700,FALSE,FALSE,FALSE,FALSE,FALSE,TRUE
3208,Doire Tana,893,104.1,"Hu,Sim,HHB",S,Highland,221864,828170,FALSE,FALSE,FALSE,FALSE,FALSE,TRUE
3209,Faradh Nighean Fhearchair,881.2,64.6,"Sim,HHB",S,Highland,199525,820836,FALSE,FALSE,FALSE,FALSE,FALSE,TRUE
3210,Sgurr na Moraich,875.6,137.4,"Hu,Sim,HHB",S,Highland,196567,819321,FALSE,FALSE,FALSE,FALSE,FALSE,TRUE
3211,Beinn Bhuidhe,869.5,36.5,"Sim,HHB",S,Highland,196970,818161,FALSE,FALSE,FALSE,FALSE,FALSE,TRUE
3212,Creag Ghlas,855.6,92,"Sim,HHB,sHu",S,Highland,204707,826365,FALSE,FALSE,FALSE,FALSE,FALSE,TRUE
3213,Sgurr an Fhuarail South Top,854,54,"Sim,HHB",S,Highland,206112,813177,FALSE,FALSE,FALSE,FALSE,FALSE,TRUE
3214,Meall a' Bhealaich,781.2,63.9,Sim,S,Highland,201242,821044,FALSE,FALSE,FALSE,FALSE,FALSE,TRUE
3215,Carn nan Coireachan Cruaidh,872,63,"Sim,HHB",S,Highland,218592,817900,FALSE,FALSE,FALSE,FALSE,FALSE,TRUE
3216,Carn a' Choire Bhuidhe,847,32,"Sim,HHB",S,Highland,218460,816977,FALSE,FALSE,FALSE,FALSE,FALSE,TRUE
3217,An Reithe,844.5,61,"Sim,HHB",S,Highland,215439,814934,FALSE,FALSE,FALSE,FALSE,FALSE,TRUE
3218,Beinn an Iomaire,772.3,78.5,Sim,S,Highland,216158,816473,FALSE,FALSE,FALSE,FALSE,FALSE,TRUE
3219,Carn Glas Iochdarach,771.4,65,Sim,S,Highland,216192,820186,FALSE,FALSE,FALSE,FALSE,FALSE,TRUE
3220,Sgurr na Muice,890,129,"Hu,Sim,HHB",S,Highland,222612,841843,FALSE,FALSE,FALSE,FALSE,FALSE,TRUE
3221,Carn Eiteige,882.4,59.4,"Sim,HHB",S,Highland,220992,843150,FALSE,FALSE,FALSE,FALSE,FALSE,TRUE
3222,Carn Gorm,873.1,86.3,"Sim,HHB",S,Highland,213543,850019,FALSE,FALSE,FALSE,FALSE,FALSE,TRUE
3223,Moruisg East Top,872.6,68.4,"Sim,HHB",S,Highland,211165,849604,FALSE,FALSE,FALSE,FALSE,FALSE,TRUE
3224,Sgurr a' Phollain,855,65,"Sim,HHB",S,Highland,236781,844704,FALSE,FALSE,FALSE,FALSE,FALSE,TRUE
3225,Creag Dhubh Mhor,853,94,"Sim,HHB,sHu",S,Highland,213974,847346,FALSE,FALSE,FALSE,FALSE,FALSE,TRUE
3226,Garbh-charn,854,105,"Hu,Sim,HHB",S,Highland,229293,841079,FALSE,FALSE,FALSE,FALSE,FALSE,TRUE
3227,Moruisg Far East Top,850.9,61.1,"Sim,HHB",S,Highland,212029,849580,FALSE,FALSE,FALSE,FALSE,FALSE,TRUE
3228,Sgurr a' Ghlas Leathaid,843.5,62.5,"Sim,HHB",S,Highland,224363,856430,FALSE,FALSE,FALSE,FALSE,FALSE,TRUE
3229,Toll a' Ghobhain,826.3,33.4,Sim,S,Highland,212510,850062,FALSE,FALSE,FALSE,FALSE,FALSE,TRUE
3230,Sgurr na Feartaig North Top,819,44,Sim,S,Highland,205369,846432,FALSE,FALSE,FALSE,FALSE,FALSE,TRUE
3232,Sgurr na Feartaig Far West Top,805,56,Sim,S,Highland,203808,844938,FALSE,FALSE,FALSE,FALSE,FALSE,TRUE
3233,Beinn Tharsuinn West Top,795,93,"Sim,sHu",S,Highland,204304,842991,FALSE,FALSE,FALSE,FALSE,FALSE,TRUE
3234,Sgurr na Feartaig West Top,797,35,Sim,S,Highland,204490,845123,FALSE,FALSE,FALSE,FALSE,FALSE,TRUE
3235,Sgurr Coire nan Eun,789,83,Sim,S,Highland,219739,846921,FALSE,FALSE,FALSE,FALSE,FALSE,TRUE
3236,Creag Coire na Feola,770,41,Sim,S,Highland,220564,849407,FALSE,FALSE,FALSE,FALSE,FALSE,TRUE
3237,Meallan Buidhe,764.4,46.3,Sim,S,Highland,233788,844656,FALSE,FALSE,FALSE,FALSE,FALSE,TRUE
3238,An Creachal Beag,870,43,"Sim,HHB",S,Highland,206647,833191,FALSE,FALSE,FALSE,FALSE,FALSE,TRUE
3239,Creag Feusag,862.6,73,"Sim,HHB",S,Highland,221798,834011,FALSE,FALSE,FALSE,FALSE,FALSE,TRUE
3240,Carn nan Searrach,856,31,"Sim,HHB",S,Highland,201367,832292,FALSE,FALSE,FALSE,FALSE,FALSE,TRUE
3241,Mullach a' Ghlas-thuill,792,48,Sim,S,Highland,216362,831870,FALSE,FALSE,FALSE,FALSE,FALSE,TRUE
3242,Sguman Coinntich North Top,789,32.2,Sim,S,Highland,198438,831032,FALSE,FALSE,FALSE,FALSE,FALSE,TRUE
3243,Sgorr na Diollaid West Top,776,34,Sim,S,Highland,227335,835856,FALSE,FALSE,FALSE,FALSE,FALSE,TRUE
3244,Stuc Loch na Cabhaig,888.1,79.7,"Sim,HHB",S,Highland,189129,861610,FALSE,FALSE,FALSE,FALSE,FALSE,TRUE
3245,Na Rathanan,864,103,"Hu,Sim,HHB",S,Highland,187324,861345,FALSE,FALSE,FALSE,FALSE,FALSE,TRUE
3246,Baosbheinn North Top,841,34,"Sim,HHB",S,Highland,186798,865711,FALSE,FALSE,FALSE,FALSE,FALSE,TRUE
3247,Baosbheinn East Top,805,102,"Hu,Sim",S,Highland,187710,865187,FALSE,FALSE,FALSE,FALSE,FALSE,TRUE
3248,Creag an Fhithich,801,82,Sim,S,Highland,186222,866877,FALSE,FALSE,FALSE,FALSE,FALSE,TRUE
3249,Mainreachan Buttress,895,40,"Sim,HHB",S,Highland,197152,848871,FALSE,FALSE,FALSE,FALSE,FALSE,TRUE
3250,Beinn Liath Mhor East Top,887,71,"Sim,HHB",S,Highland,197464,851802,FALSE,FALSE,FALSE,FALSE,FALSE,TRUE
3251,Beinn Liath Mhor Far East Top,876,75,"Sim,HHB",S,Highland,198312,851520,FALSE,FALSE,FALSE,FALSE,FALSE,TRUE
3252,Creagan Dubh Toll nam Biast,867.6,56.3,"Sim,HHB",S,Highland,188621,851088,FALSE,FALSE,FALSE,FALSE,FALSE,TRUE
3253,Sron Coire an Fhamhair,847,50.8,"Sim,HHB",S,Highland,180495,846435,FALSE,FALSE,FALSE,FALSE,FALSE,TRUE
3254,Sgurr a' Chaorachain North Top,773,71,Sim,S,Highland,178576,842414,FALSE,FALSE,FALSE,FALSE,FALSE,TRUE
3255,Beinn Liath Mhor South Top,769,55,Sim,S,Highland,195709,851390,FALSE,FALSE,FALSE,FALSE,FALSE,TRUE
3256,A' Chioch,762.4,39,Sim,S,Highland,181004,844656,FALSE,FALSE,FALSE,FALSE,FALSE,TRUE
3257,Beinn Bhan South Top,763.6,36.7,Sim,S,Highland,181352,843934,FALSE,FALSE,FALSE,FALSE,FALSE,TRUE
3258,Meall Garbh,849.2,90.4,"Sim,HHB,sHu",S,Highland,204949,872657,FALSE,FALSE,FALSE,FALSE,FALSE,TRUE
3259,Beinn Dearg Mor East Top,835,52,Sim,S,Highland,203800,879700,FALSE,FALSE,FALSE,FALSE,FALSE,TRUE
3260,Meall Garbh,817.2,54.7,Sim,S,Highland,206276,886574,FALSE,FALSE,FALSE,FALSE,FALSE,TRUE
3261,Sgurr Dubh,806.7,64,Sim,S,Highland,198840,872735,FALSE,FALSE,FALSE,FALSE,FALSE,TRUE
3262,Sgurr Creag an Eich West Top,792.8,31.9,Sim,S,Highland,204591,884655,FALSE,FALSE,FALSE,FALSE,FALSE,TRUE
3263,Sgurr Dubh East Top,787,65,Sim,S,Highland,199727,871943,FALSE,FALSE,FALSE,FALSE,FALSE,TRUE
3264,Sgurr a' Chadha Dheirg,868,59,"Sim,HHB",S,Highland,218361,869006,FALSE,FALSE,FALSE,FALSE,FALSE,TRUE
3265,Faire nam Fiadh,798.9,38.6,Sim,S,Highland,225102,866924,FALSE,FALSE,FALSE,FALSE,FALSE,TRUE
3266,Sail Mhor,780,33,Sim,S,Highland,217582,868953,FALSE,FALSE,FALSE,FALSE,FALSE,TRUE
3268,Creag a' Choire Ghranda,885.9,63.2,"Sim,HHB",S,Highland,226693,879947,FALSE,FALSE,FALSE,FALSE,FALSE,TRUE
3269,Cnap Coire Loch Tuath,883.8,69.1,"Sim,HHB",S,Highland,228231,882773,FALSE,FALSE,FALSE,FALSE,FALSE,TRUE
3270,Iorguill,874,77,"Sim,HHB",S,Highland,223873,881605,FALSE,FALSE,FALSE,FALSE,FALSE,TRUE
3271,Creag an Lochain Sgeirich [A'Chaoirnichain Sgeirich],873,32,"Sim,HHB",S,Highland,225673,885146,FALSE,FALSE,FALSE,FALSE,FALSE,TRUE
3272,Toman Coinich,862,37,"Sim,HHB",S,Highland,227160,884404,FALSE,FALSE,FALSE,FALSE,FALSE,TRUE
3273,Meall Glac an Ruighe,858,113,"Hu,Sim,HHB",S,Highland,226510,886183,FALSE,FALSE,FALSE,FALSE,FALSE,TRUE
3274,Bodach Beag,836.2,132,"Hu,Sim",S,Highland,235493,887788,FALSE,FALSE,FALSE,FALSE,FALSE,TRUE
3275,Creag Riabhach,832.3,56.8,Sim,S,Highland,236043,888654,FALSE,FALSE,FALSE,FALSE,FALSE,TRUE
3276,Creag Bac na Faire,809,34,Sim,S,Highland,222887,880763,FALSE,FALSE,FALSE,FALSE,FALSE,TRUE
3277,Meall a' Choire Ghlais,804,52,Sim,S,Highland,227341,885927,FALSE,FALSE,FALSE,FALSE,FALSE,TRUE
3278,Creag Iobhair,794,51,Sim,S,Highland,230595,887104,FALSE,FALSE,FALSE,FALSE,FALSE,TRUE
3279,Craggan a' Chait,777.7,31.4,Sim,S,Highland,232538,888045,FALSE,FALSE,FALSE,FALSE,FALSE,TRUE
3280,Carn Chuinneag West Top,829,66,Sim,S,Highland,247509,883374,FALSE,FALSE,FALSE,FALSE,FALSE,TRUE
3281,Meall a' Ghrianain,772,127,"Hu,Sim",S,Highland,236552,877597,FALSE,FALSE,FALSE,FALSE,FALSE,TRUE
3282,A' Cheir Ghorm [A' Che'ir Ghorm],866.6,82,"Sim,HHB",S,Highland,231893,949435,FALSE,FALSE,FALSE,FALSE,FALSE,TRUE
3283,Ben Hee North Top,851,87,"Sim,HHB",S,Highland,243477,935055,FALSE,FALSE,FALSE,FALSE,FALSE,TRUE
3284,Stob Cadha na Beucaich,805,120,"Hu,Sim",S,Highland,232505,948736,FALSE,FALSE,FALSE,FALSE,FALSE,TRUE
3285,Carn Dearg,797.3,94,"Sim,sHu",S,Highland,237702,938926,FALSE,FALSE,FALSE,FALSE,FALSE,TRUE
3286,An t-Sail Mhor,778,62,Sim,S,Highland,233864,948370,FALSE,FALSE,FALSE,FALSE,FALSE,TRUE
3287,Creag an Lochain [A'Chaoirnichain],807.3,119.3,"Hu,Sim",S,Highland,257584,928039,FALSE,FALSE,FALSE,FALSE,FALSE,TRUE
3288,Carn nan Conbhairean,868,61.6,"Sim,HHB",S,Highland,232522,918345,FALSE,FALSE,FALSE,FALSE,FALSE,TRUE
3289,Na Tuadhan,861.4,96.9,"Sim,HHB,sHu",S,Highland,230372,921484,FALSE,FALSE,FALSE,FALSE,FALSE,TRUE
3290,Creag nan Calman,829.2,75.6,Sim,S,Highland,215936,911356,FALSE,FALSE,FALSE,FALSE,FALSE,TRUE
3291,Sgurr a' Bhasteir,900.1,30.1,"Sim,HHB",S,Highland,146429,825747,FALSE,FALSE,FALSE,FALSE,FALSE,TRUE
3292,Sgurr a' Mhadaidh Far East Top,895.8,37.8,"Sim,HHB",S,Highland,145080,823679,FALSE,FALSE,FALSE,FALSE,FALSE,TRUE
3293,Gars-bheinn,894.2,120,"Hu,Sim,HHB",S,Highland,146813,818733,FALSE,FALSE,FALSE,FALSE,FALSE,TRUE
3294,Sgurr Thuilm,880.1,131.4,"Hu,Sim,HHB",S,Highland,143894,824215,FALSE,FALSE,FALSE,FALSE,FALSE,TRUE
3295,Sgurr a' Choire Bhig,877,41.9,"Sim,HHB",S,Highland,146569,819128,FALSE,FALSE,FALSE,FALSE,FALSE,TRUE
3296,Bidein Druim nan Ramh,869,109,"Hu,Sim,HHB",S,Highland,145651,823962,FALSE,FALSE,FALSE,FALSE,FALSE,TRUE
3297,An Caisteal,830,67,"Sim,HHB",S,Highland,146086,824457,FALSE,FALSE,FALSE,FALSE,FALSE,TRUE
3298,Clach Glas,786,91,"Sim,HHB,sHu",S,Highland,153434,822117,FALSE,FALSE,FALSE,FALSE,FALSE,TRUE
3299,Sgurr Beag,764,32,Sim,S,Highland,147671,824606,FALSE,FALSE,FALSE,FALSE,FALSE,TRUE
3300,Sgurr nan Gillean,764,79,Sim,S,Highland,138023,793048,FALSE,FALSE,FALSE,FALSE,FALSE,TRUE
3301,A' Chioch,867.8,99.1,"Sim,HHB,sHu",S,Argyll and Bute,153502,733349,FALSE,FALSE,FALSE,FALSE,FALSE,TRUE
3302,Rois-Bheinn West Top,877,48,"Sim,HHB",S,Highland,174938,777810,FALSE,FALSE,FALSE,FALSE,FALSE,TRUE
3303,Beinn Odhar Mhor,870.2,111.6,"Hu,Sim,HHB",S,Highland,185143,779104,FALSE,FALSE,FALSE,FALSE,FALSE,TRUE
3304,An t-Slat-bheinn,830,47,Sim,S,Highland,177860,777804,FALSE,FALSE,FALSE,FALSE,FALSE,TRUE
3305,Beinn Coire nan Gall,788.1,47.8,Sim,S,Highland,179217,779785,FALSE,FALSE,FALSE,FALSE,FALSE,TRUE
3306,Beinn a' Chaorainn,774,76.5,Sim,S,Highland,183931,777256,FALSE,FALSE,FALSE,FALSE,FALSE,TRUE
3307,Sron a' Gharbh Choire Mhoir,823,75,Sim,S,Highland,190800,761734,FALSE,FALSE,FALSE,FALSE,FALSE,TRUE
3308,Meall a' Chuilinn,773,48,Sim,S,Highland,189174,761863,FALSE,FALSE,FALSE,FALSE,FALSE,TRUE
3309,Sgurr na h-Ighinn,766,84,Sim,S,Highland,188688,767002,FALSE,FALSE,FALSE,FALSE,FALSE,TRUE
3310,Meall Mor,763,107,"Hu,Sim",S,Highland,188697,772762,FALSE,FALSE,FALSE,FALSE,FALSE,TRUE
3311,Maol Odhar,794,80,Sim,S,Highland,188128,757983,FALSE,FALSE,FALSE,FALSE,FALSE,TRUE
3312,Mullach Buidhe,829.9,82,"Sim,HHB",S,North Ayrshire,199345,642735,FALSE,FALSE,FALSE,FALSE,FALSE,TRUE
3313,North Goatfell,818,58,"Sim,HHB",S,North Ayrshire,198999,642277,FALSE,FALSE,FALSE,FALSE,FALSE,TRUE
3314,Beinn Nuis,792.8,84.2,"Sim,HHB",S,North Ayrshire,195565,639904,FALSE,FALSE,FALSE,FALSE,FALSE,TRUE
3315,Monadh an t-Sluichd Leith [Monadh an t-Sluich Leith],800,34,Sim,S,Aberdeenshire/Moray,326205,817120,FALSE,FALSE,FALSE,FALSE,FALSE,TRUE
3316,Carn Liath,792,47,Sim,S,Aberdeenshire/Moray,325324,815932,FALSE,FALSE,FALSE,FALSE,FALSE,TRUE
3317,Letterach,788.3,56.7,Sim,S,Moray,328232,820647,FALSE,FALSE,FALSE,FALSE,FALSE,TRUE
3318,Meikle Corr Riabhach,779,73,Sim,S,Aberdeenshire/Moray,325191,813464,FALSE,FALSE,FALSE,FALSE,FALSE,TRUE
3319,Meall nan Damh,670.3,90,"Sim,sHu",S,Highland,235305,852219,FALSE,FALSE,FALSE,FALSE,FALSE,TRUE
3662,Castell y Gwynt,972,16,N,W,Conwy,265397,358182,FALSE,FALSE,FALSE,TRUE,FALSE,FALSE
3664,Aonach Eagach East Peak,906.2,33,"Sim,HHB",S,Highland,215532,758284,FALSE,FALSE,FALSE,FALSE,FALSE,TRUE
3900,Biorach a' Mheannain,755,52,Sim,S,Perth and Kinross,278380,731832,FALSE,FALSE,FALSE,FALSE,FALSE,TRUE
3901,Garrow Hill,737,43,Sim,S,Perth and Kinross,281192,737817,FALSE,FALSE,FALSE,FALSE,FALSE,TRUE
3902,A' Chairidh,728.6,70.2,Sim,S,Perth and Kinross,279488,731409,FALSE,FALSE,FALSE,FALSE,FALSE,TRUE
3903,Beinn Bhreac,716.2,96.5,"Sim,sHu",S,Perth and Kinross,273338,740254,FALSE,FALSE,FALSE,FALSE,FALSE,TRUE
3904,Beinn Leabhainn,709,41.4,Sim,S,Stirling,257593,728376,FALSE,FALSE,FALSE,FALSE,FALSE,TRUE
3905,Meall Mor,704.2,90.2,"Sim,sHu",S,Perth and Kinross,284936,734821,FALSE,FALSE,FALSE,FALSE,FALSE,TRUE
3906,Meall Dubh,698,59,Sim,S,Perth and Kinross,286480,730520,FALSE,FALSE,FALSE,FALSE,FALSE,TRUE
3907,Creag an Sgliata [Sron na h-Iolaire],697,103,"Hu,Sim",S,Perth and Kinross,276982,739892,FALSE,FALSE,FALSE,FALSE,FALSE,TRUE
3908,Meall Daimh,695.6,63.8,Sim,S,Perth and Kinross/Stirling,266377,730718,FALSE,FALSE,FALSE,FALSE,FALSE,TRUE
3909,Creag Grianain,683.3,47.2,Sim,S,Perth and Kinross,284265,735181,FALSE,FALSE,FALSE,FALSE,FALSE,TRUE
3910,Ruadh Mheall,682.2,115.6,"Hu,Sim",S,Perth and Kinross/Stirling,267688,731464,FALSE,FALSE,FALSE,FALSE,FALSE,TRUE
3911,Tullich Hill,682,56,Sim,S,Perth and Kinross,270435,736661,FALSE,FALSE,FALSE,FALSE,FALSE,TRUE
3912,Meall Reamhar,669,61,Sim,S,Perth and Kinross,287696,732651,FALSE,FALSE,FALSE,FALSE,FALSE,TRUE
3913,Meall a' Choire Chreagaich,665,127,"Hu,Sim",S,Perth and Kinross,279294,741827,FALSE,FALSE,FALSE,FALSE,FALSE,TRUE
3914,Creag an Loch,663,62,Sim,S,Perth and Kinross,287842,740787,FALSE,FALSE,FALSE,FALSE,FALSE,TRUE
3915,Meall na Cloiche,664.2,62.7,Sim,S,Stirling,259074,727748,FALSE,FALSE,FALSE,FALSE,FALSE,TRUE
3916,Creag Each West Top,658.8,38.5,Sim,S,Perth and Kinross,264713,726474,FALSE,FALSE,FALSE,FALSE,FALSE,TRUE
3917,Meall Tarsuinn,648,65,Sim,S,Perth and Kinross,287743,729773,FALSE,FALSE,FALSE,FALSE,FALSE,TRUE
3918,Meall Dearg Far West Top,637.1,34.7,Sim,S,Perth and Kinross,286850,742049,FALSE,FALSE,FALSE,FALSE,FALSE,TRUE
3919,Tir Eilde,630.2,100,"Hu,Sim",S,Perth and Kinross,283083,742011,FALSE,FALSE,FALSE,FALSE,FALSE,TRUE
3920,Meall Odhar,627.2,55.6,Sim,S,Stirling,263971,732282,FALSE,FALSE,FALSE,FALSE,FALSE,TRUE
3921,Meall Odhar,620.9,35.6,Sim,S,Perth and Kinross,285578,742567,FALSE,FALSE,FALSE,FALSE,FALSE,TRUE
3922,Cul na Creige,617.1,71,Sim,S,Stirling,262070,729809,FALSE,FALSE,FALSE,FALSE,FALSE,TRUE
3923,Creag Choille,619,54,Sim,S,Perth and Kinross,285519,740976,FALSE,FALSE,FALSE,FALSE,FALSE,TRUE
3924,Meall nam Fiadh,620.3,67.7,Sim,S,Perth and Kinross,269137,727284,FALSE,FALSE,FALSE,FALSE,FALSE,TRUE
3925,Meall nam Fiadh Far East Top,618.6,46,Sim,S,Perth and Kinross,270788,727216,FALSE,FALSE,FALSE,FALSE,FALSE,TRUE
3926,The Scurran,619,114,"Hu,Sim",S,Perth and Kinross,288518,730515,FALSE,FALSE,FALSE,FALSE,FALSE,TRUE
3927,Am Bacan,612,61.6,Sim,S,Stirling,260736,729428,FALSE,FALSE,FALSE,FALSE,FALSE,TRUE
3928,Meall nam Fiadh East Top,612,33.5,Sim,S,Perth and Kinross,269651,727487,FALSE,FALSE,FALSE,FALSE,FALSE,TRUE
3929,Creag Ghorm,610.5,31.1,Sim,S,Perth and Kinross,292554,734632,FALSE,FALSE,FALSE,FALSE,FALSE,TRUE
3931,Stob Chalum Mhic Griogair,743.7,64.9,Sim,S,Perth and Kinross,266006,718982,FALSE,FALSE,FALSE,FALSE,FALSE,TRUE
3932,Ben Our,744.6,92.6,"Sim,sHu",S,Perth and Kinross/Stirling,261599,720852,FALSE,FALSE,FALSE,FALSE,FALSE,TRUE
3933,Beinn Domhnuill,737.9,67.4,Sim,S,Perth and Kinross,264457,719845,FALSE,FALSE,FALSE,FALSE,FALSE,TRUE
3934,Stuc a' Chroin West Top,733.3,67,Sim,S,Stirling,260416,716948,FALSE,FALSE,FALSE,FALSE,FALSE,TRUE
3935,Creagan nan Gabhar,725.3,39.8,Sim,S,Perth and Kinross/Stirling,261540,720038,FALSE,FALSE,FALSE,FALSE,FALSE,TRUE
3936,Meall na Fearna West Top,717.2,39.3,Sim,S,Perth and Kinross,264305,719107,FALSE,FALSE,FALSE,FALSE,FALSE,TRUE
3937,Creag na h-Eararuidh [Stuc na Cabaig],708.3,353,"Ma,G,Sim",S,Perth and Kinross,268513,719001,FALSE,FALSE,FALSE,FALSE,TRUE,TRUE
3938,Stob Chalum Mhic Griogair South Top,702.1,34.2,Sim,S,Perth and Kinross,266289,718417,FALSE,FALSE,FALSE,FALSE,FALSE,TRUE
3939,Meall na Caora East Top,694,35,Sim,S,Stirling,261774,714613,FALSE,FALSE,FALSE,FALSE,FALSE,TRUE
3940,Black Craig,692,54,Sim,S,Perth and Kinross,265112,721023,FALSE,FALSE,FALSE,FALSE,FALSE,TRUE
3941,Creagan an Lochain,685,39,Sim,S,Perth and Kinross,264623,720759,FALSE,FALSE,FALSE,FALSE,FALSE,TRUE
3942,Meall nan Saighdearan,681,129,"Hu,Sim",S,Perth and Kinross,267203,721219,FALSE,FALSE,FALSE,FALSE,FALSE,TRUE
3943,Meall Reamhar,662,58,Sim,S,Perth and Kinross,266332,721092,FALSE,FALSE,FALSE,FALSE,FALSE,TRUE
3944,Beinn Fuath,661,72,Sim,S,Perth and Kinross,269116,721806,FALSE,FALSE,FALSE,FALSE,FALSE,TRUE
3945,Meall Odhar,646,73,Sim,S,Perth and Kinross/Stirling,264497,714909,FALSE,FALSE,FALSE,FALSE,FALSE,TRUE
3946,Leacan Dubha,642,41,Sim,S,Perth and Kinross,268184,721579,FALSE,FALSE,FALSE,FALSE,FALSE,TRUE
3947,Stuc Gharbh,636.8,44.2,Sim,S,Perth and Kinross,266869,717396,FALSE,FALSE,FALSE,FALSE,FALSE,TRUE
3948,Ben Halton,620.2,99.7,"Sim,sHu",S,Perth and Kinross,272051,720361,FALSE,FALSE,FALSE,FALSE,FALSE,TRUE
3949,Sron na Maoile,617.9,36.5,Sim,S,Perth and Kinross,269014,717728,FALSE,FALSE,FALSE,FALSE,FALSE,TRUE
3950,Meall Mor East Top,737.1,33.7,Sim,S,Stirling,238894,714986,FALSE,FALSE,FALSE,FALSE,FALSE,TRUE
3951,Stob Caol,735.7,56.6,Sim,S,Stirling,249356,722093,FALSE,FALSE,FALSE,FALSE,FALSE,TRUE
3952,Ben Venue East Top,727,32,Sim,S,Stirling,247722,706135,FALSE,FALSE,FALSE,FALSE,FALSE,TRUE
3953,Stob an Duibhe,725.7,80,Sim,S,Stirling,239695,715414,FALSE,FALSE,FALSE,FALSE,FALSE,TRUE
3954,Bioran na Circe,722,71,Sim,S,Stirling,255822,711758,FALSE,FALSE,FALSE,FALSE,FALSE,TRUE
3955,Meall nan Tarmachan,718.8,41.4,Sim,S,Stirling,235784,718498,FALSE,FALSE,FALSE,FALSE,FALSE,TRUE
3956,Ardnandave Hill,715,44,Sim,S,Stirling,256708,712496,FALSE,FALSE,FALSE,FALSE,FALSE,TRUE
3957,Stob Creag an Fhithich,714.8,99.4,"Sim,sHu",S,Stirling,234911,719056,FALSE,FALSE,FALSE,FALSE,FALSE,TRUE
3958,Taobh na Coille,715.8,49,Sim,S,Stirling,246609,715204,FALSE,FALSE,FALSE,FALSE,FALSE,TRUE
3959,An Garadh,715.3,107.6,"Hu,Sim",S,Stirling,240522,714222,FALSE,FALSE,FALSE,FALSE,FALSE,TRUE
3960,Am Fireach,712.9,30.9,Sim,S,Stirling,256082,712479,FALSE,FALSE,FALSE,FALSE,FALSE,TRUE
3962,Beinn Chochan,703,128,"Hu,Sim",S,Stirling,245337,705786,FALSE,FALSE,FALSE,FALSE,FALSE,TRUE
3963,Beinn Bhreac,700,52,Sim,S,Stirling,245766,705896,FALSE,FALSE,FALSE,FALSE,FALSE,TRUE
3964,Creagan nan Sgiath,697,112,"Hu,Sim",S,Stirling,248520,714369,FALSE,FALSE,FALSE,FALSE,FALSE,TRUE
3965,Maol Mor,693.4,130.4,"Hu,Sim",S,Stirling,237383,712014,FALSE,FALSE,FALSE,FALSE,FALSE,TRUE
3966,Meall nan Tarmachan West Top,690.3,34.8,Sim,S,Stirling,235398,718476,FALSE,FALSE,FALSE,FALSE,FALSE,TRUE
3967,Stob an Lochain [Creag a' Bhealaich],684,108,"Hu,Sim",S,Stirling,246516,705022,FALSE,FALSE,FALSE,FALSE,FALSE,TRUE
3968,Meall Reamhar,676.4,87.7,Sim,S,Stirling,251294,722796,FALSE,FALSE,FALSE,FALSE,FALSE,TRUE
3969,Meall Reamhar,670.9,99.5,"Sim,sHu",S,Stirling,256955,724730,FALSE,FALSE,FALSE,FALSE,FALSE,TRUE
3970,An Stuchd,667.6,47,Sim,S,Stirling,244705,714765,FALSE,FALSE,FALSE,FALSE,FALSE,TRUE
3971,Parlan Hill,664.9,127.2,"Hu,Sim",S,Argyll and Bute/Stirling,235316,717043,FALSE,FALSE,FALSE,FALSE,FALSE,TRUE
3972,Maol an Fhithich,658.2,44,Sim,S,Argyll and Bute/Stirling,234910,713949,FALSE,FALSE,FALSE,FALSE,FALSE,TRUE
3973,Stob an Fhainne,654.3,68.2,Sim,S,Stirling,235860,711095,FALSE,FALSE,FALSE,FALSE,FALSE,TRUE
3974,Ben Glas,653.9,46.7,Sim,S,Stirling,234426,719002,FALSE,FALSE,FALSE,FALSE,FALSE,TRUE
3975,Stuc Odhar,638,121,"Hu,Sim",S,Stirling,255085,708788,FALSE,FALSE,FALSE,FALSE,FALSE,TRUE
3976,Stob nan Eighrach,612,48.7,Sim,S,Argyll and Bute/Stirling,234274,714456,FALSE,FALSE,FALSE,FALSE,FALSE,TRUE
3977,Meall nan Tighearn,742.6,40.4,Sim,S,Argyll and Bute/Stirling,223811,723462,FALSE,FALSE,FALSE,FALSE,FALSE,TRUE
3978,Troisgeach,733,80,Sim,S,Stirling,229050,719420,FALSE,FALSE,FALSE,FALSE,FALSE,TRUE
3979,Beinn an t-Sithein [Beinn an t-Sidhein],696.5,69.6,Sim,S,Argyll and Bute,218212,719586,FALSE,FALSE,FALSE,FALSE,FALSE,TRUE
3980,Beinn Chas,682.9,83.6,Sim,S,Argyll and Bute,219869,716193,FALSE,FALSE,FALSE,FALSE,FALSE,TRUE
3981,Stob nan Coinnich Bhacain,647,80,Sim,S,Argyll and Bute,230292,714582,FALSE,FALSE,FALSE,FALSE,FALSE,TRUE
3982,Maol Breac,645.1,116.7,"Hu,Sim",S,Argyll and Bute,225900,715809,FALSE,FALSE,FALSE,FALSE,FALSE,TRUE
3983,Beinn Bhreac,629.9,92.8,"Sim,sHu",S,Argyll and Bute,220253,721641,FALSE,FALSE,FALSE,FALSE,FALSE,TRUE
3984,Doune Hill East Top,701,78.3,Sim,S,Argyll and Bute,229685,697411,FALSE,FALSE,FALSE,FALSE,FALSE,TRUE
3985,Balcnock,693,116,"Hu,Sim",S,Argyll and Bute,230305,691424,FALSE,FALSE,FALSE,FALSE,FALSE,TRUE
3986,Ben Reoch,660.3,136.3,"Hu,Sim",S,Argyll and Bute,230822,702095,FALSE,FALSE,FALSE,FALSE,FALSE,TRUE
3987,Creag an Leinibh,657,42,Sim,S,Argyll and Bute,231150,691932,FALSE,FALSE,FALSE,FALSE,FALSE,TRUE
3988,Beinn Tharsuinn,656,34,Sim,S,Argyll and Bute,229105,691587,FALSE,FALSE,FALSE,FALSE,FALSE,TRUE
3989,Beinn Dubh,642.6,47.6,Sim,S,Argyll and Bute,233578,695402,FALSE,FALSE,FALSE,FALSE,FALSE,TRUE
3990,Ben Reoch East Top,631.1,36.5,Sim,S,Argyll and Bute,231311,701842,FALSE,FALSE,FALSE,FALSE,FALSE,TRUE
3991,Cross Craigs,747,132,"Hu,Sim",S,Perth and Kinross,253782,752367,FALSE,FALSE,FALSE,FALSE,FALSE,TRUE
3992,Creag Ard,741,38,Sim,S,Perth and Kinross,260125,748822,FALSE,FALSE,FALSE,FALSE,FALSE,TRUE
3993,Meall nam Maigheach,740.2,89.6,Sim,S,Perth and Kinross,255604,749593,FALSE,FALSE,FALSE,FALSE,FALSE,TRUE
3994,Creag an Loch,736.5,95.6,"Sim,sHu",S,Perth and Kinross,282343,754449,FALSE,FALSE,FALSE,FALSE,FALSE,TRUE
3995,Ciochan a' Chop,731.3,42.7,Sim,S,Perth and Kinross,280844,755168,FALSE,FALSE,FALSE,FALSE,FALSE,TRUE
3996,Beinn Eagagach,691.3,122.9,"Hu,Sim",S,Perth and Kinross,285595,756593,FALSE,FALSE,FALSE,FALSE,FALSE,TRUE
3997,Creag a' Mhadaidh,679.4,52,Sim,S,Perth and Kinross,283237,754247,FALSE,FALSE,FALSE,FALSE,FALSE,TRUE
3998,Meall Odhar Mor,677.5,31,Sim,S,Perth and Kinross,279297,754312,FALSE,FALSE,FALSE,FALSE,FALSE,TRUE
3999,Carabad,657.4,38.8,Sim,S,Perth and Kinross,248588,751654,FALSE,FALSE,FALSE,FALSE,FALSE,TRUE
4000,Creag an Lochain,654.7,65.5,Sim,S,Perth and Kinross,283950,756721,FALSE,FALSE,FALSE,FALSE,FALSE,TRUE
4001,Meall a' Bhobuir,655,69,Sim,S,Perth and Kinross,251808,752031,FALSE,FALSE,FALSE,FALSE,FALSE,TRUE
4002,Creag Chean,654.4,54,Sim,S,Perth and Kinross,279518,753257,FALSE,FALSE,FALSE,FALSE,FALSE,TRUE
4003,Meall nan Sac,653.1,35.9,Sim,S,Perth and Kinross,256133,751715,FALSE,FALSE,FALSE,FALSE,FALSE,TRUE
4004,Farragon Hill North Top,649.8,43.2,Sim,S,Perth and Kinross,284301,756239,FALSE,FALSE,FALSE,FALSE,FALSE,TRUE
4005,Tom an Fhuarain,628.6,68.3,Sim,S,Perth and Kinross,286333,756222,FALSE,FALSE,FALSE,FALSE,FALSE,TRUE
4006,Meall a' Choire,618,47.8,Sim,S,Perth and Kinross,288143,756810,FALSE,FALSE,FALSE,FALSE,FALSE,TRUE
4007,Meall a' Charra,617.5,45.1,Sim,S,Perth and Kinross,289059,757604,FALSE,FALSE,FALSE,FALSE,FALSE,TRUE
4008,Meall a' Chall [Meall a' Chail],757.6,99.5,"Sim,sHu",S,Perth and Kinross,243685,740301,FALSE,FALSE,FALSE,FALSE,FALSE,TRUE
4009,Meall Dhuin Croisg,748.6,75,Sim,S,Stirling,254884,737025,FALSE,FALSE,FALSE,FALSE,FALSE,TRUE
4010,Creag Mhor,719,62,Sim,S,Stirling,251375,734023,FALSE,FALSE,FALSE,FALSE,FALSE,TRUE
4011,Sron Eanchainne,712,35,Sim,S,Perth and Kinross,248157,739652,FALSE,FALSE,FALSE,FALSE,FALSE,TRUE
4012,Meall Buidhe,653.6,52.4,Sim,S,Stirling,234130,731852,FALSE,FALSE,FALSE,FALSE,FALSE,TRUE
4013,Creag nan Eildeag,641.7,76.5,Sim,S,Perth and Kinross,259699,746134,FALSE,FALSE,FALSE,FALSE,FALSE,TRUE
4014,Meall Bhalach,706.2,79.8,Sim,S,Highland,225961,757662,FALSE,FALSE,FALSE,FALSE,FALSE,TRUE
4015,Stob Mhic Mhartuin,707,35,Sim,S,Highland,220801,757573,FALSE,FALSE,FALSE,FALSE,FALSE,TRUE
4016,Meall Bhalach East Top,703.9,44.8,Sim,S,Highland,226816,757185,FALSE,FALSE,FALSE,FALSE,FALSE,TRUE
4017,Meall nan Ruadhag,646.7,138.8,"Hu,Sim",S,Highland,229821,757664,FALSE,FALSE,FALSE,FALSE,FALSE,TRUE
4018,Beinn Bheag,616,68,Sim,S,Highland,222096,757977,FALSE,FALSE,FALSE,FALSE,FALSE,TRUE
4019,Creag Ghorm,759.1,89.8,Sim,S,Highland,203358,757808,FALSE,FALSE,FALSE,FALSE,FALSE,TRUE
4020,Meall a' Bhuiridh,748.4,121,"Hu,Sim",S,Highland,212571,750665,FALSE,FALSE,FALSE,FALSE,FALSE,TRUE
4021,Fraochaidh Far East Top,718.7,84,Sim,S,Argyll and Bute,204828,752143,FALSE,FALSE,FALSE,FALSE,FALSE,TRUE
4022,Beinn Bhreac,709,83.9,Sim,S,Argyll and Bute,199267,740050,FALSE,FALSE,FALSE,FALSE,FALSE,TRUE
4023,Gearr Aonach,689.9,32.7,Sim,S,Highland,216316,755740,FALSE,FALSE,FALSE,FALSE,FALSE,TRUE
4024,Stob Gaibhre,690,55,Sim,S,Argyll and Bute,206338,746654,FALSE,FALSE,FALSE,FALSE,FALSE,TRUE
4025,Meall an Aodainn,678,102,"Hu,Sim",S,Highland,208013,752560,FALSE,FALSE,FALSE,FALSE,FALSE,TRUE
4026,Creag na Cathaig,662,44,Sim,S,Argyll and Bute,203782,743427,FALSE,FALSE,FALSE,FALSE,FALSE,TRUE
4027,Beinn Mhic na Ceisich,627,92,"Sim,sHu",S,Argyll and Bute/Highland,201600,749300,FALSE,FALSE,FALSE,FALSE,FALSE,TRUE
4028,Fraochaidh NE Top,626.1,45.3,Sim,S,Highland,205363,753335,FALSE,FALSE,FALSE,FALSE,FALSE,TRUE
4030,Beinn nan Aighenan East Top,744,71,Sim,S,Argyll and Bute,216468,740719,FALSE,FALSE,FALSE,FALSE,FALSE,TRUE
4031,Beinn Lurachan,719,107,"Hu,Sim",S,Argyll and Bute,216531,733736,FALSE,FALSE,FALSE,FALSE,FALSE,TRUE
4032,Meall Garbh,703.7,59.4,Sim,S,Highland,219628,748075,FALSE,FALSE,FALSE,FALSE,FALSE,TRUE
4033,Meall an Araich,697.1,108.1,"Hu,Sim",S,Argyll and Bute,221821,743581,FALSE,FALSE,FALSE,FALSE,FALSE,TRUE
4034,Meall Beithe,693,67,Sim,S,Argyll and Bute,216802,735068,FALSE,FALSE,FALSE,FALSE,FALSE,TRUE
4035,Beinn Mhic Mhonaidh East Top,679,32,Sim,S,Argyll and Bute,222200,735500,FALSE,FALSE,FALSE,FALSE,FALSE,TRUE
4036,Beinn Bheag,653,86,Sim,S,Argyll and Bute/Stirling,231606,732491,FALSE,FALSE,FALSE,FALSE,FALSE,TRUE
4037,Meall Copagach,651,34,Sim,S,Argyll and Bute,205513,732674,FALSE,FALSE,FALSE,FALSE,FALSE,TRUE
4038,Beinn Donachain SW Top,643.8,34.2,Sim,S,Argyll and Bute,218970,731223,FALSE,FALSE,FALSE,FALSE,FALSE,TRUE
4039,Mam na Gualainn East Top,755,35.6,Sim,S,Highland,212257,762677,FALSE,FALSE,FALSE,FALSE,FALSE,TRUE
4040,Beinn Chlianaig,722.5,38.6,Sim,S,Highland,229325,778210,FALSE,FALSE,FALSE,FALSE,FALSE,TRUE
4041,Creagan a' Chaise,723,66,Sim,S,Highland,231073,770832,FALSE,FALSE,FALSE,FALSE,FALSE,TRUE
4042,Meall Cumhann,696.5,130,"Hu,Sim",S,Highland,217791,769620,FALSE,FALSE,FALSE,FALSE,FALSE,TRUE
4043,Sgurr Finniosgaig [Sgurr Finnisg-aig],662.7,37.1,Sim,S,Highland,218904,776235,FALSE,FALSE,FALSE,FALSE,FALSE,TRUE
4044,Stob Coire Easain West Top,662,36,Sim,S,Highland,229027,773828,FALSE,FALSE,FALSE,FALSE,FALSE,TRUE
4045,Creag Bhreac,615.1,38.4,Sim,S,Highland,207789,761740,FALSE,FALSE,FALSE,FALSE,FALSE,TRUE
4046,Creag a' Mhaigh,715,40,Sim,S,Highland,249971,783638,FALSE,FALSE,FALSE,FALSE,FALSE,TRUE
4047,Creagan Ruadh,703.9,113,"Hu,Sim",S,Highland,240388,771727,FALSE,FALSE,FALSE,FALSE,FALSE,TRUE
4048,Creag nan Adhaircean,648,46.4,Sim,S,Highland,259039,786244,FALSE,FALSE,FALSE,FALSE,FALSE,TRUE
4049,Creag a' Chuir,643,108,"Hu,Sim",S,Highland,250451,784810,FALSE,FALSE,FALSE,FALSE,FALSE,TRUE
4050,Meall Cos Charnan,620.1,96,"Sim,sHu",S,Highland,243301,777420,FALSE,FALSE,FALSE,FALSE,FALSE,TRUE
4051,Carn Fiaclach,749,40.3,Sim,S,Perth and Kinross,266079,762110,FALSE,FALSE,FALSE,FALSE,FALSE,TRUE
4052,Meall Odhar Loch Monaidh,748,43.5,Sim,S,Perth and Kinross,256616,768540,FALSE,FALSE,FALSE,FALSE,FALSE,TRUE
4053,Meall na Moine,744.1,36.7,Sim,S,Perth and Kinross,269630,762967,FALSE,FALSE,FALSE,FALSE,FALSE,TRUE
4054,An Torc,739,84,Sim,S,Highland/Perth and Kinross,262118,776304,FALSE,FALSE,FALSE,FALSE,FALSE,TRUE
4055,Meall Breac,685.4,41,Sim,S,Perth and Kinross,266825,769594,FALSE,FALSE,FALSE,FALSE,FALSE,TRUE
4056,Druim nan Sac,644.2,54.8,Sim,S,Highland,270342,789643,FALSE,FALSE,FALSE,FALSE,FALSE,TRUE
4057,Sron a' Chlaonaidh,627.8,39,Sim,S,Perth and Kinross,251440,765454,FALSE,FALSE,FALSE,FALSE,FALSE,TRUE
4058,Clach-Mheall Dubh,618.5,113.9,"Hu,Sim",S,Highland,272706,790438,FALSE,FALSE,FALSE,FALSE,FALSE,TRUE
4059,Gualann Sheileach,613.7,118,"Hu,Sim",S,Perth and Kinross,261705,765186,FALSE,FALSE,FALSE,FALSE,FALSE,TRUE
4061,Cnapan nan Clach,750.5,67.7,Sim,S,Aberdeenshire/Perth and Kinross,298096,783549,FALSE,FALSE,FALSE,FALSE,FALSE,TRUE
4062,Sron na h-Iolaire,739.3,52.9,Sim,S,Highland,283229,789661,FALSE,FALSE,FALSE,FALSE,FALSE,TRUE
4063,An Eilrig,733.4,36,Sim,S,Highland,286058,785983,FALSE,FALSE,FALSE,FALSE,FALSE,TRUE
4064,Sron na Ban-righ,733.3,128.6,"Hu,Sim",S,Highland,287697,788143,FALSE,FALSE,FALSE,FALSE,FALSE,TRUE
4065,Creag a' Chrochaidh,729,76,Sim,S,Perth and Kinross,294668,776292,FALSE,FALSE,FALSE,FALSE,FALSE,TRUE
4066,Sron Direachain,711.4,54.5,Sim,S,Highland,284750,790181,FALSE,FALSE,FALSE,FALSE,FALSE,TRUE
4067,Meall an Dubh-chadha,703.5,53.1,Sim,S,Highland,278866,790828,FALSE,FALSE,FALSE,FALSE,FALSE,TRUE
4068,Meall Dubh-chlais,708.4,88,Sim,S,Perth and Kinross,292069,779582,FALSE,FALSE,FALSE,FALSE,FALSE,TRUE
4069,Meallach Bheag,695,75,Sim,S,Highland,277065,792100,FALSE,FALSE,FALSE,FALSE,FALSE,TRUE
4070,Dun Mor,690.1,109.7,"Hu,Sim",S,Perth and Kinross,296542,779346,FALSE,FALSE,FALSE,FALSE,FALSE,TRUE
4071,Tom Liath,691.7,37.2,Sim,S,Perth and Kinross,289147,780820,FALSE,FALSE,FALSE,FALSE,FALSE,TRUE
4072,Cnapan Garbh,672.1,31.3,Sim,S,Aberdeenshire,298033,786364,FALSE,FALSE,FALSE,FALSE,FALSE,TRUE
4073,Carn Dearg Mor,657,82,Sim,S,Perth and Kinross,285188,773186,FALSE,FALSE,FALSE,FALSE,FALSE,TRUE
4074,Croidh-la,643.1,86.8,Sim,S,Highland,277568,794924,FALSE,FALSE,FALSE,FALSE,FALSE,TRUE
4075,Meall Buidhe,627.9,122.8,"Hu,Sim",S,Highland,279975,795531,FALSE,FALSE,FALSE,FALSE,FALSE,TRUE
4076,Clach-mheall,624.9,36.6,Sim,S,Highland,277828,793168,FALSE,FALSE,FALSE,FALSE,FALSE,TRUE
4077,Meall na Spianaig,620.9,50.3,Sim,S,Perth and Kinross,272070,777657,FALSE,FALSE,FALSE,FALSE,FALSE,TRUE
4078,Elrig,620,66,Sim,S,Perth and Kinross,287154,772464,FALSE,FALSE,FALSE,FALSE,FALSE,TRUE
4079,Aonach Mor,614.4,30.6,Sim,S,Highland,280616,794400,FALSE,FALSE,FALSE,FALSE,FALSE,TRUE
4080,Meall Gharran,759.7,32.4,Sim,S,Perth and Kinross,297619,776221,FALSE,FALSE,FALSE,FALSE,FALSE,TRUE
4081,Buachaille Breige,745,39,Sim,S,Aberdeenshire,302268,785441,FALSE,FALSE,FALSE,FALSE,FALSE,TRUE
4082,Beinn Bheag,736.6,56.4,Sim,S,Perth and Kinross,294901,770362,FALSE,FALSE,FALSE,FALSE,FALSE,TRUE
4083,Creag an Dubh Shluic,726.3,78.7,Sim,S,Perth and Kinross,309000,768781,FALSE,FALSE,FALSE,FALSE,FALSE,TRUE
4084,Creag Leacagach,726.2,90.1,"Sim,sHu",S,Perth and Kinross,300273,772943,FALSE,FALSE,FALSE,FALSE,FALSE,TRUE
4085,Meall an Daimh,722,36,Sim,S,Perth and Kinross,293876,764113,FALSE,FALSE,FALSE,FALSE,FALSE,TRUE
4086,Buachaille Breige West Top,719,35,Sim,S,Aberdeenshire,301727,785976,FALSE,FALSE,FALSE,FALSE,FALSE,TRUE
4087,Creag Cam a' Choire,717.3,79.7,Sim,S,Perth and Kinross,300406,774867,FALSE,FALSE,FALSE,FALSE,FALSE,TRUE
4088,Meall Tionail,712,54,Sim,S,Aberdeenshire,301201,784668,FALSE,FALSE,FALSE,FALSE,FALSE,TRUE
4089,Meall Breac,710.4,31.7,Sim,S,Perth and Kinross,296345,764260,FALSE,FALSE,FALSE,FALSE,FALSE,TRUE
4091,Carn Mor,706,51,Sim,S,Aberdeenshire,310302,787175,FALSE,FALSE,FALSE,FALSE,FALSE,TRUE
4092,Meall Odhar,686,60,Sim,S,Perth and Kinross,311786,765857,FALSE,FALSE,FALSE,FALSE,FALSE,TRUE
4093,Meall Chrombaig,680.2,42.2,Sim,S,Perth and Kinross,300769,780726,FALSE,FALSE,FALSE,FALSE,FALSE,TRUE
4094,Meall Breac,674,66,Sim,S,Perth and Kinross,296785,768776,FALSE,FALSE,FALSE,FALSE,FALSE,TRUE
4095,Stac nam Bodach,672,35,Sim,S,Perth and Kinross,297874,770294,FALSE,FALSE,FALSE,FALSE,FALSE,TRUE
4096,Carn Dallaig West Top,667.1,31.8,Sim,S,Perth and Kinross,300306,775671,FALSE,FALSE,FALSE,FALSE,FALSE,TRUE
4097,Meall Reamhar,646.6,46,Sim,S,Perth and Kinross,299390,775977,FALSE,FALSE,FALSE,FALSE,FALSE,TRUE
4098,Tom Anthon,633.3,95.2,"Sim,sHu",S,Aberdeenshire,309844,788110,FALSE,FALSE,FALSE,FALSE,FALSE,TRUE
4099,Meall na h-Aodainn Moire,633,110,"Hu,Sim",S,Perth and Kinross,294169,762233,FALSE,FALSE,FALSE,FALSE,FALSE,TRUE
4100,Meall Uaine,626.2,61,Sim,S,Perth and Kinross,293686,761827,FALSE,FALSE,FALSE,FALSE,FALSE,TRUE
4101,Crungie Clach,618,72,Sim,S,Perth and Kinross,298754,765670,FALSE,FALSE,FALSE,FALSE,FALSE,TRUE
4102,Beinn a' Chruachain,617,79,Sim,S,Perth and Kinross,304660,769513,FALSE,FALSE,FALSE,FALSE,FALSE,TRUE
4103,Meall Gorm,758.1,42.4,Sim,S,Perth and Kinross,314017,774751,FALSE,FALSE,FALSE,FALSE,FALSE,TRUE
4104,Black Hill,755.7,90.1,"Sim,sHu",S,Angus/Perth and Kinross,316374,771857,FALSE,FALSE,FALSE,FALSE,FALSE,TRUE
4105,Carn an Daimh,753.3,71.9,Sim,S,Perth and Kinross,313538,771235,FALSE,FALSE,FALSE,FALSE,FALSE,TRUE
4106,Millstone Cairn,743,37,Sim,S,Aberdeenshire,316957,788981,FALSE,FALSE,FALSE,FALSE,FALSE,TRUE
4107,Dog Hillock,732,79.2,Sim,S,Aberdeenshire/Angus,328660,779349,FALSE,FALSE,FALSE,FALSE,FALSE,TRUE
4108,Carn Chomh-Stri,715.9,30,Sim,S,Perth and Kinross,313779,771983,FALSE,FALSE,FALSE,FALSE,FALSE,TRUE
4109,An t-Sron,709.9,50.2,Sim,S,Aberdeenshire,328492,784460,FALSE,FALSE,FALSE,FALSE,FALSE,TRUE
4110,Carn nan Sgliat,690,103,"Hu,Sim",S,Aberdeenshire,316706,790271,FALSE,FALSE,FALSE,FALSE,FALSE,TRUE
4111,Craigie Thieves,688,101.7,"Hu,Sim",S,Angus,324324,770008,FALSE,FALSE,FALSE,FALSE,FALSE,TRUE
4112,Bodnasparet,677.4,35.8,Sim,S,Angus,322311,769472,FALSE,FALSE,FALSE,FALSE,FALSE,TRUE
4113,Creagan Caise Hill,662,53.6,Sim,S,Angus,318161,768985,FALSE,FALSE,FALSE,FALSE,FALSE,TRUE
4114,Cairn of Barns,649.3,97.1,"Sim,sHu",S,Angus,332013,771265,FALSE,FALSE,FALSE,FALSE,FALSE,TRUE
4115,Finbracks,756,122,"Hu,Sim",S,Angus,340176,770386,FALSE,FALSE,FALSE,FALSE,FALSE,TRUE
4116,Hill of Gairney,755.8,59.6,Sim,S,Aberdeenshire/Angus,344765,787549,FALSE,FALSE,FALSE,FALSE,FALSE,TRUE
4117,Black Hill,754,85,Sim,S,Aberdeenshire,331117,782459,FALSE,FALSE,FALSE,FALSE,FALSE,TRUE
4118,Hill of Cat,742,128,"Hu,Sim",S,Aberdeenshire/Angus,348481,787177,FALSE,FALSE,FALSE,FALSE,FALSE,TRUE
4119,Cruys,740.2,97.3,"Sim,sHu",S,Angus,342142,775624,FALSE,FALSE,FALSE,FALSE,FALSE,TRUE
4120,Ruragh,735.2,78,Sim,S,Angus,342113,771132,FALSE,FALSE,FALSE,FALSE,FALSE,TRUE
4121,Gannoch,731,36,Sim,S,Aberdeenshire,349670,788017,FALSE,FALSE,FALSE,FALSE,FALSE,TRUE
4122,Cock Cairn,727,72,Sim,S,Aberdeenshire/Angus,346254,788632,FALSE,FALSE,FALSE,FALSE,FALSE,TRUE
4123,Hill of Glansie,726,49,Sim,S,Angus,343000,769800,FALSE,FALSE,FALSE,FALSE,FALSE,TRUE
4124,Tampie,723,31,Sim,S,Aberdeenshire/Angus,349668,786701,FALSE,FALSE,FALSE,FALSE,FALSE,TRUE
4125,Fasheilach,721,79,Sim,S,Aberdeenshire/Angus,334230,785754,FALSE,FALSE,FALSE,FALSE,FALSE,TRUE
4126,Craig Damff,714.3,32,Sim,S,Angus,336743,779558,FALSE,FALSE,FALSE,FALSE,FALSE,TRUE
4127,Wolf Craig,715.9,95.5,"Sim,sHu",S,Angus,338043,782388,FALSE,FALSE,FALSE,FALSE,FALSE,TRUE
4128,Creag Dearg,709.7,64,Sim,S,Aberdeenshire,336060,787595,FALSE,FALSE,FALSE,FALSE,FALSE,TRUE
4129,Cairn Leuchan,699.8,44.6,Sim,S,Aberdeenshire,337895,790566,FALSE,FALSE,FALSE,FALSE,FALSE,TRUE
4130,Monawee,695.6,60.5,Sim,S,Angus,340828,780891,FALSE,FALSE,FALSE,FALSE,FALSE,TRUE
4131,Black Hill,693.8,71,Sim,S,Angus,345808,775275,FALSE,FALSE,FALSE,FALSE,FALSE,TRUE
4132,Earn Skelly,692,61,Sim,S,Angus,343673,772309,FALSE,FALSE,FALSE,FALSE,FALSE,TRUE
4133,West Knock,689.9,96.3,"Sim,sHu",S,Angus,347440,775683,FALSE,FALSE,FALSE,FALSE,FALSE,TRUE
4134,Mudlee Bracks,688,95,"Sim,sHu",S,Aberdeenshire/Angus,351097,785674,FALSE,FALSE,FALSE,FALSE,FALSE,TRUE
4135,Cairn of Meadows,686.9,43,Sim,S,Angus,343585,774944,FALSE,FALSE,FALSE,FALSE,FALSE,TRUE
4136,Craig Maskeldie,686,45.6,Sim,S,Angus,339132,779709,FALSE,FALSE,FALSE,FALSE,FALSE,TRUE
4137,Manywee,686.1,65.6,Sim,S,Angus,339219,769235,FALSE,FALSE,FALSE,FALSE,FALSE,TRUE
4138,Coire Breac Top,684.4,38.2,Sim,S,Angus,336661,784621,FALSE,FALSE,FALSE,FALSE,FALSE,TRUE
4139,Craig Maskeldie South Top,681.4,30.2,Sim,S,Angus,339150,779134,FALSE,FALSE,FALSE,FALSE,FALSE,TRUE
4140,Cairn Lick,681.1,37.7,Sim,S,Angus,339232,778258,FALSE,FALSE,FALSE,FALSE,FALSE,TRUE
4141,Round Hill,664.2,36,Sim,S,Angus,343455,784145,FALSE,FALSE,FALSE,FALSE,FALSE,TRUE
4142,Burnt Hill,664.1,48.1,Sim,S,Angus,341765,777956,FALSE,FALSE,FALSE,FALSE,FALSE,TRUE
4143,Cairn Caidloch,648.2,48.4,Sim,S,Angus,343069,778326,FALSE,FALSE,FALSE,FALSE,FALSE,TRUE
4144,Black Craig,640,81,Sim,S,Aberdeenshire,343091,790516,FALSE,FALSE,FALSE,FALSE,FALSE,TRUE
4145,Wester Hill,639,36,Sim,S,Angus,344548,771345,FALSE,FALSE,FALSE,FALSE,FALSE,TRUE
4146,Clachan Yell,626,91,"Sim,sHu",S,Aberdeenshire,344613,791124,FALSE,FALSE,FALSE,FALSE,FALSE,TRUE
4147,Hill of Cammie,618,41,Sim,S,Aberdeenshire/Angus,352610,785408,FALSE,FALSE,FALSE,FALSE,FALSE,TRUE
4148,Peter Hill,617.2,106,"Hu,Sim",S,Aberdeenshire,357773,788598,FALSE,FALSE,FALSE,FALSE,FALSE,TRUE
4149,Stac na h-Iolaire,743,91,"Sim,sHu",S,Highland,301687,808881,FALSE,FALSE,FALSE,FALSE,FALSE,TRUE
4150,Carn Eilrig,742,113,"Hu,Sim",S,Highland,293807,805302,FALSE,FALSE,FALSE,FALSE,FALSE,TRUE
4151,Creag Mhigeachaidh,743.4,72.8,Sim,S,Highland,287348,802368,FALSE,FALSE,FALSE,FALSE,FALSE,TRUE
4152,Sgor Dubh,741.5,53.2,Sim,S,Aberdeenshire,303378,792099,FALSE,FALSE,FALSE,FALSE,FALSE,TRUE
4153,Carn Odhar,734,31,Sim,S,Highland,294796,804132,FALSE,FALSE,FALSE,FALSE,FALSE,TRUE
4154,Creagan Gorm,732,108,"Hu,Sim",S,Highland,297836,812019,FALSE,FALSE,FALSE,FALSE,FALSE,TRUE
4155,Creagan nan Gabhar,722.9,44.8,Sim,S,Aberdeenshire,299937,792337,FALSE,FALSE,FALSE,FALSE,FALSE,TRUE
4156,Creag a' Chaillich,711,43,Sim,S,Highland,296800,812700,FALSE,FALSE,FALSE,FALSE,FALSE,TRUE
4157,Craiggowrie,687,34,Sim,S,Highland,296200,813400,FALSE,FALSE,FALSE,FALSE,FALSE,TRUE
4158,Airgiod-meall,643.2,77,Sim,S,Highland,296634,806749,FALSE,FALSE,FALSE,FALSE,FALSE,TRUE
4159,Cairn Geldie [Cnapan Or],621.4,32.4,Sim,S,Aberdeenshire,299570,788506,FALSE,FALSE,FALSE,FALSE,FALSE,TRUE
4160,Creag nan Gall,622,55,Sim,S,Highland,300514,810211,FALSE,FALSE,FALSE,FALSE,FALSE,TRUE
4161,Carn a' Bhacain,744.3,134.6,"Hu,Sim",S,Aberdeenshire,329104,804346,FALSE,FALSE,FALSE,FALSE,FALSE,TRUE
4162,Big Garvoun,741.5,90,"Sim,sHu",S,Moray,314791,808408,FALSE,FALSE,FALSE,FALSE,FALSE,TRUE
4163,Monadh nan Eun,736.5,77.3,Sim,S,Moray,310862,808129,FALSE,FALSE,FALSE,FALSE,FALSE,TRUE
4164,Meall an t-Slugain,731.9,71.8,Sim,S,Aberdeenshire,312663,795764,FALSE,FALSE,FALSE,FALSE,FALSE,TRUE
4165,Cairn Culchavie,726,44,Sim,S,Aberdeenshire,320007,807072,FALSE,FALSE,FALSE,FALSE,FALSE,TRUE
4166,The Bruach,714.1,66.4,Sim,S,Moray,311870,805586,FALSE,FALSE,FALSE,FALSE,FALSE,TRUE
4167,Craig Veann,711,72,Sim,S,Aberdeenshire/Moray,318871,810986,FALSE,FALSE,FALSE,FALSE,FALSE,TRUE
4168,Carn Oighreag,704,57,Sim,S,Aberdeenshire,324016,807066,FALSE,FALSE,FALSE,FALSE,FALSE,TRUE
4169,Carn Leac Saighdeir,700,70,Sim,S,Aberdeenshire,327095,806040,FALSE,FALSE,FALSE,FALSE,FALSE,TRUE
4170,Tom Breac,696,81,Sim,S,Aberdeenshire,322202,799825,FALSE,FALSE,FALSE,FALSE,FALSE,TRUE
4171,Camock Hill,693.1,35,Sim,S,Aberdeenshire,327254,804565,FALSE,FALSE,FALSE,FALSE,FALSE,TRUE
4172,Tolm Buirich,693,53,Sim,S,Aberdeenshire/Moray,321076,812075,FALSE,FALSE,FALSE,FALSE,FALSE,TRUE
4173,Carn na Ruabraich,691,53,Sim,S,Moray,312935,810789,FALSE,FALSE,FALSE,FALSE,FALSE,TRUE
4174,The Ca,679,46.8,Sim,S,Aberdeenshire,328113,805290,FALSE,FALSE,FALSE,FALSE,FALSE,TRUE
4175,Liath Bheinn,665,104,"Hu,Sim",S,Moray,317136,812200,FALSE,FALSE,FALSE,FALSE,FALSE,TRUE
4176,Fox Cairn,656.2,58.4,Sim,S,Aberdeenshire,328656,802783,FALSE,FALSE,FALSE,FALSE,FALSE,TRUE
4177,Carn Ulie,650,32,Sim,S,Aberdeenshire,320151,803331,FALSE,FALSE,FALSE,FALSE,FALSE,TRUE
4178,Creag a' Chleirich,650,46,Sim,S,Aberdeenshire,314100,793397,FALSE,FALSE,FALSE,FALSE,FALSE,TRUE
4179,Creag a' Chait,648,37.9,Sim,S,Aberdeenshire,317184,795844,FALSE,FALSE,FALSE,FALSE,FALSE,TRUE
4180,Carn na h-Ailig,637,68,Sim,S,Highland,307337,813986,FALSE,FALSE,FALSE,FALSE,FALSE,TRUE
4181,Carn Bad a' Ghuail,629,42,Sim,S,Aberdeenshire/Moray,317981,809816,FALSE,FALSE,FALSE,FALSE,FALSE,TRUE
4182,Meall an t-Seangain,629,65,Sim,S,Moray,317933,805033,FALSE,FALSE,FALSE,FALSE,FALSE,TRUE
4183,Carn Ruadh-bhreac,617.4,37.4,Sim,S,Highland,312417,812990,FALSE,FALSE,FALSE,FALSE,FALSE,TRUE
4184,Meall Gorm,617.7,90.6,"Sim,sHu",S,Aberdeenshire,318453,794582,FALSE,FALSE,FALSE,FALSE,FALSE,TRUE
4185,Carn Ruabraich,616,82,Sim,S,Moray,313621,812418,FALSE,FALSE,FALSE,FALSE,FALSE,TRUE
4186,Carn an t-Sean-liathanaich,633.2,78.3,Sim,S,Highland,286903,832046,FALSE,FALSE,FALSE,FALSE,FALSE,TRUE
4187,Carn nam Bain-tighearna,634,92,"Sim,sHu",S,Highland,284737,825337,FALSE,FALSE,FALSE,FALSE,FALSE,TRUE
4188,Carn a' Choire Mhoir,627.5,55,Sim,S,Highland,284275,829057,FALSE,FALSE,FALSE,FALSE,FALSE,TRUE
4189,Creag a' Chail,761.3,100,"Hu,Sim",S,Highland,240313,795859,FALSE,FALSE,FALSE,FALSE,FALSE,TRUE
4190,Meall an Dubh Lochain,759.2,45,Sim,S,Highland,249777,800518,FALSE,FALSE,FALSE,FALSE,FALSE,TRUE
4191,Sidhean Dubh na Cloiche Baine,757,45,Sim,S,Highland,250447,801541,FALSE,FALSE,FALSE,FALSE,FALSE,TRUE
4192,Carn Dubh Ic an Deoir,750,88,Sim,S,Highland,277456,819822,FALSE,FALSE,FALSE,FALSE,FALSE,TRUE
4193,Carn Coire na h-Inghinn,749,38,Sim,S,Highland,272034,804309,FALSE,FALSE,FALSE,FALSE,FALSE,TRUE
4194,Carn na Larach,746.4,55,Sim,S,Highland,233400,796569,FALSE,FALSE,FALSE,FALSE,FALSE,TRUE
4195,Meall na h-Uinneig,745,36,Sim,S,Highland,262815,796779,FALSE,FALSE,FALSE,FALSE,FALSE,TRUE
4196,Carn Ghriogair North Top,744,38,Sim,S,Highland,266700,821600,FALSE,FALSE,FALSE,FALSE,FALSE,TRUE
4197,Geal-charn Beag,742,66,Sim,S,Highland,284780,814395,FALSE,FALSE,FALSE,FALSE,FALSE,TRUE
4198,Carn Coire na h-Eirghe,740,51,Sim,S,Highland,275591,818969,FALSE,FALSE,FALSE,FALSE,FALSE,TRUE
4199,Cairn Dulnan,738,72,Sim,S,Highland,275219,810741,FALSE,FALSE,FALSE,FALSE,FALSE,TRUE
4200,Carn Dearg,736.3,46,Sim,S,Highland,248065,798534,FALSE,FALSE,FALSE,FALSE,FALSE,TRUE
4201,Carn Creagach,734.2,49,Sim,S,Highland,264072,813694,FALSE,FALSE,FALSE,FALSE,FALSE,TRUE
4202,Creag Coire Doe,729,54,Sim,S,Highland,244324,806651,FALSE,FALSE,FALSE,FALSE,FALSE,TRUE
4203,Carn Gearresith,728,43,Sim,S,Highland,262840,811477,FALSE,FALSE,FALSE,FALSE,FALSE,TRUE
4204,A' Bhuidheanaich,726.8,105,"Hu,Sim",S,Highland,277328,808424,FALSE,FALSE,FALSE,FALSE,FALSE,TRUE
4205,Creag Coire Doe South Top,725.7,39.5,Sim,S,Highland,243941,806230,FALSE,FALSE,FALSE,FALSE,FALSE,TRUE
4206,Carn Dubh,722,49,Sim,S,Highland,275532,813537,FALSE,FALSE,FALSE,FALSE,FALSE,TRUE
4207,Carn Easgann Bana East Top,719.9,48.4,Sim,S,Highland,250150,805154,FALSE,FALSE,FALSE,FALSE,FALSE,TRUE
4208,Cnoc an Tiumpain,717.8,101.5,"Hu,Sim",S,Highland,278978,808850,FALSE,FALSE,FALSE,FALSE,FALSE,TRUE
4209,Cairn Vungie,714.6,37,Sim,S,Highland,245027,807284,FALSE,FALSE,FALSE,FALSE,FALSE,TRUE
4210,Meall a' Chocaire,714,54.3,Sim,S,Highland,275973,807549,FALSE,FALSE,FALSE,FALSE,FALSE,TRUE
4211,Carn Caol,714,37,Sim,S,Highland,276125,816071,FALSE,FALSE,FALSE,FALSE,FALSE,TRUE
4212,Carn Dearg Mor,713.3,86.7,Sim,S,Highland,286155,813127,FALSE,FALSE,FALSE,FALSE,FALSE,TRUE
4213,Carn Easgainn Mor,712.2,45.5,Sim,S,Highland,272302,816020,FALSE,FALSE,FALSE,FALSE,FALSE,TRUE
4214,Carn na Saobhaidh,714,32,Sim,S,Highland,267502,824061,FALSE,FALSE,FALSE,FALSE,FALSE,TRUE
4215,Carn na Saobhaidhe,717,37,Sim,S,Highland,253609,804695,FALSE,FALSE,FALSE,FALSE,FALSE,TRUE
4216,Beinn Bhan,712.4,44,Sim,S,Highland,232640,796639,FALSE,FALSE,FALSE,FALSE,FALSE,TRUE
4217,Beinn Bhuidhe,711,87,Sim,S,Highland,262303,821736,FALSE,FALSE,FALSE,FALSE,FALSE,TRUE
4218,Carn Liath-bhaid,707.6,30.7,Sim,S,Highland,254752,811168,FALSE,FALSE,FALSE,FALSE,FALSE,TRUE
4219,Meallan Odhar,702.4,34.8,Sim,S,Highland,235576,796214,FALSE,FALSE,FALSE,FALSE,FALSE,TRUE
4220,Carn nan Suilean Dubha,701,33,Sim,S,Highland,282000,811600,FALSE,FALSE,FALSE,FALSE,FALSE,TRUE
4221,Meall nan Ruadhag,701.5,59,Sim,S,Highland,252658,806679,FALSE,FALSE,FALSE,FALSE,FALSE,TRUE
4222,Meall nan Aighean Beag,701.4,39,Sim,S,Highland,249734,810144,FALSE,FALSE,FALSE,FALSE,FALSE,TRUE
4223,Leac nan Uan,694,76.9,Sim,S,Highland,237229,796657,FALSE,FALSE,FALSE,FALSE,FALSE,TRUE
4224,Beinn Dubhcharaidh,690,131,"Hu,Sim",S,Highland,258900,819942,FALSE,FALSE,FALSE,FALSE,FALSE,TRUE
4225,Carn Easgann Bana West Top,686.4,35.6,Sim,S,Highland,247162,805334,FALSE,FALSE,FALSE,FALSE,FALSE,TRUE
4226,Sithean Dubh,689,35,Sim,S,Highland,252382,804540,FALSE,FALSE,FALSE,FALSE,FALSE,TRUE
4227,Carn Coire Dhealanaich,685.8,58,Sim,S,Highland,270819,819030,FALSE,FALSE,FALSE,FALSE,FALSE,TRUE
4228,Beinn Acha' Bhraghad,682,67,Sim,S,Highland,265700,823800,FALSE,FALSE,FALSE,FALSE,FALSE,TRUE
4229,Carn Dearg Beag,679,64,Sim,S,Highland,236589,794188,FALSE,FALSE,FALSE,FALSE,FALSE,TRUE
4230,Coille Mhor,675,39,Sim,S,Highland,263679,821333,FALSE,FALSE,FALSE,FALSE,FALSE,TRUE
4231,Carn na Guaille,672,31,Sim,S,Highland,278307,817680,FALSE,FALSE,FALSE,FALSE,FALSE,TRUE
4232,Carn Leachter Beag,671,30,Sim,S,Highland,276469,821032,FALSE,FALSE,FALSE,FALSE,FALSE,TRUE
4233,Creag Mhor,662,40,Sim,S,Highland,273476,802932,FALSE,FALSE,FALSE,FALSE,FALSE,TRUE
4234,Caimhlin Mor,659.5,33.5,Sim,S,Highland,268521,814676,FALSE,FALSE,FALSE,FALSE,FALSE,TRUE
4235,Carn Fliuch-bhaid,659,72,Sim,S,Highland,255064,812856,FALSE,FALSE,FALSE,FALSE,FALSE,TRUE
4236,Meall a' Bhuailt,659,50,Sim,S,Highland,258558,816785,FALSE,FALSE,FALSE,FALSE,FALSE,TRUE
4237,Carn Leachtar Dhubh,650.9,40.8,Sim,S,Highland,268413,816530,FALSE,FALSE,FALSE,FALSE,FALSE,TRUE
4238,Cnoc Fraing South Top,652,38,Sim,S,Highland,280800,813100,FALSE,FALSE,FALSE,FALSE,FALSE,TRUE
4239,Carn Bad an Daimh,648,38,Sim,S,Highland,276267,821721,FALSE,FALSE,FALSE,FALSE,FALSE,TRUE
4240,Druim Ghlaoidh [Leitir Fhionnlaigh],648,115,"Hu,Sim",S,Highland,227474,792027,FALSE,FALSE,FALSE,FALSE,FALSE,TRUE
4241,Glas Bheinn,648,55,Sim,S,Highland,237684,794099,FALSE,FALSE,FALSE,FALSE,FALSE,TRUE
4242,Leacann Doire Bainneir,644,72,Sim,S,Highland,230200,794600,FALSE,FALSE,FALSE,FALSE,FALSE,TRUE
4243,Aonach Odhar,642,35,Sim,S,Highland,270808,822968,FALSE,FALSE,FALSE,FALSE,FALSE,TRUE
4244,Carn na Saobhaidh East Top,639.1,35.8,Sim,S,Highland,269170,825551,FALSE,FALSE,FALSE,FALSE,FALSE,TRUE
4245,Carn Coire na Caorach,637.1,79,Sim,S,Highland,280186,819977,FALSE,FALSE,FALSE,FALSE,FALSE,TRUE
4246,Am Bathaich,635.9,82.4,Sim,S,Highland,266019,813873,FALSE,FALSE,FALSE,FALSE,FALSE,TRUE
4247,Creag Dhubh Tigh an Aitinn,635,51,Sim,S,Highland,273853,818012,FALSE,FALSE,FALSE,FALSE,FALSE,TRUE
4248,Meall a' Chomhlain,635,59,Sim,S,Highland,232137,793625,FALSE,FALSE,FALSE,FALSE,FALSE,TRUE
4249,Carn Glac an Eich,633.2,81.8,Sim,S,Highland,269484,826784,FALSE,FALSE,FALSE,FALSE,FALSE,TRUE
4250,Sguman Mor,623,33,Sim,S,Highland,281146,818903,FALSE,FALSE,FALSE,FALSE,FALSE,TRUE
4251,Carn Phris Mhoir,618.3,94.1,"Sim,sHu",S,Highland,280721,821822,FALSE,FALSE,FALSE,FALSE,FALSE,TRUE
4253,Carn Bhrunachain,722.9,42,Sim,S,Highland,233469,789311,FALSE,FALSE,FALSE,FALSE,FALSE,TRUE
4254,Creag Tharsuinn,718.1,75.7,Sim,S,Highland,236514,788481,FALSE,FALSE,FALSE,FALSE,FALSE,TRUE
4255,Coire Ceirsle Hill,654.9,64,Sim,S,Highland,224775,785743,FALSE,FALSE,FALSE,FALSE,FALSE,TRUE
4256,Creag Liath,635.8,109,"Hu,Sim",S,Highland,249201,793698,FALSE,FALSE,FALSE,FALSE,FALSE,TRUE
4257,Sgurr a' Chuilinn,754,52.7,Sim,S,Highland,198213,812078,FALSE,FALSE,FALSE,FALSE,FALSE,TRUE
4258,Beinn Loinne East Top,749.6,34,Sim,S,Highland,216233,808222,FALSE,FALSE,FALSE,FALSE,FALSE,TRUE
4259,Glac Raineach,738,47,Sim,S,Highland,208594,804023,FALSE,FALSE,FALSE,FALSE,FALSE,TRUE
4260,Sgurr na Laire Brice,709.2,133.7,"Hu,Sim",S,Highland,189019,812831,FALSE,FALSE,FALSE,FALSE,FALSE,TRUE
4261,Sgurr a' Gharg Gharaidh,689.2,54.6,Sim,S,Highland,191550,815500,FALSE,FALSE,FALSE,FALSE,FALSE,TRUE
4262,Sgurr a' Gharg Gharaidh North Top,683.7,38.4,Sim,S,Highland,191345,815765,FALSE,FALSE,FALSE,FALSE,FALSE,TRUE
4263,Sgurr a' Gharg Gharaidh Far South Top,681.4,43.3,Sim,S,Highland,191823,814970,FALSE,FALSE,FALSE,FALSE,FALSE,TRUE
4264,Sgurr a' Gharg Gharaidh Far North Top,680.1,42.3,Sim,S,Highland,191045,816068,FALSE,FALSE,FALSE,FALSE,FALSE,TRUE
4265,Sgurr a' Gharg Gharaidh South Top,679.7,40.3,Sim,S,Highland,191702,815140,FALSE,FALSE,FALSE,FALSE,FALSE,TRUE
4266,Druim nan Firean,662.4,75,Sim,S,Highland,190499,812593,FALSE,FALSE,FALSE,FALSE,FALSE,TRUE
4267,Beinn Aoidhdailean,633.4,33.2,Sim,S,Highland,188653,814093,FALSE,FALSE,FALSE,FALSE,FALSE,TRUE
4268,Sgurr Mor,626.8,57.9,Sim,S,Highland,187938,807906,FALSE,FALSE,FALSE,FALSE,FALSE,TRUE
4269,Beinn Clachach West Top,616.1,64.3,Sim,S,Highland,187598,810659,FALSE,FALSE,FALSE,FALSE,FALSE,TRUE
4270,Sgurr Mor Near West Top,614.1,31.4,Sim,S,Highland,187590,807920,FALSE,FALSE,FALSE,FALSE,FALSE,TRUE
4271,Meall a' Mheil,612.9,34.6,Sim,S,Highland,205244,803248,FALSE,FALSE,FALSE,FALSE,FALSE,TRUE
4272,Sgurr Mor West Top,614,32.7,Sim,S,Highland,187172,808138,FALSE,FALSE,FALSE,FALSE,FALSE,TRUE
4273,Druim a' Ghoirtein,760.9,34.1,Sim,S,Highland,189503,796243,FALSE,FALSE,FALSE,FALSE,FALSE,TRUE
4274,Aonach Sgoilte West Top,758,60,Sim,S,Highland,183141,802216,FALSE,FALSE,FALSE,FALSE,FALSE,TRUE
4275,Druim Chosaidh,755,39.9,Sim,S,Highland,191725,800689,FALSE,FALSE,FALSE,FALSE,FALSE,TRUE
4276,Meall a' Choire Dhuibh,740.6,102.6,"Hu,Sim",S,Highland,191883,798073,FALSE,FALSE,FALSE,FALSE,FALSE,TRUE
4277,Sgurr Dubh,737.7,78.9,Sim,S,Highland,194076,805605,FALSE,FALSE,FALSE,FALSE,FALSE,TRUE
4278,Beinn an Aodainn East Top,716,45.3,Sim,S,Highland,190711,798290,FALSE,FALSE,FALSE,FALSE,FALSE,TRUE
4279,An t-Sail,695.4,32.3,Sim,S,Highland,194089,797936,FALSE,FALSE,FALSE,FALSE,FALSE,TRUE
4280,Ladhar Bheinn North Top,692,94,"Sim,sHu",S,Highland,182470,805770,FALSE,FALSE,FALSE,FALSE,FALSE,TRUE
4281,Meall Coire an t-Searraich,686,59,Sim,S,Highland,178109,805648,FALSE,FALSE,FALSE,FALSE,FALSE,TRUE
4282,Mullach Li,668,72,Sim,S,Highland,181758,806462,FALSE,FALSE,FALSE,FALSE,FALSE,TRUE
4283,Beinn na Caillich North Top,665,30.6,Sim,S,Highland,179305,807118,FALSE,FALSE,FALSE,FALSE,FALSE,TRUE
4284,Meall nan Eun West Top,666,41,Sim,S,Highland,189913,805182,FALSE,FALSE,FALSE,FALSE,FALSE,TRUE
4285,Stob an Uillt-fhearna,661,52,Sim,S,Highland,180694,801806,FALSE,FALSE,FALSE,FALSE,FALSE,TRUE
4286,Meall an Spardain,650.5,40.3,Sim,S,Highland,194114,800651,FALSE,FALSE,FALSE,FALSE,FALSE,TRUE
4287,Meall nan Eun East Top,640,32,Sim,S,Highland,190863,805266,FALSE,FALSE,FALSE,FALSE,FALSE,TRUE
4288,An Caisteal,622,137,"Hu,Sim",S,Highland,189373,804356,FALSE,FALSE,FALSE,FALSE,FALSE,TRUE
4289,Aonach Sgoilte Far West Top,620,35,Sim,S,Highland,182146,801780,FALSE,FALSE,FALSE,FALSE,FALSE,TRUE
4290,Druim a' Ghoirtein Far West Top,619.2,32.7,Sim,S,Highland,188374,795787,FALSE,FALSE,FALSE,FALSE,FALSE,TRUE
4291,Meall an Tagraidh [Meall an t-Sagairt],759.9,133.5,"Hu,Sim",S,Highland,219459,794053,FALSE,FALSE,FALSE,FALSE,FALSE,TRUE
4292,Mam a' Chroisg,715,50,Sim,S,Highland,226755,807967,FALSE,FALSE,FALSE,FALSE,FALSE,TRUE
4293,Meall nan Dearcag,691.3,42.5,Sim,S,Highland,225669,795336,FALSE,FALSE,FALSE,FALSE,FALSE,TRUE
4294,Carn Dearg,681,33.9,Sim,S,Highland,223265,807016,FALSE,FALSE,FALSE,FALSE,FALSE,TRUE
4295,Beinn an Eoin,663,48,Sim,S,Highland,224223,809017,FALSE,FALSE,FALSE,FALSE,FALSE,TRUE
4296,Meall Tarsuinn,658.7,100.9,"Hu,Sim",S,Highland,216837,796015,FALSE,FALSE,FALSE,FALSE,FALSE,TRUE
4297,Beinn Chraoibh,616,42,Sim,S,Highland,214178,792574,FALSE,FALSE,FALSE,FALSE,FALSE,TRUE
4298,Sgurr an Fhuarain Duibh,749,80,Sim,S,Highland,190098,785862,FALSE,FALSE,FALSE,FALSE,FALSE,TRUE
4299,Meall a' Phubuill East Top,746.2,99.7,"Sim,sHu",S,Highland,204130,785381,FALSE,FALSE,FALSE,FALSE,FALSE,TRUE
4300,Sgurr nam Meirleach,745.7,72.2,Sim,S,Highland,186420,793063,FALSE,FALSE,FALSE,FALSE,FALSE,TRUE
4301,Druim Fada West Top,729,76,Sim,S,Highland,206052,782209,FALSE,FALSE,FALSE,FALSE,FALSE,TRUE
4302,Sgurr Breac,728.7,78,Sim,S,Highland,184684,792428,FALSE,FALSE,FALSE,FALSE,FALSE,TRUE
4303,Sron Liath,720,37,Sim,S,Highland,197321,785975,FALSE,FALSE,FALSE,FALSE,FALSE,TRUE
4304,Druim Gleann Laoigh,697,52.2,Sim,S,Highland,206195,785351,FALSE,FALSE,FALSE,FALSE,FALSE,TRUE
4305,Na h-Uamhachan,691,108,"Hu,Sim",S,Highland,196686,784272,FALSE,FALSE,FALSE,FALSE,FALSE,TRUE
4306,Meall na Sroine,674,56,Sim,S,Highland,190633,793862,FALSE,FALSE,FALSE,FALSE,FALSE,TRUE
4307,Mullach Coire nan Geur-oirean West Top,671,30,Sim,S,Highland,203351,789028,FALSE,FALSE,FALSE,FALSE,FALSE,TRUE
4308,Meith Bheinn West Top,662.7,35.9,Sim,S,Highland,181680,786976,FALSE,FALSE,FALSE,FALSE,FALSE,TRUE
4309,Beinn an t-Sneachda,649,56,Sim,S,Highland,198556,781497,FALSE,FALSE,FALSE,FALSE,FALSE,TRUE
4310,An Stac North Top,646.9,31.7,Sim,S,Highland,186387,789163,FALSE,FALSE,FALSE,FALSE,FALSE,TRUE
4311,Carn Mor East Top,618,81.1,Sim,S,Highland,192548,791055,FALSE,FALSE,FALSE,FALSE,FALSE,TRUE
4312,Sgurr Mor,612.8,37.4,Sim,S,Highland,182516,792091,FALSE,FALSE,FALSE,FALSE,FALSE,TRUE
4313,A' Ghlas-bheinn South Top,758,31,Sim,S,Highland,201208,821945,FALSE,FALSE,FALSE,FALSE,FALSE,TRUE
4314,Creag a' Bhaca,745,40,Sim,S,Highland,220742,829581,FALSE,FALSE,FALSE,FALSE,FALSE,TRUE
4315,Beinn Bhuidhe [Beinn Bhuide],702.2,124.6,"Hu,Sim",S,Highland,196087,823540,FALSE,FALSE,FALSE,FALSE,FALSE,TRUE
4316,Meall Mor,694.1,50.6,Sim,S,Highland,224902,828070,FALSE,FALSE,FALSE,FALSE,FALSE,TRUE
4317,Feith a' Ghiubhais,678,42,Sim,S,Highland,224075,829685,FALSE,FALSE,FALSE,FALSE,FALSE,TRUE
4318,Beinn Bhreac,673.7,52,Sim,S,Highland,197299,824789,FALSE,FALSE,FALSE,FALSE,FALSE,TRUE
4319,Creag a' Choire Dhuibh,663,78,Sim,S,Highland,227300,831200,FALSE,FALSE,FALSE,FALSE,FALSE,TRUE
4320,Sgurr na h-Eige,657,34,Sim,S,Highland,205240,827566,FALSE,FALSE,FALSE,FALSE,FALSE,TRUE
4321,Am Meallan,652,109,"Hu,Sim",S,Highland,219095,824858,FALSE,FALSE,FALSE,FALSE,FALSE,TRUE
4322,Beinn a' Chairein,646,72,Sim,S,Highland,229617,831804,FALSE,FALSE,FALSE,FALSE,FALSE,TRUE
4323,Creag a' Choire Dhuibh East Top,638,44,Sim,S,Highland,228435,830855,FALSE,FALSE,FALSE,FALSE,FALSE,TRUE
4324,Boc Mor,629.3,87.9,Sim,S,Highland,191725,825905,FALSE,FALSE,FALSE,FALSE,FALSE,TRUE
4325,Suie Dhu,613.8,30.3,Sim,S,Highland,199956,825437,FALSE,FALSE,FALSE,FALSE,FALSE,TRUE
4326,Carn nam Feuaich,731.2,137.8,"Hu,Sim",S,Highland,217531,812514,FALSE,FALSE,FALSE,FALSE,FALSE,TRUE
4327,Cnap na Stri,724,51,Sim,S,Highland,218996,819686,FALSE,FALSE,FALSE,FALSE,FALSE,TRUE
4328,Carn nan Earb,663.3,94.2,"Sim,sHu",S,Highland,230102,819490,FALSE,FALSE,FALSE,FALSE,FALSE,TRUE
4329,Creag nan Calman,661,65,Sim,S,Highland,219987,820583,FALSE,FALSE,FALSE,FALSE,FALSE,TRUE
4330,Carn a' Choire Leith,647,116.1,"Hu,Sim",S,Highland,226467,818926,FALSE,FALSE,FALSE,FALSE,FALSE,TRUE
4331,Meall a' Chrathaich East Top,639.2,35.1,Sim,S,Highland,236469,822356,FALSE,FALSE,FALSE,FALSE,FALSE,TRUE
4332,Meall a' Chrathaich West Top,632,40,Sim,S,Highland,235396,821643,FALSE,FALSE,FALSE,FALSE,FALSE,TRUE
4333,Carn Tarsuinn,616,91,"Sim,sHu",S,Highland,238600,822100,FALSE,FALSE,FALSE,FALSE,FALSE,TRUE
4334,Meall nan Oighreagan,615,46,Sim,S,Highland,237200,822600,FALSE,FALSE,FALSE,FALSE,FALSE,TRUE
4335,Carn na Ruighe Duibhe North Top,612.8,30.5,Sim,S,Highland,237382,824480,FALSE,FALSE,FALSE,FALSE,FALSE,TRUE
4336,Meallan Odhar,612,129,"Hu,Sim",S,Highland,221150,817303,FALSE,FALSE,FALSE,FALSE,FALSE,TRUE
4337,Carn na Caorach,610,40,Sim,S,Highland,232305,818710,FALSE,FALSE,FALSE,FALSE,FALSE,TRUE
4338,An Leth-chreag,756,60,Sim,S,Highland,230035,845279,FALSE,FALSE,FALSE,FALSE,FALSE,TRUE
4339,Meall a' Gheur-fheadain,754.1,98.6,"Sim,sHu",S,Highland,226456,841346,FALSE,FALSE,FALSE,FALSE,FALSE,TRUE
4340,Meall Innis na Sine,743,92,"Sim,sHu",S,Highland,218867,848290,FALSE,FALSE,FALSE,FALSE,FALSE,TRUE
4341,Carn Ban,737,129,"Hu,Sim",S,Highland,233619,841844,FALSE,FALSE,FALSE,FALSE,FALSE,TRUE
4342,Carn a' Ghorm-locha,736,38,Sim,S,Highland,237001,845874,FALSE,FALSE,FALSE,FALSE,FALSE,TRUE
4343,Creag Ruadh,730.5,36.1,Sim,S,Highland,227690,853929,FALSE,FALSE,FALSE,FALSE,FALSE,TRUE
4344,Sgurr a' Ghlaisein,729,60,Sim,S,Highland,236166,846053,FALSE,FALSE,FALSE,FALSE,FALSE,TRUE
4345,Creag Sgiathan,699.3,131.3,"Hu,Sim",S,Highland,216887,850872,FALSE,FALSE,FALSE,FALSE,FALSE,TRUE
4346,Meall Buidhe,700,83,Sim,S,Highland,222775,850399,FALSE,FALSE,FALSE,FALSE,FALSE,TRUE
4347,Eagan,690,75,Sim,S,Highland,201961,845053,FALSE,FALSE,FALSE,FALSE,FALSE,TRUE
4348,Meall Dubh na Caoidhe,688.4,100,"Hu,Sim",S,Highland,218340,843480,FALSE,FALSE,FALSE,FALSE,FALSE,TRUE
4349,Creag Ghlas,686.4,54.6,Sim,S,Highland,224605,854756,FALSE,FALSE,FALSE,FALSE,FALSE,TRUE
4350,Sgurr na Cairbe,686.7,54.2,Sim,S,Highland,230586,846403,FALSE,FALSE,FALSE,FALSE,FALSE,TRUE
4351,Meall a' Bhogair Mor,670.9,76,Sim,S,Highland,233071,852116,FALSE,FALSE,FALSE,FALSE,FALSE,TRUE
4352,Meall Doire Fheara,670.2,52,Sim,S,Highland,231339,852462,FALSE,FALSE,FALSE,FALSE,FALSE,TRUE
4353,Meall Giubhais,662.4,73,Sim,S,Highland,230606,850743,FALSE,FALSE,FALSE,FALSE,FALSE,TRUE
4354,Carn an Alltain Riabhaich,652,49.3,Sim,S,Highland,222827,845576,FALSE,FALSE,FALSE,FALSE,FALSE,TRUE
4355,Meall a' Bhogair Beag,653,41,Sim,S,Highland,233854,852385,FALSE,FALSE,FALSE,FALSE,FALSE,TRUE
4356,Carn Uilleim,651,53,Sim,S,Highland,233300,851500,FALSE,FALSE,FALSE,FALSE,FALSE,TRUE
4357,Beinn Mheadhoin West Top,626.5,30.2,Sim,S,Highland,225134,847996,FALSE,FALSE,FALSE,FALSE,FALSE,TRUE
4358,Creag Dhubh Bheag,627,31,Sim,S,Highland,215699,847366,FALSE,FALSE,FALSE,FALSE,FALSE,TRUE
4359,Druim Dubh,611,44.8,Sim,S,Highland,220273,844669,FALSE,FALSE,FALSE,FALSE,FALSE,TRUE
4360,Ben Killilan,756.7,44,Sim,S,Highland,198411,831656,FALSE,FALSE,FALSE,FALSE,FALSE,TRUE
4361,Ben Killilan West Top,752.9,45,Sim,S,Highland,197476,831706,FALSE,FALSE,FALSE,FALSE,FALSE,TRUE
4362,Sgurr na Cloiche,751.9,33,Sim,S,Highland,196092,831647,FALSE,FALSE,FALSE,FALSE,FALSE,TRUE
4363,Mullach Tarsuinn,742.1,40.9,Sim,S,Highland,223520,833903,FALSE,FALSE,FALSE,FALSE,FALSE,TRUE
4364,Cadha Ruadh,732,33,Sim,S,Highland,200963,833255,FALSE,FALSE,FALSE,FALSE,FALSE,TRUE
4365,Sron na Gaoithe,724.4,74.3,Sim,S,Highland,200748,830620,FALSE,FALSE,FALSE,FALSE,FALSE,TRUE
4366,Sgorr na Diollaid Far West Top,711.8,30.2,Sim,S,Highland,226485,835993,FALSE,FALSE,FALSE,FALSE,FALSE,TRUE
4367,Meallan Odhar,695.1,95.2,"Sim,sHu",S,Highland,224994,835723,FALSE,FALSE,FALSE,FALSE,FALSE,TRUE
4368,Meall a' Mhadaidh,684,95,"Sim,sHu",S,Highland,230411,837031,FALSE,FALSE,FALSE,FALSE,FALSE,TRUE
4369,An Soutar,680,50.1,Sim,S,Highland,225942,835002,FALSE,FALSE,FALSE,FALSE,FALSE,TRUE
4370,Ben Killilan North Top,671,32.4,Sim,S,Highland,198680,832546,FALSE,FALSE,FALSE,FALSE,FALSE,TRUE
4371,Creag nan Eilid,656.9,39.2,Sim,S,Highland,201131,829565,FALSE,FALSE,FALSE,FALSE,FALSE,TRUE
4372,Sgorr na Ruadhraich,654,98.6,"Sim,sHu",S,Highland,231579,836002,FALSE,FALSE,FALSE,FALSE,FALSE,TRUE
4373,Sgorr na Ruadhraich South Top,638,51,Sim,S,Highland,231526,835122,FALSE,FALSE,FALSE,FALSE,FALSE,TRUE
4374,Beinn Bheag,620,93,"Sim,sHu",S,Highland,210592,837666,FALSE,FALSE,FALSE,FALSE,FALSE,TRUE
4375,Carn Cul-sgor,615.8,31,Sim,S,Highland,234023,835122,FALSE,FALSE,FALSE,FALSE,FALSE,TRUE
4376,Carn na Feola,758.6,101.6,"Hu,Sim",S,Highland,191564,861239,FALSE,FALSE,FALSE,FALSE,FALSE,TRUE
4377,Beinn an Eoin North Top,716,34,Sim,S,Highland,189651,866061,FALSE,FALSE,FALSE,FALSE,FALSE,TRUE
4378,Ceann Beag,705,81,Sim,S,Highland,188210,864447,FALSE,FALSE,FALSE,FALSE,FALSE,TRUE
4379,Creag a' Chinn Duibh,677,113,"Hu,Sim",S,Highland,185964,862880,FALSE,FALSE,FALSE,FALSE,FALSE,TRUE
4380,Creag na Feol,642.5,31,Sim,S,Highland,194272,864136,FALSE,FALSE,FALSE,FALSE,FALSE,TRUE
4381,Beinn Bhreac,626.1,119.9,"Hu,Sim",S,Highland,183818,864082,FALSE,FALSE,FALSE,FALSE,FALSE,TRUE
4383,A' Chioch East Top,754.4,47.2,Sim,S,Highland,181208,844730,FALSE,FALSE,FALSE,FALSE,FALSE,TRUE
4384,Beinn Liath Bheag,737,62,Sim,S,Highland,198586,852792,FALSE,FALSE,FALSE,FALSE,FALSE,TRUE
4385,Glas Bheinn,730,121.4,"Hu,Sim",S,Highland,190258,844075,FALSE,FALSE,FALSE,FALSE,FALSE,TRUE
4386,Meall Gorm,710,123,"Hu,Sim",S,Highland,177906,840981,FALSE,FALSE,FALSE,FALSE,FALSE,TRUE
4387,Creag na h-Iolaire,706.5,44.6,Sim,S,Highland,189938,844397,FALSE,FALSE,FALSE,FALSE,FALSE,TRUE
4388,Sgurr na Bana-Mhoraire,686.8,101.7,"Hu,Sim",S,Highland,187011,852656,FALSE,FALSE,FALSE,FALSE,FALSE,TRUE
4389,Meall nan Ceapairean,675.9,89,Sim,S,Highland,193765,848631,FALSE,FALSE,FALSE,FALSE,FALSE,TRUE
4390,Beinn na h-Eaglaise South Top,676.3,41.5,Sim,S,Highland,190561,851796,FALSE,FALSE,FALSE,FALSE,FALSE,TRUE
4391,Meall Gorm,673.8,46.8,Sim,S,Highland,187399,852297,FALSE,FALSE,FALSE,FALSE,FALSE,TRUE
4393,Carn Dearg,677.7,82,Sim,S,Highland,178242,845012,FALSE,FALSE,FALSE,FALSE,FALSE,TRUE
4394,Sgurr Dubh South Top,662,35,Sim,S,Highland,197497,855258,FALSE,FALSE,FALSE,FALSE,FALSE,TRUE
4395,Sgurr a' Chaorachain Far North Top,652.2,33.5,Sim,S,Highland,178672,843236,FALSE,FALSE,FALSE,FALSE,FALSE,TRUE
4396,Meall Dearg,644,131.7,"Hu,Sim",S,Highland,193510,851510,FALSE,FALSE,FALSE,FALSE,FALSE,TRUE
4397,Sgurr Ruadh,761,45,Sim,S,Highland,204041,885123,FALSE,FALSE,FALSE,FALSE,FALSE,TRUE
4398,Meall Dubh,748.7,30.7,Sim,S,Highland,210256,874809,FALSE,FALSE,FALSE,FALSE,FALSE,TRUE
4399,Slioch Far South Top,739,41,Sim,S,Highland,201014,867878,FALSE,FALSE,FALSE,FALSE,FALSE,TRUE
4400,Sgurr Dubh,738,59,Sim,S,Highland,201420,867469,FALSE,FALSE,FALSE,FALSE,FALSE,TRUE
4401,Sgurr na Laocainn,721,86,Sim,S,Highland,198527,877219,FALSE,FALSE,FALSE,FALSE,FALSE,TRUE
4402,Ruadh Stac Beag,711,54,Sim,S,Highland,202677,877129,FALSE,FALSE,FALSE,FALSE,FALSE,TRUE
4403,Ruadh Stac Beag South Top,703,33,Sim,S,Highland,202917,876242,FALSE,FALSE,FALSE,FALSE,FALSE,TRUE
4404,Spidean nan Clach,703.9,35.2,Sim,S,Highland,192579,876434,FALSE,FALSE,FALSE,FALSE,FALSE,TRUE
4405,Cadhachan Riabhach,687,96,"Sim,sHu",S,Highland,201027,879011,FALSE,FALSE,FALSE,FALSE,FALSE,TRUE
4406,Meall Daimh,684,71,Sim,S,Highland,202172,869817,FALSE,FALSE,FALSE,FALSE,FALSE,TRUE
4407,Frith-mheallan,680,54,Sim,S,Highland,197945,881071,FALSE,FALSE,FALSE,FALSE,FALSE,TRUE
4408,Meallan an Laoigh,654,63,Sim,S,Highland,207050,874115,FALSE,FALSE,FALSE,FALSE,FALSE,TRUE
4409,Meall Chnaimhean,653,85,Sim,S,Highland,192035,875889,FALSE,FALSE,FALSE,FALSE,FALSE,TRUE
4410,Beinn Tharsuinn Chaol,650.2,137.2,"Hu,Sim",S,Highland,198977,874444,FALSE,FALSE,FALSE,FALSE,FALSE,TRUE
4411,Carnan Ban,653.2,55,Sim,S,Highland,199977,876482,FALSE,FALSE,FALSE,FALSE,FALSE,TRUE
4412,Beinn Tharsuinn Chaol West Top,637,44,Sim,S,Highland,198360,874834,FALSE,FALSE,FALSE,FALSE,FALSE,TRUE
4413,Creag-mheall Mor,628.2,108,"Hu,Sim",S,Highland,199311,881519,FALSE,FALSE,FALSE,FALSE,FALSE,TRUE
4414,An Sguman,739.3,37.3,Sim,S,Highland,213864,869096,FALSE,FALSE,FALSE,FALSE,FALSE,TRUE
4415,Beinn Dearg,685.6,126,"Hu,Sim",S,Highland,228129,868521,FALSE,FALSE,FALSE,FALSE,FALSE,TRUE
4416,Meall na Speireig,675.6,94,"Sim,sHu",S,Highland,230138,869767,FALSE,FALSE,FALSE,FALSE,FALSE,TRUE
4417,Beinn Liath Bheag,664,128,"Hu,Sim",S,Highland,224397,873655,FALSE,FALSE,FALSE,FALSE,FALSE,TRUE
4418,Meallan Buidhe,633,68,Sim,S,Highland,224670,869552,FALSE,FALSE,FALSE,FALSE,FALSE,TRUE
4419,Sron Liath,761,48,Sim,S,Highland,230633,876337,FALSE,FALSE,FALSE,FALSE,FALSE,TRUE
4420,An Socach,743.8,137.3,"Hu,Sim",S,Highland,237806,886814,FALSE,FALSE,FALSE,FALSE,FALSE,TRUE
4421,Tom Ban Mor,742,31,Sim,S,Highland,231789,875296,FALSE,FALSE,FALSE,FALSE,FALSE,TRUE
4422,Carn Loch Sruban Mora,736,56,Sim,S,Highland,231949,884737,FALSE,FALSE,FALSE,FALSE,FALSE,TRUE
4423,Meall nan Doireachan,712.3,35.6,Sim,S,Highland,222938,878411,FALSE,FALSE,FALSE,FALSE,FALSE,TRUE
4424,Meall nam Bradhan,679,137,"Hu,Sim",S,Highland,226732,890285,FALSE,FALSE,FALSE,FALSE,FALSE,TRUE
4425,Carn a' Choin Deirg South Top,667,35,Sim,S,Highland,239813,891418,FALSE,FALSE,FALSE,FALSE,FALSE,TRUE
4426,Carn Loch nan Eilean [Leac an Tuadh],654.9,63,Sim,S,Highland,227313,878763,FALSE,FALSE,FALSE,FALSE,FALSE,TRUE
4427,Carn Mor,648,51,Sim,S,Highland,224649,886998,FALSE,FALSE,FALSE,FALSE,FALSE,TRUE
4428,Meall Dubh,646,54,Sim,S,Highland,221488,890018,FALSE,FALSE,FALSE,FALSE,FALSE,TRUE
4429,Carn Alladale,636,72,Sim,S,Highland,240875,889813,FALSE,FALSE,FALSE,FALSE,FALSE,TRUE
4430,Meall a' Chuaille,629,108,"Hu,Sim",S,Highland,234319,882095,FALSE,FALSE,FALSE,FALSE,FALSE,TRUE
4431,Meall Leacachain,621,115,"Hu,Sim",S,Highland,224483,877052,FALSE,FALSE,FALSE,FALSE,FALSE,TRUE
4432,Carn Maire,739,31,Sim,S,Highland,248809,883833,FALSE,FALSE,FALSE,FALSE,FALSE,TRUE
4433,Tom na Caillich,705,43,Sim,S,Highland,243889,865371,FALSE,FALSE,FALSE,FALSE,FALSE,TRUE
4434,Meall na Drochaide,703.5,51.8,Sim,S,Highland,250926,869881,FALSE,FALSE,FALSE,FALSE,FALSE,TRUE
4435,Carn Feur-lochain,692,111,"Hu,Sim",S,Highland,240523,884475,FALSE,FALSE,FALSE,FALSE,FALSE,TRUE
4436,Dunan Liath,689,36,Sim,S,Highland,241065,884851,FALSE,FALSE,FALSE,FALSE,FALSE,TRUE
4437,Leaba Bhruic [Diebidale Ridge],686,117,"Hu,Sim",S,Highland,243198,883666,FALSE,FALSE,FALSE,FALSE,FALSE,TRUE
4438,Carn nan Con Ruadha,672,68,Sim,S,Highland,241426,874361,FALSE,FALSE,FALSE,FALSE,FALSE,TRUE
4439,Creag Ruadh,669.1,84,Sim,S,Highland,243677,881680,FALSE,FALSE,FALSE,FALSE,FALSE,TRUE
4440,Creachan an Fhiodha,666,32,Sim,S,Highland,249376,882862,FALSE,FALSE,FALSE,FALSE,FALSE,TRUE
4441,Cnoc an t-Sidhein Mor,659,64,Sim,S,Highland,259441,878185,FALSE,FALSE,FALSE,FALSE,FALSE,TRUE
4442,Carn Crom-loch,648,39,Sim,S,Highland,238700,882500,FALSE,FALSE,FALSE,FALSE,FALSE,TRUE
4443,Meall Beag,648,33,Sim,S,Highland,250756,875210,FALSE,FALSE,FALSE,FALSE,FALSE,TRUE
4444,Mullach Coire Preas nan Seana-char,648.8,40.3,Sim,S,Highland,244013,880956,FALSE,FALSE,FALSE,FALSE,FALSE,TRUE
4445,Carn an Lochan,646,47,Sim,S,Highland,250100,883900,FALSE,FALSE,FALSE,FALSE,FALSE,TRUE
4446,Sgor a' Chaorainn,644,77,Sim,S,Highland,246373,878126,FALSE,FALSE,FALSE,FALSE,FALSE,TRUE
4447,Queen's Cairn,643,80,Sim,S,Highland,246605,872057,FALSE,FALSE,FALSE,FALSE,FALSE,TRUE
4448,Carn Mor,639,121,"Hu,Sim",S,Highland,242165,871593,FALSE,FALSE,FALSE,FALSE,FALSE,TRUE
4449,Gob a' Chairn,637,38,Sim,S,Highland,242470,873569,FALSE,FALSE,FALSE,FALSE,FALSE,TRUE
4450,Torr Leathann,637,49,Sim,S,Highland,261365,878559,FALSE,FALSE,FALSE,FALSE,FALSE,TRUE
4451,Carn Bhrain,635.5,33.3,Sim,S,Highland,252539,887456,FALSE,FALSE,FALSE,FALSE,FALSE,TRUE
4452,Mullach Coire na Gaoitheag,631,30,Sim,S,Highland,246093,881711,FALSE,FALSE,FALSE,FALSE,FALSE,TRUE
4453,Carn Lochain Sgeireich,630.9,32.7,Sim,S,Highland,239087,884365,FALSE,FALSE,FALSE,FALSE,FALSE,TRUE
4454,Carn nan Aighean,628,62,Sim,S,Highland,238702,878416,FALSE,FALSE,FALSE,FALSE,FALSE,TRUE
4455,Meall an Tuirc,625.8,81.7,Sim,S,Highland,253962,872745,FALSE,FALSE,FALSE,FALSE,FALSE,TRUE
4456,Sgor a' Chaorainn Far West Top,625,35,Sim,S,Highland,245368,877733,FALSE,FALSE,FALSE,FALSE,FALSE,TRUE
4457,Meall na Speireig,620,42,Sim,S,Highland,249500,866100,FALSE,FALSE,FALSE,FALSE,FALSE,TRUE
4458,Sail Rac,760.8,70,Sim,S,Highland,236112,939821,FALSE,FALSE,FALSE,FALSE,FALSE,TRUE
4459,Arkle South Top,758,76,Sim,S,Highland,231024,945338,FALSE,FALSE,FALSE,FALSE,FALSE,TRUE
4460,Meall Garbh,754.4,95,"Sim,sHu",S,Highland,236905,940368,FALSE,FALSE,FALSE,FALSE,FALSE,TRUE
4461,A' Ghlaise,749.5,42.6,Sim,S,Highland,239076,937829,FALSE,FALSE,FALSE,FALSE,FALSE,TRUE
4462,Beinn Bheag,744.8,38.5,Sim,S,Highland,257626,948259,FALSE,FALSE,FALSE,FALSE,FALSE,TRUE
4463,Creagan Meall Horn,731,50,Sim,S,Highland,234524,945700,FALSE,FALSE,FALSE,FALSE,FALSE,TRUE
4464,Sail Romascaig,719,44,Sim,S,Highland,249170,948199,FALSE,FALSE,FALSE,FALSE,FALSE,TRUE
4465,Tatha nam Beann,717.1,33,Sim,S,Highland,235629,940310,FALSE,FALSE,FALSE,FALSE,FALSE,TRUE
4467,Sgor Chaonasaid,712,57,Sim,S,Highland,257958,949829,FALSE,FALSE,FALSE,FALSE,FALSE,TRUE
4468,Meallan Liath Mor,684,51,Sim,S,Highland,240628,932913,FALSE,FALSE,FALSE,FALSE,FALSE,TRUE
4469,Sgor a' Chleirich,662.4,48,Sim,S,Highland,256817,948562,FALSE,FALSE,FALSE,FALSE,FALSE,TRUE
4470,Meall a' Chleirich,627.9,107.4,"Hu,Sim",S,Highland,240736,936555,FALSE,FALSE,FALSE,FALSE,FALSE,TRUE
4471,Meall Ailein,721.6,61.8,Sim,S,Highland,261310,931465,FALSE,FALSE,FALSE,FALSE,FALSE,TRUE
4472,Meall nan Aighean,696.6,100.7,"Hu,Sim",S,Highland,268110,928864,FALSE,FALSE,FALSE,FALSE,FALSE,TRUE
4473,Creag na h-Iolaire,694.3,32.5,Sim,S,Highland,267351,928891,FALSE,FALSE,FALSE,FALSE,FALSE,TRUE
4474,Ben Uarie,623,36,Sim,S,Highland,292796,916428,FALSE,FALSE,FALSE,FALSE,FALSE,TRUE
4475,Sail Gharbh West Top,745,42,Sim,S,Highland,220091,928931,FALSE,FALSE,FALSE,FALSE,FALSE,TRUE
4476,Beinn Uidhe,741,117,"Hu,Sim",S,Highland,228173,925168,FALSE,FALSE,FALSE,FALSE,FALSE,TRUE
4477,Breabag North Top,718,85,Sim,S,Highland,229223,917984,FALSE,FALSE,FALSE,FALSE,FALSE,TRUE
4478,Meall an Aonaich [Eagle Rock],714.8,134,"Hu,Sim",S,Highland,233602,916430,FALSE,FALSE,FALSE,FALSE,FALSE,TRUE
4479,Creag na h-Iolaire Ard,714,61,Sim,S,Highland,220207,928208,FALSE,FALSE,FALSE,FALSE,FALSE,TRUE
4480,Meall nan Caorach,705.6,30.9,Sim,S,Highland,228805,922890,FALSE,FALSE,FALSE,FALSE,FALSE,TRUE
4481,Meall a' Bhraghaid,688,82,Sim,S,Highland,229815,914240,FALSE,FALSE,FALSE,FALSE,FALSE,TRUE
4482,Sail Gharbh Far West Top,687,35,Sim,S,Highland,219855,929184,FALSE,FALSE,FALSE,FALSE,FALSE,TRUE
4483,Beinn Uidhe South Top,640,33,Sim,S,Highland,228886,923565,FALSE,FALSE,FALSE,FALSE,FALSE,TRUE
4484,Sron Bod a' Mhadail,758.6,33.2,Sim,S,Highland,215296,912437,FALSE,FALSE,FALSE,FALSE,FALSE,TRUE
4485,Speicein nan Garbh-choireachan,738,59,Sim,S,Highland,208702,903628,FALSE,FALSE,FALSE,FALSE,FALSE,TRUE
4486,Meall Meadhonach,723.6,125.7,"Hu,Sim",S,Highland,216420,917825,FALSE,FALSE,FALSE,FALSE,FALSE,TRUE
4487,Speicein Coinnich,715,37,Sim,S,Highland,210761,904164,FALSE,FALSE,FALSE,FALSE,FALSE,TRUE
4488,Meall Meadhonach West Top,692,47.4,Sim,S,Highland,216156,917945,FALSE,FALSE,FALSE,FALSE,FALSE,TRUE
4489,Meall Dearg,656.9,75.3,Sim,S,Highland,214826,908738,FALSE,FALSE,FALSE,FALSE,FALSE,TRUE
4490,Meall Beag,659.7,36.4,Sim,S,Highland,216620,917716,FALSE,FALSE,FALSE,FALSE,FALSE,TRUE
4491,Beinn nan Caorach,649.1,113,"Hu,Sim",S,Highland,208044,905340,FALSE,FALSE,FALSE,FALSE,FALSE,TRUE
4492,Beinn nan Caorach North Top,646.5,50,Sim,S,Highland,208665,906059,FALSE,FALSE,FALSE,FALSE,FALSE,TRUE
4493,The Storr East Top,714.3,30.9,Sim,S,Highland,149740,854072,FALSE,FALSE,FALSE,FALSE,FALSE,TRUE
4494,Beinn Edra,611,121,"Hu,Sim",S,Highland,145570,862682,FALSE,FALSE,FALSE,FALSE,FALSE,TRUE
4495,Sgurr na h-Uamha,736,97,"Sim,sHu",S,Highland,147602,824050,FALSE,FALSE,FALSE,FALSE,FALSE,TRUE
4496,Sgurr Dubh Beag,733,37,Sim,S,Highland,146575,820431,FALSE,FALSE,FALSE,FALSE,FALSE,TRUE
4497,Sgurr nan Each,720.5,83.7,Sim,S,Highland,153734,822769,FALSE,FALSE,FALSE,FALSE,FALSE,TRUE
4498,Sgurr an Fheadain,689.2,40.6,Sim,S,Highland,145257,824516,FALSE,FALSE,FALSE,FALSE,FALSE,TRUE
4499,An Coileach,673,47,Sim,S,Highland,152439,830490,FALSE,FALSE,FALSE,FALSE,FALSE,TRUE
4500,Slat Bheinn,626.7,40.2,Sim,S,Highland,153410,820893,FALSE,FALSE,FALSE,FALSE,FALSE,TRUE
4501,Leac a' Chaisteil,759,41,Sim,S,Highland,137709,793603,FALSE,FALSE,FALSE,FALSE,FALSE,TRUE
4502,Hallival,722,123,"Hu,Sim",S,Highland,139531,796266,FALSE,FALSE,FALSE,FALSE,FALSE,TRUE
4503,Mainnir nam Fiadh,757,53,Sim,S,Argyll and Bute,167617,735350,FALSE,FALSE,FALSE,FALSE,FALSE,TRUE
4504,Cnap nan Gobhar,715.4,33.7,Sim,S,Argyll and Bute,160502,727495,FALSE,FALSE,FALSE,FALSE,FALSE,TRUE
4505,Beinn Thunicaraidh [Beinn Thunacaraidh],648,34,Sim,S,Argyll and Bute,166066,736876,FALSE,FALSE,FALSE,FALSE,FALSE,TRUE
4506,Beinn Mheadhon [Beinn Mheadhan],637,69,Sim,S,Argyll and Bute,165482,737883,FALSE,FALSE,FALSE,FALSE,FALSE,TRUE
4507,Diollaid Mhor,752.8,117.6,"Hu,Sim",S,Highland,180723,779474,FALSE,FALSE,FALSE,FALSE,FALSE,TRUE
4509,Diollaid Bheag,666.9,54.9,Sim,S,Highland,181167,780249,FALSE,FALSE,FALSE,FALSE,FALSE,TRUE
4510,Meall nan Creag Leac,755,44,Sim,S,Highland,186084,774676,FALSE,FALSE,FALSE,FALSE,FALSE,TRUE
4511,Sgurr na h-Eanchainne,730.8,91.4,"Sim,sHu",S,Highland,199636,765846,FALSE,FALSE,FALSE,FALSE,FALSE,TRUE
4512,Meall nan Damh West Top,723,39.5,Sim,S,Highland,191115,774652,FALSE,FALSE,FALSE,FALSE,FALSE,TRUE
4513,Sgurr an Iubhair,722,67,Sim,S,Highland,200129,772000,FALSE,FALSE,FALSE,FALSE,FALSE,TRUE
4514,Stob a' Chuir,717,66,Sim,S,Highland,190377,771818,FALSE,FALSE,FALSE,FALSE,FALSE,TRUE
4515,Stob Mhic Bheathain West Top,706,45,Sim,S,Highland,191036,771655,FALSE,FALSE,FALSE,FALSE,FALSE,TRUE
4516,Teanga Chorrach,701,50,Sim,S,Highland,186527,772344,FALSE,FALSE,FALSE,FALSE,FALSE,TRUE
4517,Beinn Bheag West Top,696.9,38.3,Sim,S,Highland,190657,763465,FALSE,FALSE,FALSE,FALSE,FALSE,TRUE
4518,Meall a' Chuilinn South Top,687,31,Sim,S,Highland,189192,761407,FALSE,FALSE,FALSE,FALSE,FALSE,TRUE
4519,Sgorr nan Cearc,668,90,"Sim,sHu",S,Highland,189827,777221,FALSE,FALSE,FALSE,FALSE,FALSE,TRUE
4520,Meall Doire na Mnatha,640,33,Sim,S,Highland,189582,777003,FALSE,FALSE,FALSE,FALSE,FALSE,TRUE
4521,Meall a' Choire Chruinn,634,40,Sim,S,Highland,187961,776241,FALSE,FALSE,FALSE,FALSE,FALSE,TRUE
4522,Druim Min,627.4,40.6,Sim,S,Highland,188952,763331,FALSE,FALSE,FALSE,FALSE,FALSE,TRUE
4523,Sgurr na Laire,624,47,Sim,S,Highland,189820,765495,FALSE,FALSE,FALSE,FALSE,FALSE,TRUE
4524,Beinn an Albannaich,618.5,42,Sim,S,Highland,176274,764835,FALSE,FALSE,FALSE,FALSE,FALSE,TRUE
4525,Maol Odhar East Top,715,42,Sim,S,Highland,189117,758061,FALSE,FALSE,FALSE,FALSE,FALSE,TRUE
4526,Beul Choire nan Each,702,53,Sim,S,Highland,180215,750735,FALSE,FALSE,FALSE,FALSE,FALSE,TRUE
4527,Glas Bheinn,642,59,Sim,S,Highland,183387,756629,FALSE,FALSE,FALSE,FALSE,FALSE,TRUE
4528,Glas Bheinn North Top,626,37,Sim,S,Highland,183685,757535,FALSE,FALSE,FALSE,FALSE,FALSE,TRUE
4529,Beinn an t-Seilich,719,134,"Hu,Sim",S,Argyll and Bute,220000,707900,FALSE,FALSE,FALSE,FALSE,FALSE,TRUE
4530,Sgurr a' Choinnich,661,109,"Hu,Sim",S,Argyll and Bute,215926,695656,FALSE,FALSE,FALSE,FALSE,FALSE,TRUE
4531,Creachan Mor,657,112,"Hu,Sim",S,Argyll and Bute,218667,691661,FALSE,FALSE,FALSE,FALSE,FALSE,TRUE
4532,Beinn Reithe,656.2,131.7,"Hu,Sim",S,Argyll and Bute,222936,698581,FALSE,FALSE,FALSE,FALSE,FALSE,TRUE
4533,Beinn Dubhain,649,90,"Sim,sHu",S,Argyll and Bute,214339,697290,FALSE,FALSE,FALSE,FALSE,FALSE,TRUE
4534,Cruach Eighrach,649,30,Sim,S,Argyll and Bute,218181,692073,FALSE,FALSE,FALSE,FALSE,FALSE,TRUE
4536,Clach Bheinn,643,128,"Hu,Sim",S,Argyll and Bute,212620,688652,FALSE,FALSE,FALSE,FALSE,FALSE,TRUE
4537,Cruach a' Bhuic,635,70,Sim,S,Argyll and Bute,216966,693532,FALSE,FALSE,FALSE,FALSE,FALSE,TRUE
4538,Carnach Mor,634,80,Sim,S,Argyll and Bute,214061,699192,FALSE,FALSE,FALSE,FALSE,FALSE,TRUE
4539,Beinn Bhreac,623,38,Sim,S,Argyll and Bute,216282,694038,FALSE,FALSE,FALSE,FALSE,FALSE,TRUE
4540,Beinn Tharsuinn,619.2,105.9,"Hu,Sim",S,Argyll and Bute,216491,701677,FALSE,FALSE,FALSE,FALSE,FALSE,TRUE
4541,Caisteal Abhail East Top,759.9,34,Sim,S,North Ayrshire,197482,644346,FALSE,FALSE,FALSE,FALSE,FALSE,TRUE
4542,A' Chir,745.8,113.6,"Hu,Sim",S,North Ayrshire,196663,642161,FALSE,FALSE,FALSE,FALSE,FALSE,TRUE
4543,Torr Ceum na Caillich,727.2,49,Sim,S,North Ayrshire,197694,644324,FALSE,FALSE,FALSE,FALSE,FALSE,TRUE
4544,Casteal na h-Iolaire,715.2,63.1,Sim,S,North Ayrshire,189726,642261,FALSE,FALSE,FALSE,FALSE,FALSE,TRUE
4545,Beinn Bhreac,711.6,139.1,"Hu,Sim",S,North Ayrshire,190692,644248,FALSE,FALSE,FALSE,FALSE,FALSE,TRUE
4546,Beinn a' Chliabhain,675,81,Sim,S,North Ayrshire,197041,640736,FALSE,FALSE,FALSE,FALSE,FALSE,TRUE
4547,Suidhe Fhearghas,659.9,83.6,Sim,S,North Ayrshire,198607,645178,FALSE,FALSE,FALSE,FALSE,FALSE,TRUE
4548,Cairnagour Hill,743,80,Sim,S,Aberdeenshire,332546,805681,FALSE,FALSE,FALSE,FALSE,FALSE,TRUE
4549,Little Geal Charn,742.3,49.1,Sim,S,Aberdeenshire/Moray,329846,819684,FALSE,FALSE,FALSE,FALSE,FALSE,TRUE
4550,The Socach,718.4,87,Sim,S,Aberdeenshire,327912,814596,FALSE,FALSE,FALSE,FALSE,FALSE,TRUE
4551,Carn Tuairneir,694.9,53.4,Sim,S,Highland,309902,823350,FALSE,FALSE,FALSE,FALSE,FALSE,TRUE
4552,Carn na Bruar,683.2,102.5,"Hu,Sim",S,Moray,329065,825675,FALSE,FALSE,FALSE,FALSE,FALSE,TRUE
4553,Mullachdubh,681,60,Sim,S,Aberdeenshire,335398,805701,FALSE,FALSE,FALSE,FALSE,FALSE,TRUE
4554,Geal Charn,672.9,111,"Hu,Sim",S,Aberdeenshire,328411,810913,FALSE,FALSE,FALSE,FALSE,FALSE,TRUE
4555,Round Hill,668,37.3,Sim,S,Moray,330596,822663,FALSE,FALSE,FALSE,FALSE,FALSE,TRUE
4556,Moss Hill,659,82,Sim,S,Aberdeenshire,331556,817393,FALSE,FALSE,FALSE,FALSE,FALSE,TRUE
4557,Carn a' Bhodaich,656.3,50.3,Sim,S,Moray,326007,828646,FALSE,FALSE,FALSE,FALSE,FALSE,TRUE
4558,Cairn Vachich,652.2,32.2,Sim,S,Aberdeenshire,326947,811539,FALSE,FALSE,FALSE,FALSE,FALSE,TRUE
4559,Creag an Sgor,640.8,83,Sim,S,Aberdeenshire,337386,819641,FALSE,FALSE,FALSE,FALSE,FALSE,TRUE
4560,Tom Liath,638,54,Sim,S,Aberdeenshire,333166,804133,FALSE,FALSE,FALSE,FALSE,FALSE,TRUE
4561,Dubh Breac Hill,634.4,34.7,Sim,S,Aberdeenshire,329613,815257,FALSE,FALSE,FALSE,FALSE,FALSE,TRUE
4562,Creag an Eunan,632.3,38.7,Sim,S,Aberdeenshire,338625,819087,FALSE,FALSE,FALSE,FALSE,FALSE,TRUE
4563,Hill of Three Stones,631.4,76.3,Sim,S,Moray,334965,822600,FALSE,FALSE,FALSE,FALSE,FALSE,TRUE
4564,Cairnbrallan,619,36,Sim,S,Moray,333219,824523,FALSE,FALSE,FALSE,FALSE,FALSE,TRUE
4565,Finlate Hill,617,45,Sim,S,Aberdeenshire,329241,817847,FALSE,FALSE,FALSE,FALSE,FALSE,TRUE
4566,Mulla bho Dheas [Mulla-Fo-Dheas],743.2,137.6,"Hu,Sim",S,Na h-Eileanan Siar [Western Isles],114318,907625,FALSE,FALSE,FALSE,FALSE,FALSE,TRUE
4567,Mulla bho Thuath [Mulla-Fo-Thuath],719.9,75.1,Sim,S,Na h-Eileanan Siar [Western Isles],114021,908416,FALSE,FALSE,FALSE,FALSE,FALSE,TRUE
4568,Teileasbhal [Teileasval],697,137,"Hu,Sim",S,Na h-Eileanan Siar [Western Isles],112598,909086,FALSE,FALSE,FALSE,FALSE,FALSE,TRUE
4569,Ulabhal,659,95,"Sim,sHu",S,Na h-Eileanan Siar [Western Isles],108587,911405,FALSE,FALSE,FALSE,FALSE,FALSE,TRUE
4570,Mullach an Langa,614,39,Sim,S,Na h-Eileanan Siar [Western Isles],114323,909456,FALSE,FALSE,FALSE,FALSE,FALSE,TRUE
4571,Monadh nam Mial,603.7,109,"Hu,Sim",S,Perth and Kinross,286683,744208,FALSE,FALSE,FALSE,FALSE,FALSE,TRUE
4604,Eskielawn,607.2,123.1,"Hu,Sim",S,Angus,327351,766464,FALSE,FALSE,FALSE,FALSE,FALSE,TRUE
4621,Creag Ghiuthsachan,604.2,100.8,"Hu,Sim",S,Highland,286046,799979,FALSE,FALSE,FALSE,FALSE,FALSE,TRUE
4779,Creag a' Lain,608.6,114,"Hu,Sim",S,Highland,146415,858610,FALSE,FALSE,FALSE,FALSE,FALSE,TRUE
4808,Beinn a' Mheadhoin [Beinn a' Mheadhain],602.5,138,"Hu,Sim",S,Argyll and Bute,158677,731315,FALSE,FALSE,FALSE,FALSE,FALSE,TRUE
4881,Crannach Hill,600.1,133.3,"Hu,Sim",S,Aberdeenshire,338380,800768,FALSE,FALSE,FALSE,FALSE,FALSE,TRUE
5080,Dunslair Heights,602,122,"Hu,Sim,DDew",S,Scottish Borders,328768,643624,FALSE,FALSE,FALSE,FALSE,FALSE,TRUE
5273,Mynydd y Grug,374.2,204.3,"Ma,3",W,Caerphilly,317760,190662,FALSE,FALSE,FALSE,FALSE,TRUE,FALSE
5603,Fan Brycheiniog - Twr y Fan Foel,802.5,424,"Ma,Sim,Hew,N",W,Powys,282434,222060,FALSE,FALSE,TRUE,TRUE,TRUE,TRUE
5645,Sron Mhor,648.4,32.4,Sim,S,Stirling,264198,727249,FALSE,FALSE,FALSE,FALSE,FALSE,TRUE
5650,Am Bacan North Top,607.6,33.4,Sim,S,Stirling,260537,730161,FALSE,FALSE,FALSE,FALSE,FALSE,TRUE
5651,Creag nan Gabhar,608,41,Sim,S,Perth and Kinross,287979,739903,FALSE,FALSE,FALSE,FALSE,FALSE,TRUE
5652,Am Bacan South Top,605.8,31.9,Sim,S,Stirling,260456,729156,FALSE,FALSE,FALSE,FALSE,FALSE,TRUE
5653,Meall a' Choire Chreagaich East Top,606.3,31.2,Sim,S,Perth and Kinross,280371,741137,FALSE,FALSE,FALSE,FALSE,FALSE,TRUE
5721,Creag na h-Iolaire,834.9,30.2,Sim,S,Stirling,242730,715385,FALSE,FALSE,FALSE,FALSE,FALSE,TRUE
5729,Stob Glas,710.5,30.9,Sim,S,Stirling,236564,720021,FALSE,FALSE,FALSE,FALSE,FALSE,TRUE
5738,Meall an Lochain,661.8,30.3,Sim,S,Stirling,251177,723718,FALSE,FALSE,FALSE,FALSE,FALSE,TRUE
5745,Creag na h-Iolaire [Meall Reamhar North Top],619.3,31.8,Sim,S,Stirling,256187,725714,FALSE,FALSE,FALSE,FALSE,FALSE,TRUE
5748,Meall Gaothach,606,37,Sim,S,Stirling,245793,713560,FALSE,FALSE,FALSE,FALSE,FALSE,TRUE
5749,Stuc Odhar South Top,603,38,Sim,S,Stirling,255745,707981,FALSE,FALSE,FALSE,FALSE,FALSE,TRUE
5787,Ben Vane Far North Top,751.9,31,Sim,S,Argyll and Bute,227416,710998,FALSE,FALSE,FALSE,FALSE,FALSE,TRUE
5792,Meall Beag,608.6,52.9,Sim,S,Argyll and Bute,223299,712983,FALSE,FALSE,FALSE,FALSE,FALSE,TRUE
5793,Maol Meadhonach,604.4,65.8,Sim,S,Argyll and Bute,224551,714615,FALSE,FALSE,FALSE,FALSE,FALSE,TRUE
5812,Meallanan Odhar,756.6,30.8,Sim,S,Perth and Kinross,267928,753130,FALSE,FALSE,FALSE,FALSE,FALSE,TRUE
5819,Meall nam Maigheach North Top,650.9,30.4,Sim,S,Perth and Kinross,256181,751074,FALSE,FALSE,FALSE,FALSE,FALSE,TRUE
5843,Cam-Chreag,892.5,31.3,"Sim,HHB",S,Perth and Kinross/Stirling,252479,739834,FALSE,FALSE,FALSE,FALSE,FALSE,TRUE
5857,Meall Clachach,602.7,65,Sim,S,Stirling,254329,732743,FALSE,FALSE,FALSE,FALSE,FALSE,TRUE
5874,Sgorr Dhonuill Far West Top,734.2,30.9,Sim,S,Highland,202447,756529,FALSE,FALSE,FALSE,FALSE,FALSE,TRUE
5925,Creag Dhubh,604,33,Sim,S,Highland,237850,777020,FALSE,FALSE,FALSE,FALSE,FALSE,TRUE
5953,Meall Dubh,607.9,43.6,Sim,S,Perth and Kinross,265434,760069,FALSE,FALSE,FALSE,FALSE,FALSE,TRUE
5970,Druim nan Sac West Top,603.8,62.4,Sim,S,Highland,269150,789850,FALSE,FALSE,FALSE,FALSE,FALSE,TRUE
5982,Carn Dearg,792.1,33.1,Sim,S,Highland,281287,790482,FALSE,FALSE,FALSE,FALSE,FALSE,TRUE
5985,An Sgarsoch Far East Top,756.5,36,Sim,S,Aberdeenshire,296152,785131,FALSE,FALSE,FALSE,FALSE,FALSE,TRUE
6006,Carn Bhac South Top,817.5,30.5,Sim,S,Perth and Kinross,304216,780940,FALSE,FALSE,FALSE,FALSE,FALSE,TRUE
6020,Gurlet,609,50,Sim,S,Perth and Kinross,299856,764828,FALSE,FALSE,FALSE,FALSE,FALSE,TRUE
6021,Bad an Tuirc,605,63,Sim,S,Perth and Kinross,301834,767075,FALSE,FALSE,FALSE,FALSE,FALSE,TRUE
6054,Carn Ait,864.7,32,"Sim,HHB",S,Angus/Perth and Kinross,314289,773413,FALSE,FALSE,FALSE,FALSE,FALSE,TRUE
6075,Cnap a' Choire Bhuidhe,604.9,79,Sim,S,Aberdeenshire,322847,789965,FALSE,FALSE,FALSE,FALSE,FALSE,TRUE
6076,Creag nan Gall,601.1,82,Sim,S,Aberdeenshire,326833,791562,FALSE,FALSE,FALSE,FALSE,FALSE,TRUE
6117,Bulg,607,90,"Sim,sHu",S,Angus,354392,776150,FALSE,FALSE,FALSE,FALSE,FALSE,TRUE
6118,Knockie Branar,606,40,Sim,S,Aberdeenshire,340131,792809,FALSE,FALSE,FALSE,FALSE,FALSE,TRUE
6120,Hill of Mondurran,602.3,70.4,Sim,S,Angus,346217,770054,FALSE,FALSE,FALSE,FALSE,FALSE,TRUE
6122,Pannanich Hill,601.4,45.7,Sim,S,Aberdeenshire,339257,794382,FALSE,FALSE,FALSE,FALSE,FALSE,TRUE
6154,Carn Ban Mor West Top,783,30.8,Sim,S,Highland,287528,797972,FALSE,FALSE,FALSE,FALSE,FALSE,TRUE
6169,Little Garvoun,721.4,31.4,Sim,S,Moray,313257,809049,FALSE,FALSE,FALSE,FALSE,FALSE,TRUE
6181,Carn Mor,604.7,57.8,Sim,S,Aberdeenshire,326110,807058,FALSE,FALSE,FALSE,FALSE,FALSE,TRUE
6203,Cnapan a' Choire Odhair Mhoir,602.7,36.1,Sim,S,Highland,290475,829944,FALSE,FALSE,FALSE,FALSE,FALSE,TRUE
6233,Carn na Criche,876.1,33.3,"Sim,HHB",S,Highland,257664,800900,FALSE,FALSE,FALSE,FALSE,FALSE,TRUE
6264,Sith Mor,650.2,30.9,Sim,S,Highland,271392,817253,FALSE,FALSE,FALSE,FALSE,FALSE,TRUE
6269,Carn Choire Odhair,608.8,88,Sim,S,Highland,275185,828382,FALSE,FALSE,FALSE,FALSE,FALSE,TRUE
6270,Meall an Domhnaich,608.1,56,Sim,S,Highland,253659,795322,FALSE,FALSE,FALSE,FALSE,FALSE,TRUE
6271,Carn Ruigh na Creadha,604,91,"Sim,sHu",S,Highland,253130,813171,FALSE,FALSE,FALSE,FALSE,FALSE,TRUE
6272,Carn na Saobhaidhe,604,41,Sim,S,Highland,255380,814105,FALSE,FALSE,FALSE,FALSE,FALSE,TRUE
6275,Beinn Bhreac,600.5,33.5,Sim,S,Highland,275746,827620,FALSE,FALSE,FALSE,FALSE,FALSE,TRUE
6340,Meall Bhaideanach,605.9,30.8,Sim,S,Highland,239087,783038,FALSE,FALSE,FALSE,FALSE,FALSE,TRUE
6358,Meall an Uillt Bhain,607.2,37.6,Sim,S,Highland,197164,805638,FALSE,FALSE,FALSE,FALSE,FALSE,TRUE
6375,Sgurr a' Choire-bheithe East Top,876.5,31.7,"Sim,HHB",S,Highland,190013,801256,FALSE,FALSE,FALSE,FALSE,FALSE,TRUE
6381,Meall Coire na Gaoithe'n Ear,801.3,30.6,Sim,S,Highland,186765,799783,FALSE,FALSE,FALSE,FALSE,FALSE,TRUE
6407,Carn Dubh,604,47,Sim,S,Highland,214062,794472,FALSE,FALSE,FALSE,FALSE,FALSE,TRUE
6480,Carn na Ruighe Duibhe,613,67.7,Sim,S,Highland,237596,824016,FALSE,FALSE,FALSE,FALSE,FALSE,TRUE
6637,Cuirn Liatha,601,34,Sim,S,Highland,198641,854150,FALSE,FALSE,FALSE,FALSE,FALSE,TRUE
6663,Beinn a' Chlaidheimh South Top,813.8,31.5,Sim,S,Highland,206007,876733,FALSE,FALSE,FALSE,FALSE,FALSE,TRUE
6672,Creag Mhor a' Bhinnein,609,64,Sim,S,Highland,203500,877600,FALSE,FALSE,FALSE,FALSE,FALSE,TRUE
6673,Beinn Tharsuinn Chaol Far West Top,604.7,32.2,Sim,S,Highland,198030,875119,FALSE,FALSE,FALSE,FALSE,FALSE,TRUE
6674,Meall an t-Sithe,601.2,93,"Sim,sHu",S,Highland,214099,876502,FALSE,FALSE,FALSE,FALSE,FALSE,TRUE
6699,Meall Mhic Iomhair,607.1,95.8,"Sim,sHu",S,Highland,231666,867392,FALSE,FALSE,FALSE,FALSE,FALSE,TRUE
6744,Carn Cas nan Gabhar,605,81,Sim,S,Highland,252610,880695,FALSE,FALSE,FALSE,FALSE,FALSE,TRUE
6780,Creachan Thormaid,605.7,51.3,Sim,S,Highland,234553,943819,FALSE,FALSE,FALSE,FALSE,FALSE,TRUE
6797,Sron Gharbh,609,80,Sim,S,Highland,305400,926600,FALSE,FALSE,FALSE,FALSE,FALSE,TRUE
6855,Caisteal a' Garbh-Choire,829.8,31.7,"Sim,HHB",S,Highland,145432,820223,FALSE,FALSE,FALSE,FALSE,FALSE,TRUE
6866,Cruachan Beag,600.8,34.5,Sim,S,Argyll and Bute,157821,733878,FALSE,FALSE,FALSE,FALSE,FALSE,TRUE
6887,Sgurr a' Mheadhain,607.6,40.1,Sim,S,Highland,174828,776584,FALSE,FALSE,FALSE,FALSE,FALSE,TRUE
6913,Meall na Greine,606.6,39,Sim,S,Highland,179959,752726,FALSE,FALSE,FALSE,FALSE,FALSE,TRUE
6962,Cruach Fhiarach,645.4,31.4,Sim,S,Argyll and Bute,225635,702927,FALSE,FALSE,FALSE,FALSE,FALSE,TRUE
6964,Cnoc na Tri Criche,606,33,Sim,S,Argyll and Bute,216689,696697,FALSE,FALSE,FALSE,FALSE,FALSE,TRUE
6965,Creag a' Chanuill,602.1,56.7,Sim,S,Argyll and Bute,210587,684345,FALSE,FALSE,FALSE,FALSE,FALSE,TRUE
6999,Meall Donn,653.2,30.4,Sim,S,North Ayrshire,190602,645070,FALSE,FALSE,FALSE,FALSE,FALSE,TRUE
7011,Scaut Hill,607,33,Sim,S,Moray,333500,831400,FALSE,FALSE,FALSE,FALSE,FALSE,TRUE
7012,Culblean Hill,604.9,94,"Sim,sHu",S,Aberdeenshire,339847,800765,FALSE,FALSE,FALSE,FALSE,FALSE,TRUE
7124,Cairnmorris Hill,606.1,37.7,"Sim,DDew",S,Perth and Kinross,293378,701668,FALSE,FALSE,FALSE,FALSE,FALSE,TRUE
7170,Scars of Milldown,602.9,31.3,"Sim,DDew",S,Dumfries and Galloway,244758,576883,FALSE,FALSE,FALSE,FALSE,FALSE,TRUE
7171,Millfore Hill,602.6,83,"Sim,DDew",S,Dumfries and Galloway,250719,570077,FALSE,FALSE,FALSE,FALSE,FALSE,TRUE
7203,Hare Hill,600.6,75,"Sim,DDew",S,East Ayrshire,265485,609788,FALSE,FALSE,FALSE,FALSE,FALSE,TRUE
7350,Wylies Hill,608.4,32.4,"Sim,DDew",S,Scottish Borders,316042,621506,FALSE,FALSE,FALSE,FALSE,FALSE,TRUE
7351,Nowtrig Head,607.8,31,"Sim,DDew",S,Dumfries and Galloway/Scottish Borders,317566,611683,FALSE,FALSE,FALSE,FALSE,FALSE,TRUE
7352,Watch Knowe,605,78,"Sim,DDew",S,Dumfries and Galloway/Scottish Borders,318377,616051,FALSE,FALSE,FALSE,FALSE,FALSE,TRUE
13420,White Hill,249.7,164.4,"Ma,2",S,Dumfries and Galloway,303836,583333,FALSE,FALSE,FALSE,FALSE,TRUE,FALSE
19199,Druim Fiaclach East Top,829.3,30.9,Sim,S,Highland,179912,779001,FALSE,FALSE,FALSE,FALSE,FALSE,TRUE
19345,Sron an Duin,197,197,"Ma,1,SIB",S,Na h-Eileanan Siar [Western Isles],54860,780240,FALSE,FALSE,FALSE,FALSE,TRUE,FALSE
19413,Foel Cedig,667.5,180.1,"Ma,Sim,Hew,N",W,Gwynedd,298171,328328,FALSE,FALSE,TRUE,TRUE,TRUE,TRUE
19664,Meall nan Ruag,618.4,33.3,Sim,S,Perth and Kinross,246485,750699,FALSE,FALSE,FALSE,FALSE,FALSE,TRUE
